01/12/25 03:02:48 ******************************************************
01/12/25 03:02:48 ** condor_scheduniv_exec.7.0 (CONDOR_DAGMAN) STARTING UP
01/12/25 03:02:48 ** /usr/bin/condor_dagman
01/12/25 03:02:48 ** SubsystemInfo: name=DAGMAN type=DAGMAN(9) class=CLIENT(2)
01/12/25 03:02:48 ** Configuration: subsystem:DAGMAN local:<NONE> class:CLIENT
01/12/25 03:02:48 ** $CondorVersion: 23.10.19 2025-01-03 BuildID: 777890 PackageID: 23.10.19-1+ubu24 GitSHA: 91176a00 $
01/12/25 03:02:48 ** $CondorPlatform: X86_64-Ubuntu_24.04 $
01/12/25 03:02:48 ** PID = 1407 RealUID = 1000
01/12/25 03:02:48 ** Log last touched time unavailable (No such file or directory)
01/12/25 03:02:48 ******************************************************
01/12/25 03:02:48 Using config source: /etc/condor/condor_config
01/12/25 03:02:48 Using local config sources: 
01/12/25 03:02:48    /etc/condor/config.d/00-security
01/12/25 03:02:48    /etc/condor/config.d/01-submit.config
01/12/25 03:02:48    /etc/condor/config.d/10-stash-plugin.conf
01/12/25 03:02:48    /etc/condor/condor_config.local
01/12/25 03:02:48 config Macros = 75, Sorted = 75, StringBytes = 2324, TablesBytes = 2764
01/12/25 03:02:48 CLASSAD_CACHING is ENABLED
01/12/25 03:02:48 Daemon Log is logging: D_ALWAYS D_ERROR D_STATUS
01/12/25 03:02:48 DaemonCore: No command port requested.
01/12/25 03:02:48 DAGMAN_USE_STRICT setting: 1
01/12/25 03:02:48 DAGMAN_VERBOSITY setting: 3
01/12/25 03:02:48 DAGMAN_DEBUG_CACHE_SIZE setting: 5242880
01/12/25 03:02:48 DAGMAN_DEBUG_CACHE_ENABLE setting: False
01/12/25 03:02:48 DAGMAN_SUBMIT_DELAY setting: 0
01/12/25 03:02:48 DAGMAN_MAX_SUBMIT_ATTEMPTS setting: 6
01/12/25 03:02:48 DAGMAN_STARTUP_CYCLE_DETECT setting: False
01/12/25 03:02:48 DAGMAN_MAX_SUBMITS_PER_INTERVAL setting: 100
01/12/25 03:02:48 DAGMAN_AGGRESSIVE_SUBMIT setting: False
01/12/25 03:02:48 DAGMAN_USER_LOG_SCAN_INTERVAL setting: 5
01/12/25 03:02:48 DAGMAN_QUEUE_UPDATE_INTERVAL setting: 300
01/12/25 03:02:48 DAGMAN_DEFAULT_PRIORITY setting: 0
01/12/25 03:02:48 DAGMAN_SUPPRESS_NOTIFICATION setting: False
01/12/25 03:02:48 allow_events (DAGMAN_ALLOW_EVENTS) setting: 114
01/12/25 03:02:48 DAGMAN_RETRY_SUBMIT_FIRST setting: True
01/12/25 03:02:48 DAGMAN_RETRY_NODE_FIRST setting: False
01/12/25 03:02:48 DAGMAN_MAX_JOBS_IDLE setting: 1000
01/12/25 03:02:48 DAGMAN_MAX_JOBS_SUBMITTED setting: 0
01/12/25 03:02:48 DAGMAN_MAX_PRE_SCRIPTS setting: 20
01/12/25 03:02:48 DAGMAN_MAX_POST_SCRIPTS setting: 20
01/12/25 03:02:48 DAGMAN_MAX_HOLD_SCRIPTS setting: 20
01/12/25 03:02:48 DAGMAN_MUNGE_NODE_NAMES setting: True
01/12/25 03:02:48 DAGMAN_PROHIBIT_MULTI_JOBS setting: False
01/12/25 03:02:48 DAGMAN_SUBMIT_DEPTH_FIRST setting: False
01/12/25 03:02:48 DAGMAN_ALWAYS_RUN_POST setting: False
01/12/25 03:02:48 DAGMAN_CONDOR_SUBMIT_EXE setting: /usr/bin/condor_submit
01/12/25 03:02:48 DAGMAN_CONDOR_RM_EXE setting: /usr/bin/condor_rm
01/12/25 03:02:48 DAGMAN_USE_DIRECT_SUBMIT setting: True
01/12/25 03:02:48 DAGMAN_PRODUCE_JOB_CREDENTIALS setting: True
01/12/25 03:02:48 DAGMAN_DEFAULT_APPEND_VARS setting: False
01/12/25 03:02:48 DAGMAN_INHERIT_ATTRS_PREFIX setting: 
01/12/25 03:02:48 DAGMAN_INHERIT_ATTRS setting: 
01/12/25 03:02:48 DAGMAN_ABORT_DUPLICATES setting: True
01/12/25 03:02:48 DAGMAN_ABORT_ON_SCARY_SUBMIT setting: True
01/12/25 03:02:48 DAGMAN_PENDING_REPORT_INTERVAL setting: 600
01/12/25 03:02:48 DAGMAN_CHECK_QUEUE_INTERVAL setting: 28800
01/12/25 03:02:48 DAGMAN_AUTO_RESCUE setting: True
01/12/25 03:02:48 DAGMAN_MAX_RESCUE_NUM setting: 100
01/12/25 03:02:48 DAGMAN_WRITE_PARTIAL_RESCUE setting: True
01/12/25 03:02:48 DAGMAN_DEFAULT_NODE_LOG setting: @(DAG_DIR)/@(DAG_FILE).nodes.log
01/12/25 03:02:48 DAGMAN_GENERATE_SUBDAG_SUBMITS setting: True
01/12/25 03:02:48 DAGMAN_MAX_JOB_HOLDS setting: 100
01/12/25 03:02:48 DAGMAN_HOLD_CLAIM_TIME setting: 20
01/12/25 03:02:48 DAGMAN_SUPPRESS_JOB_LOGS setting: False
01/12/25 03:02:48 DAGMAN_REMOVE_NODE_JOBS setting: True
01/12/25 03:02:48 DAGMAN_REMOVE_JOBS_AFTER_LIMIT_CHANGE setting: False
01/12/25 03:02:48 DAGMAN will adjust edges after parsing
01/12/25 03:02:48 argv[0] == "condor_scheduniv_exec.7.0"
01/12/25 03:02:48 argv[1] == "-Lockfile"
01/12/25 03:02:48 argv[2] == "dagman.dag.lock"
01/12/25 03:02:49 argv[3] == "-Dag"
01/12/25 03:02:49 argv[4] == "dagman.dag"
01/12/25 03:02:49 argv[5] == "-MaxIdle"
01/12/25 03:02:49 argv[6] == "1000"
01/12/25 03:02:49 argv[7] == "-CsdVersion"
01/12/25 03:02:49 argv[8] == "$CondorVersion: 23.10.19 2025-01-03 BuildID: 777890 PackageID: 23.10.19-1+ubu24 GitSHA: 91176a00 $"
01/12/25 03:02:49 argv[9] == "-dagman"
01/12/25 03:02:49 argv[10] == "/usr/bin/condor_dagman"
01/12/25 03:02:49 argv[11] == "-AutoRescue"
01/12/25 03:02:49 argv[12] == "1"
01/12/25 03:02:49 argv[13] == "-DoRescueFrom"
01/12/25 03:02:49 argv[14] == "0"
01/12/25 03:02:49 Can't open directory "/etc/condor/passwords.d" as PRIV_ROOT, errno: 13 (Permission denied)
01/12/25 03:02:49 Can't open directory "/etc/condor/passwords.d" as PRIV_ROOT, errno: 13 (Permission denied)
01/12/25 03:02:49 Workflow batch-id: <7.0>
01/12/25 03:02:49 Workflow batch-name: <dagman.dag+7>
01/12/25 03:02:49 Workflow accounting_group: <>
01/12/25 03:02:49 Workflow accounting_group_user: <>
01/12/25 03:02:49 Warning: failed to get attribute DAGNodeName
01/12/25 03:02:49 DAGMAN_LOG_ON_NFS_IS_ERROR setting: False
01/12/25 03:02:49 Default node log file is: </home/ubuntu/wqd7008_group_project/./dagman.dag.nodes.log>
01/12/25 03:02:49 DAG Lockfile will be written to dagman.dag.lock
01/12/25 03:02:49 DAG Input file is dagman.dag
01/12/25 03:02:49 Parsing 1 dagfiles
01/12/25 03:02:49 Parsing dagman.dag ...
01/12/25 03:02:49 Adjusting edges
01/12/25 03:02:49 Dag contains 4 total nodes
01/12/25 03:02:49 Bootstrapping...
01/12/25 03:02:49 Number of pre-completed nodes: 0
01/12/25 03:02:49 MultiLogFiles: truncating log file /home/ubuntu/wqd7008_group_project/./dagman.dag.nodes.log
01/12/25 03:02:49 DAG status: 0 (DAG_STATUS_OK)
01/12/25 03:02:49 Of 4 nodes total:
01/12/25 03:02:49  Done     Pre   Queued    Post   Ready   Un-Ready   Failed   Futile
01/12/25 03:02:49   ===     ===      ===     ===     ===        ===      ===      ===
01/12/25 03:02:49     0       0        0       0       4          0        0        0
01/12/25 03:02:49 0 job proc(s) currently held
01/12/25 03:02:49 DAGMan Runtime Statistics: [EventCycleTimeCount = 0.0; EventCycleTimeSum = 0.0; LogProcessCycleTimeCount = 0.0; LogProcessCycleTimeSum = 0.0; SleepCycleTimeCount = 0.0; SleepCycleTimeSum = 0.0; SubmitCycleTimeCount = 0.0; SubmitCycleTimeSum = 0.0; ]
01/12/25 03:02:49 Registering condor_event_timer...
01/12/25 03:02:50 Submitting HTCondor Node ImportJob job(s)...
01/12/25 03:02:50 Submitting node ImportJob from file import.sub using direct job submission
01/12/25 03:02:50 	assigned HTCondor ID (8.0.0)
01/12/25 03:02:50 Submitting HTCondor Node PreprocessJob job(s)...
01/12/25 03:02:50 Submitting node PreprocessJob from file preprocess.sub using direct job submission
01/12/25 03:02:50 	assigned HTCondor ID (9.0.0)
01/12/25 03:02:50 Submitting HTCondor Node EDAJob job(s)...
01/12/25 03:02:50 Submitting node EDAJob from file eda.sub using direct job submission
01/12/25 03:02:50 	assigned HTCondor ID (10.0.0)
01/12/25 03:02:50 Submitting HTCondor Node SplitJob job(s)...
01/12/25 03:02:50 Submitting node SplitJob from file split.sub using direct job submission
01/12/25 03:02:50 	assigned HTCondor ID (11.0.0)
01/12/25 03:02:50 Just submitted 4 jobs this cycle...
01/12/25 03:02:50 DAG status: 0 (DAG_STATUS_OK)
01/12/25 03:02:50 Of 4 nodes total:
01/12/25 03:02:50  Done     Pre   Queued    Post   Ready   Un-Ready   Failed   Futile
01/12/25 03:02:50   ===     ===      ===     ===     ===        ===      ===      ===
01/12/25 03:02:50     0       0        4       0       0          0        0        0
01/12/25 03:02:50 0 job proc(s) currently held
01/12/25 03:02:50 DAGMan Runtime Statistics: [EventCycleTimeCount = 0.0; EventCycleTimeSum = 0.0; LogProcessCycleTimeCount = 0.0; LogProcessCycleTimeSum = 0.0; SleepCycleTimeCount = 0.0; SleepCycleTimeSum = 0.0; SubmitCycleTimeAvg = 0.2122089862823486; SubmitCycleTimeCount = 1.0; SubmitCycleTimeMax = 0.2122089862823486; SubmitCycleTimeMin = 0.2122089862823486; SubmitCycleTimeStd = 0.2122089862823486; SubmitCycleTimeSum = 0.2122089862823486; ]
01/12/25 03:02:55 Currently monitoring 1 HTCondor log file(s)
01/12/25 03:02:55 Reassigning the id of job ImportJob from (8.0.0) to (8.0.0)
01/12/25 03:02:55 Event: ULOG_SUBMIT for HTCondor Node ImportJob (8.0.0) {01/12/25 03:02:50}
01/12/25 03:02:55 Number of idle job procs: 1
01/12/25 03:02:55 Reassigning the id of job PreprocessJob from (9.0.0) to (9.0.0)
01/12/25 03:02:55 Event: ULOG_SUBMIT for HTCondor Node PreprocessJob (9.0.0) {01/12/25 03:02:50}
01/12/25 03:02:55 Number of idle job procs: 2
01/12/25 03:02:55 Reassigning the id of job EDAJob from (10.0.0) to (10.0.0)
01/12/25 03:02:55 Event: ULOG_SUBMIT for HTCondor Node EDAJob (10.0.0) {01/12/25 03:02:50}
01/12/25 03:02:55 Number of idle job procs: 3
01/12/25 03:02:55 Reassigning the id of job SplitJob from (11.0.0) to (11.0.0)
01/12/25 03:02:55 Event: ULOG_SUBMIT for HTCondor Node SplitJob (11.0.0) {01/12/25 03:02:50}
01/12/25 03:02:55 Number of idle job procs: 4
01/12/25 03:03:10 Currently monitoring 1 HTCondor log file(s)
01/12/25 03:03:10 Event: ULOG_EXECUTE for HTCondor Node ImportJob (8.0.0) {01/12/25 03:03:09}
01/12/25 03:03:10 Number of idle job procs: 3
01/12/25 03:03:10 Event: ULOG_JOB_EVICTED for HTCondor Node ImportJob (8.0.0) {01/12/25 03:03:09}
01/12/25 03:03:10 Number of idle job procs: 4
01/12/25 03:03:10 Event: ULOG_JOB_HELD for HTCondor Node ImportJob (8.0.0) {01/12/25 03:03:09}
01/12/25 03:03:10   Hold reason: Error from slot1_1@ip-172-31-17-139.ec2.internal: Failed to execute '/var/lib/condor/execute/dir_1055/import.py' with arguments usa_rain_prediction_dataset_2024_2025.csv: (errno=8: 'Exec format error')
01/12/25 03:03:10 Number of idle job procs: 4
01/12/25 03:03:10 DAG status: 0 (DAG_STATUS_OK)
01/12/25 03:03:10 Of 4 nodes total:
01/12/25 03:03:10  Done     Pre   Queued    Post   Ready   Un-Ready   Failed   Futile
01/12/25 03:03:10   ===     ===      ===     ===     ===        ===      ===      ===
01/12/25 03:03:10     0       0        4       0       0          0        0        0
01/12/25 03:03:10 1 job proc(s) currently held
01/12/25 03:03:10 DAGMan Runtime Statistics: [EventCycleTimeAvg = 0.09989547729492188; EventCycleTimeCount = 4.0; EventCycleTimeMax = 0.3141529560089111; EventCycleTimeMin = 2.694129943847656E-05; EventCycleTimeStd = 0.1483960827142614; EventCycleTimeSum = 0.3995819091796875; LogProcessCycleTimeAvg = 0.06478202342987061; LogProcessCycleTimeCount = 2.0; LogProcessCycleTimeMax = 0.08353710174560547; LogProcessCycleTimeMin = 0.04602694511413574; LogProcessCycleTimeStd = 0.02652368611748179; LogProcessCycleTimeSum = 0.1295640468597412; SleepCycleTimeAvg = 5.00531679391861; SleepCycleTimeCount = 4.0; SleepCycleTimeMax = 5.005449056625366; SleepCycleTimeMin = 5.0050950050354; SleepCycleTimeStd = 0.0001647988558035873; SleepCycleTimeSum = 20.02126717567444; SubmitCycleTimeAvg = 0.04244441986083984; SubmitCycleTimeCount = 5.0; SubmitCycleTimeMax = 0.2122089862823486; SubmitCycleTimeMin = 2.86102294921875E-06; SubmitCycleTimeStd = 0.09490127767342232; SubmitCycleTimeSum = 0.2122220993041992; ]
01/12/25 03:03:15 Currently monitoring 1 HTCondor log file(s)
01/12/25 03:03:15 Event: ULOG_JOB_EVICTED for HTCondor Node EDAJob (10.0.0) {01/12/25 03:03:10}
01/12/25 03:03:15 Number of idle job procs: 4
01/12/25 03:03:15 Event: ULOG_JOB_HELD for HTCondor Node EDAJob (10.0.0) {01/12/25 03:03:10}
01/12/25 03:03:15   Hold reason: Transfer input files failure at access point ip-172-31-42-11 while sending files to execution point slot1_1@ip-172-31-17-139.ec2.internal. Details: reading from file /home/ubuntu/wqd7008_group_project/preprocessed_data.pkl: (errno 2) No such file or directory
01/12/25 03:03:15 Number of idle job procs: 4
01/12/25 03:03:15 Event: ULOG_JOB_EVICTED for HTCondor Node SplitJob (11.0.0) {01/12/25 03:03:12}
01/12/25 03:03:15 Number of idle job procs: 4
01/12/25 03:03:15 Event: ULOG_JOB_HELD for HTCondor Node SplitJob (11.0.0) {01/12/25 03:03:12}
01/12/25 03:03:15   Hold reason: Transfer input files failure at access point ip-172-31-42-11 while sending files to execution point slot1_1@ip-172-31-17-139.ec2.internal. Details: reading from file /home/ubuntu/wqd7008_group_project/preprocessed_data.pkl: (errno 2) No such file or directory
01/12/25 03:03:15 Number of idle job procs: 4
01/12/25 03:03:15 DAG status: 0 (DAG_STATUS_OK)
01/12/25 03:03:15 Of 4 nodes total:
01/12/25 03:03:15  Done     Pre   Queued    Post   Ready   Un-Ready   Failed   Futile
01/12/25 03:03:15   ===     ===      ===     ===     ===        ===      ===      ===
01/12/25 03:03:15     0       0        4       0       0          0        0        0
01/12/25 03:03:15 3 job proc(s) currently held
01/12/25 03:03:15 DAGMan Runtime Statistics: [EventCycleTimeAvg = 0.09636998176574707; EventCycleTimeCount = 5.0; EventCycleTimeMax = 0.3141529560089111; EventCycleTimeMin = 2.694129943847656E-05; EventCycleTimeStd = 0.128756334280433; EventCycleTimeSum = 0.4818499088287354; LogProcessCycleTimeAvg = 0.06557464599609375; LogProcessCycleTimeCount = 3.0; LogProcessCycleTimeMax = 0.08353710174560547; LogProcessCycleTimeMin = 0.04602694511413574; LogProcessCycleTimeStd = 0.0188052576219207; LogProcessCycleTimeSum = 0.1967239379882812; SleepCycleTimeAvg = 5.005274438858033; SleepCycleTimeCount = 5.0; SleepCycleTimeMax = 5.005449056625366; SleepCycleTimeMin = 5.0050950050354; SleepCycleTimeStd = 0.0001712855805257136; SleepCycleTimeSum = 25.02637219429016; SubmitCycleTimeAvg = 0.03537082672119141; SubmitCycleTimeCount = 6.0; SubmitCycleTimeMax = 0.2122089862823486; SubmitCycleTimeMin = 2.86102294921875E-06; SubmitCycleTimeStd = 0.0866326515966705; SubmitCycleTimeSum = 0.2122249603271484; ]
01/12/25 03:07:13 ******************************************************
01/12/25 03:07:13 ** condor_scheduniv_exec.12.0 (CONDOR_DAGMAN) STARTING UP
01/12/25 03:07:13 ** /usr/bin/condor_dagman
01/12/25 03:07:13 ** SubsystemInfo: name=DAGMAN type=DAGMAN(9) class=CLIENT(2)
01/12/25 03:07:13 ** Configuration: subsystem:DAGMAN local:<NONE> class:CLIENT
01/12/25 03:07:13 ** $CondorVersion: 23.10.19 2025-01-03 BuildID: 777890 PackageID: 23.10.19-1+ubu24 GitSHA: 91176a00 $
01/12/25 03:07:13 ** $CondorPlatform: X86_64-Ubuntu_24.04 $
01/12/25 03:07:13 ** PID = 1435 RealUID = 1000
01/12/25 03:07:13 ** Log last touched 1/12 03:06:49
01/12/25 03:07:13 ******************************************************
01/12/25 03:07:13 Using config source: /etc/condor/condor_config
01/12/25 03:07:13 Using local config sources: 
01/12/25 03:07:13    /etc/condor/config.d/00-security
01/12/25 03:07:13    /etc/condor/config.d/01-submit.config
01/12/25 03:07:13    /etc/condor/config.d/10-stash-plugin.conf
01/12/25 03:07:13    /etc/condor/condor_config.local
01/12/25 03:07:13 config Macros = 75, Sorted = 75, StringBytes = 2325, TablesBytes = 2764
01/12/25 03:07:13 CLASSAD_CACHING is ENABLED
01/12/25 03:07:13 Daemon Log is logging: D_ALWAYS D_ERROR D_STATUS
01/12/25 03:07:13 DaemonCore: No command port requested.
01/12/25 03:07:13 DAGMAN_USE_STRICT setting: 1
01/12/25 03:07:13 DAGMAN_VERBOSITY setting: 3
01/12/25 03:07:13 DAGMAN_DEBUG_CACHE_SIZE setting: 5242880
01/12/25 03:07:13 DAGMAN_DEBUG_CACHE_ENABLE setting: False
01/12/25 03:07:13 DAGMAN_SUBMIT_DELAY setting: 0
01/12/25 03:07:13 DAGMAN_MAX_SUBMIT_ATTEMPTS setting: 6
01/12/25 03:07:13 DAGMAN_STARTUP_CYCLE_DETECT setting: False
01/12/25 03:07:13 DAGMAN_MAX_SUBMITS_PER_INTERVAL setting: 100
01/12/25 03:07:13 DAGMAN_AGGRESSIVE_SUBMIT setting: False
01/12/25 03:07:13 DAGMAN_USER_LOG_SCAN_INTERVAL setting: 5
01/12/25 03:07:13 DAGMAN_QUEUE_UPDATE_INTERVAL setting: 300
01/12/25 03:07:13 DAGMAN_DEFAULT_PRIORITY setting: 0
01/12/25 03:07:14 DAGMAN_SUPPRESS_NOTIFICATION setting: False
01/12/25 03:07:14 allow_events (DAGMAN_ALLOW_EVENTS) setting: 114
01/12/25 03:07:14 DAGMAN_RETRY_SUBMIT_FIRST setting: True
01/12/25 03:07:14 DAGMAN_RETRY_NODE_FIRST setting: False
01/12/25 03:07:14 DAGMAN_MAX_JOBS_IDLE setting: 1000
01/12/25 03:07:14 DAGMAN_MAX_JOBS_SUBMITTED setting: 0
01/12/25 03:07:14 DAGMAN_MAX_PRE_SCRIPTS setting: 20
01/12/25 03:07:14 DAGMAN_MAX_POST_SCRIPTS setting: 20
01/12/25 03:07:14 DAGMAN_MAX_HOLD_SCRIPTS setting: 20
01/12/25 03:07:14 DAGMAN_MUNGE_NODE_NAMES setting: True
01/12/25 03:07:14 DAGMAN_PROHIBIT_MULTI_JOBS setting: False
01/12/25 03:07:14 DAGMAN_SUBMIT_DEPTH_FIRST setting: False
01/12/25 03:07:14 DAGMAN_ALWAYS_RUN_POST setting: False
01/12/25 03:07:14 DAGMAN_CONDOR_SUBMIT_EXE setting: /usr/bin/condor_submit
01/12/25 03:07:14 DAGMAN_CONDOR_RM_EXE setting: /usr/bin/condor_rm
01/12/25 03:07:14 DAGMAN_USE_DIRECT_SUBMIT setting: True
01/12/25 03:07:14 DAGMAN_PRODUCE_JOB_CREDENTIALS setting: True
01/12/25 03:07:14 DAGMAN_DEFAULT_APPEND_VARS setting: False
01/12/25 03:07:14 DAGMAN_INHERIT_ATTRS_PREFIX setting: 
01/12/25 03:07:14 DAGMAN_INHERIT_ATTRS setting: 
01/12/25 03:07:14 DAGMAN_ABORT_DUPLICATES setting: True
01/12/25 03:07:14 DAGMAN_ABORT_ON_SCARY_SUBMIT setting: True
01/12/25 03:07:14 DAGMAN_PENDING_REPORT_INTERVAL setting: 600
01/12/25 03:07:14 DAGMAN_CHECK_QUEUE_INTERVAL setting: 28800
01/12/25 03:07:14 DAGMAN_AUTO_RESCUE setting: True
01/12/25 03:07:14 DAGMAN_MAX_RESCUE_NUM setting: 100
01/12/25 03:07:14 DAGMAN_WRITE_PARTIAL_RESCUE setting: True
01/12/25 03:07:14 DAGMAN_DEFAULT_NODE_LOG setting: @(DAG_DIR)/@(DAG_FILE).nodes.log
01/12/25 03:07:14 DAGMAN_GENERATE_SUBDAG_SUBMITS setting: True
01/12/25 03:07:14 DAGMAN_MAX_JOB_HOLDS setting: 100
01/12/25 03:07:14 DAGMAN_HOLD_CLAIM_TIME setting: 20
01/12/25 03:07:14 DAGMAN_SUPPRESS_JOB_LOGS setting: False
01/12/25 03:07:14 DAGMAN_REMOVE_NODE_JOBS setting: True
01/12/25 03:07:14 DAGMAN_REMOVE_JOBS_AFTER_LIMIT_CHANGE setting: False
01/12/25 03:07:14 DAGMAN will adjust edges after parsing
01/12/25 03:07:14 argv[0] == "condor_scheduniv_exec.12.0"
01/12/25 03:07:14 argv[1] == "-Lockfile"
01/12/25 03:07:14 argv[2] == "dagman.dag.lock"
01/12/25 03:07:14 argv[3] == "-Dag"
01/12/25 03:07:14 argv[4] == "dagman.dag"
01/12/25 03:07:14 argv[5] == "-MaxIdle"
01/12/25 03:07:14 argv[6] == "1000"
01/12/25 03:07:14 argv[7] == "-CsdVersion"
01/12/25 03:07:14 argv[8] == "$CondorVersion: 23.10.19 2025-01-03 BuildID: 777890 PackageID: 23.10.19-1+ubu24 GitSHA: 91176a00 $"
01/12/25 03:07:14 argv[9] == "-dagman"
01/12/25 03:07:14 argv[10] == "/usr/bin/condor_dagman"
01/12/25 03:07:14 argv[11] == "-AutoRescue"
01/12/25 03:07:14 argv[12] == "1"
01/12/25 03:07:14 argv[13] == "-DoRescueFrom"
01/12/25 03:07:14 argv[14] == "0"
01/12/25 03:07:14 argv[15] == "-force"
01/12/25 03:07:14 Can't open directory "/etc/condor/passwords.d" as PRIV_ROOT, errno: 13 (Permission denied)
01/12/25 03:07:14 Can't open directory "/etc/condor/passwords.d" as PRIV_ROOT, errno: 13 (Permission denied)
01/12/25 03:07:14 Workflow batch-id: <12.0>
01/12/25 03:07:14 Workflow batch-name: <dagman.dag+12>
01/12/25 03:07:14 Workflow accounting_group: <>
01/12/25 03:07:14 Workflow accounting_group_user: <>
01/12/25 03:07:14 Warning: failed to get attribute DAGNodeName
01/12/25 03:07:14 DAGMAN_LOG_ON_NFS_IS_ERROR setting: False
01/12/25 03:07:14 Default node log file is: </home/ubuntu/wqd7008_group_project/./dagman.dag.nodes.log>
01/12/25 03:07:14 DAG Lockfile will be written to dagman.dag.lock
01/12/25 03:07:14 DAG Input file is dagman.dag
01/12/25 03:07:14 Parsing 1 dagfiles
01/12/25 03:07:14 Parsing dagman.dag ...
01/12/25 03:07:14 Adjusting edges
01/12/25 03:07:14 Dag contains 1 total nodes
01/12/25 03:07:14 Lock file dagman.dag.lock detected,
01/12/25 03:07:14 Duplicate DAGMan PID 1407 is no longer alive; this DAGMan should continue.
01/12/25 03:07:14 Bootstrapping...
01/12/25 03:07:14 Number of pre-completed nodes: 0
01/12/25 03:07:14 Running in RECOVERY mode... >>>>>>>>>>>>>>>>>>>>>>>>>>>>>>
01/12/25 03:07:14 Currently monitoring 1 HTCondor log file(s)
01/12/25 03:07:14 Event: ULOG_SUBMIT for HTCondor Node ImportJob (8.0.0) {01/12/25 03:02:50} [recovery mode]
01/12/25 03:07:14 Number of idle job procs: 1
01/12/25 03:07:14 ERROR: Node PreprocessJob not found!
01/12/25 03:07:14 Event: ULOG_SUBMIT for unknown Node (9.0.0) {01/12/25 03:02:50}: ignoring... [recovery mode]
01/12/25 03:07:14 ERROR: Node EDAJob not found!
01/12/25 03:07:14 Event: ULOG_SUBMIT for unknown Node (10.0.0) {01/12/25 03:02:50}: ignoring... [recovery mode]
01/12/25 03:07:14 ERROR: Node SplitJob not found!
01/12/25 03:07:14 Event: ULOG_SUBMIT for unknown Node (11.0.0) {01/12/25 03:02:50}: ignoring... [recovery mode]
01/12/25 03:07:14 Event: ULOG_EXECUTE for HTCondor Node ImportJob (8.0.0) {01/12/25 03:03:09} [recovery mode]
01/12/25 03:07:14 Number of idle job procs: 0
01/12/25 03:07:14 Event: ULOG_JOB_EVICTED for HTCondor Node ImportJob (8.0.0) {01/12/25 03:03:09} [recovery mode]
01/12/25 03:07:14 Number of idle job procs: 1
01/12/25 03:07:14 Event: ULOG_JOB_HELD for HTCondor Node ImportJob (8.0.0) {01/12/25 03:03:09} [recovery mode]
01/12/25 03:07:14   Hold reason: Error from slot1_1@ip-172-31-17-139.ec2.internal: Failed to execute '/var/lib/condor/execute/dir_1055/import.py' with arguments usa_rain_prediction_dataset_2024_2025.csv: (errno=8: 'Exec format error')
01/12/25 03:07:14 Number of idle job procs: 1
01/12/25 03:07:14 ERROR: node for condor ID 10.0.0 not found! (might be because of node retries)
01/12/25 03:07:14 Event: ULOG_JOB_EVICTED for unknown Node (10.0.0) {01/12/25 03:03:10}: ignoring... [recovery mode]
01/12/25 03:07:14 ERROR: node for condor ID 10.0.0 not found! (might be because of node retries)
01/12/25 03:07:14 Event: ULOG_JOB_HELD for unknown Node (10.0.0) {01/12/25 03:03:10}: ignoring... [recovery mode]
01/12/25 03:07:14 ERROR: node for condor ID 11.0.0 not found! (might be because of node retries)
01/12/25 03:07:14 Event: ULOG_JOB_EVICTED for unknown Node (11.0.0) {01/12/25 03:03:12}: ignoring... [recovery mode]
01/12/25 03:07:14 ERROR: node for condor ID 11.0.0 not found! (might be because of node retries)
01/12/25 03:07:14 Event: ULOG_JOB_HELD for unknown Node (11.0.0) {01/12/25 03:03:12}: ignoring... [recovery mode]
01/12/25 03:07:14     ------------------------------
01/12/25 03:07:14        HTCondor Recovery Complete
01/12/25 03:07:14     ------------------------------
01/12/25 03:07:14 ...done with RECOVERY mode <<<<<<<<<<<<<<<<<<<<<<<<<<<<<<
01/12/25 03:07:14 1 nodes claim to have jobs submitted to queue. Verifying...
01/12/25 03:07:14 Querying local schedd for associated jobs in queue
01/12/25 03:07:14 ERROR: DAGMan lost track of node ImportJob (ClusterId=8). Please resubmit DAG from produced rescue file.
01/12/25 03:07:14 Aborting DAG...
01/12/25 03:07:14 Writing Rescue DAG to dagman.dag.rescue001...
01/12/25 03:07:14 Removing submitted jobs...
01/12/25 03:07:14 Removing any/all submitted HTCondor jobs...
01/12/25 03:07:14 Running: /usr/bin/condor_rm -const DAGManJobId==12 -reason DAG' 'Abort:' 'DAG' 'is' 'exiting' 'and' 'writing' 'rescue' 'file.
01/12/25 03:07:14 Note: 0 total node deferrals because of -MaxJobs limit (0)
01/12/25 03:07:14 Note: 0 total node deferrals because of -MaxIdle limit (1000)
01/12/25 03:07:14 Note: 0 total node deferrals because of node category throttles
01/12/25 03:07:14 Note: 0 total PRE script deferrals because of -MaxPre limit (20) or DEFER
01/12/25 03:07:14 Note: 0 total POST script deferrals because of -MaxPost limit (20) or DEFER
01/12/25 03:07:14 Note: 0 total HOLD script deferrals because of -MaxHold limit (20) or DEFER
01/12/25 03:07:14 DAG status: 1 (DAG_STATUS_ERROR)
01/12/25 03:07:14 Of 1 nodes total:
01/12/25 03:07:14  Done     Pre   Queued    Post   Ready   Un-Ready   Failed   Futile
01/12/25 03:07:14   ===     ===      ===     ===     ===        ===      ===      ===
01/12/25 03:07:14     0       0        1       0       0          0        0        0
01/12/25 03:07:14 1 job proc(s) currently held
01/12/25 03:07:14 DAGMan Runtime Statistics: [EventCycleTimeCount = 0.0; EventCycleTimeSum = 0.0; LogProcessCycleTimeCount = 0.0; LogProcessCycleTimeSum = 0.0; SleepCycleTimeCount = 0.0; SleepCycleTimeSum = 0.0; SubmitCycleTimeCount = 0.0; SubmitCycleTimeSum = 0.0; ]
01/12/25 03:07:14 Wrote metrics file dagman.dag.metrics.
01/12/25 03:07:14 DAGMan Runtime Statistics: [EventCycleTimeCount = 0.0; EventCycleTimeSum = 0.0; LogProcessCycleTimeCount = 0.0; LogProcessCycleTimeSum = 0.0; SleepCycleTimeCount = 0.0; SleepCycleTimeSum = 0.0; SubmitCycleTimeCount = 0.0; SubmitCycleTimeSum = 0.0; ]
01/12/25 03:07:14 **** condor_scheduniv_exec.12.0 (condor_DAGMAN) pid 1435 EXITING WITH STATUS 1
01/12/25 03:13:16 601 seconds since last log event
01/12/25 03:13:16 Pending DAG nodes:
01/12/25 03:13:16   Node ImportJob, HTCondor ID 8, status STATUS_SUBMITTED
01/12/25 03:13:16   Node PreprocessJob, HTCondor ID 9, status STATUS_SUBMITTED
01/12/25 03:13:16   Node EDAJob, HTCondor ID 10, status STATUS_SUBMITTED
01/12/25 03:13:16   Node SplitJob, HTCondor ID 11, status STATUS_SUBMITTED
01/12/25 03:19:06 ******************************************************
01/12/25 03:19:06 ** condor_scheduniv_exec.13.0 (CONDOR_DAGMAN) STARTING UP
01/12/25 03:19:06 ** /usr/bin/condor_dagman
01/12/25 03:19:06 ** SubsystemInfo: name=DAGMAN type=DAGMAN(9) class=CLIENT(2)
01/12/25 03:19:06 ** Configuration: subsystem:DAGMAN local:<NONE> class:CLIENT
01/12/25 03:19:06 ** $CondorVersion: 23.10.19 2025-01-03 BuildID: 777890 PackageID: 23.10.19-1+ubu24 GitSHA: 91176a00 $
01/12/25 03:19:06 ** $CondorPlatform: X86_64-Ubuntu_24.04 $
01/12/25 03:19:06 ** PID = 1495 RealUID = 1000
01/12/25 03:19:06 ** Log last touched 1/12 03:18:49
01/12/25 03:19:06 ******************************************************
01/12/25 03:19:06 Using config source: /etc/condor/condor_config
01/12/25 03:19:06 Using local config sources: 
01/12/25 03:19:06    /etc/condor/config.d/00-security
01/12/25 03:19:06    /etc/condor/config.d/01-submit.config
01/12/25 03:19:06    /etc/condor/config.d/10-stash-plugin.conf
01/12/25 03:19:06    /etc/condor/condor_config.local
01/12/25 03:19:06 config Macros = 75, Sorted = 75, StringBytes = 2325, TablesBytes = 2764
01/12/25 03:19:06 CLASSAD_CACHING is ENABLED
01/12/25 03:19:06 Daemon Log is logging: D_ALWAYS D_ERROR D_STATUS
01/12/25 03:19:06 DaemonCore: No command port requested.
01/12/25 03:19:06 DAGMAN_USE_STRICT setting: 1
01/12/25 03:19:06 DAGMAN_VERBOSITY setting: 3
01/12/25 03:19:06 DAGMAN_DEBUG_CACHE_SIZE setting: 5242880
01/12/25 03:19:06 DAGMAN_DEBUG_CACHE_ENABLE setting: False
01/12/25 03:19:06 DAGMAN_SUBMIT_DELAY setting: 0
01/12/25 03:19:06 DAGMAN_MAX_SUBMIT_ATTEMPTS setting: 6
01/12/25 03:19:06 DAGMAN_STARTUP_CYCLE_DETECT setting: False
01/12/25 03:19:06 DAGMAN_MAX_SUBMITS_PER_INTERVAL setting: 100
01/12/25 03:19:06 DAGMAN_AGGRESSIVE_SUBMIT setting: False
01/12/25 03:19:06 DAGMAN_USER_LOG_SCAN_INTERVAL setting: 5
01/12/25 03:19:06 DAGMAN_QUEUE_UPDATE_INTERVAL setting: 300
01/12/25 03:19:06 DAGMAN_DEFAULT_PRIORITY setting: 0
01/12/25 03:19:06 DAGMAN_SUPPRESS_NOTIFICATION setting: False
01/12/25 03:19:06 allow_events (DAGMAN_ALLOW_EVENTS) setting: 114
01/12/25 03:19:06 DAGMAN_RETRY_SUBMIT_FIRST setting: True
01/12/25 03:19:06 DAGMAN_RETRY_NODE_FIRST setting: False
01/12/25 03:19:06 DAGMAN_MAX_JOBS_IDLE setting: 1000
01/12/25 03:19:06 DAGMAN_MAX_JOBS_SUBMITTED setting: 0
01/12/25 03:19:06 DAGMAN_MAX_PRE_SCRIPTS setting: 20
01/12/25 03:19:06 DAGMAN_MAX_POST_SCRIPTS setting: 20
01/12/25 03:19:06 DAGMAN_MAX_HOLD_SCRIPTS setting: 20
01/12/25 03:19:06 DAGMAN_MUNGE_NODE_NAMES setting: True
01/12/25 03:19:06 DAGMAN_PROHIBIT_MULTI_JOBS setting: False
01/12/25 03:19:06 DAGMAN_SUBMIT_DEPTH_FIRST setting: False
01/12/25 03:19:06 DAGMAN_ALWAYS_RUN_POST setting: False
01/12/25 03:19:06 DAGMAN_CONDOR_SUBMIT_EXE setting: /usr/bin/condor_submit
01/12/25 03:19:06 DAGMAN_CONDOR_RM_EXE setting: /usr/bin/condor_rm
01/12/25 03:19:06 DAGMAN_USE_DIRECT_SUBMIT setting: True
01/12/25 03:19:06 DAGMAN_PRODUCE_JOB_CREDENTIALS setting: True
01/12/25 03:19:06 DAGMAN_DEFAULT_APPEND_VARS setting: False
01/12/25 03:19:06 DAGMAN_INHERIT_ATTRS_PREFIX setting: 
01/12/25 03:19:06 DAGMAN_INHERIT_ATTRS setting: 
01/12/25 03:19:06 DAGMAN_ABORT_DUPLICATES setting: True
01/12/25 03:19:06 DAGMAN_ABORT_ON_SCARY_SUBMIT setting: True
01/12/25 03:19:06 DAGMAN_PENDING_REPORT_INTERVAL setting: 600
01/12/25 03:19:06 DAGMAN_CHECK_QUEUE_INTERVAL setting: 28800
01/12/25 03:19:06 DAGMAN_AUTO_RESCUE setting: True
01/12/25 03:19:06 DAGMAN_MAX_RESCUE_NUM setting: 100
01/12/25 03:19:06 DAGMAN_WRITE_PARTIAL_RESCUE setting: True
01/12/25 03:19:06 DAGMAN_DEFAULT_NODE_LOG setting: @(DAG_DIR)/@(DAG_FILE).nodes.log
01/12/25 03:19:06 DAGMAN_GENERATE_SUBDAG_SUBMITS setting: True
01/12/25 03:19:06 DAGMAN_MAX_JOB_HOLDS setting: 100
01/12/25 03:19:06 DAGMAN_HOLD_CLAIM_TIME setting: 20
01/12/25 03:19:06 DAGMAN_SUPPRESS_JOB_LOGS setting: False
01/12/25 03:19:06 DAGMAN_REMOVE_NODE_JOBS setting: True
01/12/25 03:19:06 DAGMAN_REMOVE_JOBS_AFTER_LIMIT_CHANGE setting: False
01/12/25 03:19:06 DAGMAN will adjust edges after parsing
01/12/25 03:19:06 argv[0] == "condor_scheduniv_exec.13.0"
01/12/25 03:19:06 argv[1] == "-Lockfile"
01/12/25 03:19:06 argv[2] == "dagman.dag.lock"
01/12/25 03:19:06 argv[3] == "-Dag"
01/12/25 03:19:06 argv[4] == "dagman.dag"
01/12/25 03:19:06 argv[5] == "-MaxIdle"
01/12/25 03:19:06 argv[6] == "1000"
01/12/25 03:19:06 argv[7] == "-CsdVersion"
01/12/25 03:19:06 argv[8] == "$CondorVersion: 23.10.19 2025-01-03 BuildID: 777890 PackageID: 23.10.19-1+ubu24 GitSHA: 91176a00 $"
01/12/25 03:19:06 argv[9] == "-dagman"
01/12/25 03:19:06 argv[10] == "/usr/bin/condor_dagman"
01/12/25 03:19:06 argv[11] == "-AutoRescue"
01/12/25 03:19:06 argv[12] == "1"
01/12/25 03:19:06 argv[13] == "-DoRescueFrom"
01/12/25 03:19:06 argv[14] == "0"
01/12/25 03:19:06 argv[15] == "-force"
01/12/25 03:19:06 Can't open directory "/etc/condor/passwords.d" as PRIV_ROOT, errno: 13 (Permission denied)
01/12/25 03:19:06 Can't open directory "/etc/condor/passwords.d" as PRIV_ROOT, errno: 13 (Permission denied)
01/12/25 03:19:06 Workflow batch-id: <13.0>
01/12/25 03:19:06 Workflow batch-name: <dagman.dag+13>
01/12/25 03:19:06 Workflow accounting_group: <>
01/12/25 03:19:06 Workflow accounting_group_user: <>
01/12/25 03:19:06 Warning: failed to get attribute DAGNodeName
01/12/25 03:19:06 DAGMAN_LOG_ON_NFS_IS_ERROR setting: False
01/12/25 03:19:06 Default node log file is: </home/ubuntu/wqd7008_group_project/./dagman.dag.nodes.log>
01/12/25 03:19:06 DAG Lockfile will be written to dagman.dag.lock
01/12/25 03:19:06 DAG Input file is dagman.dag
01/12/25 03:19:06 Parsing 1 dagfiles
01/12/25 03:19:06 Parsing dagman.dag ...
01/12/25 03:19:06 Adjusting edges
01/12/25 03:19:06 Dag contains 1 total nodes
01/12/25 03:19:06 Bootstrapping...
01/12/25 03:19:06 Number of pre-completed nodes: 0
01/12/25 03:19:06 MultiLogFiles: truncating log file /home/ubuntu/wqd7008_group_project/./dagman.dag.nodes.log
01/12/25 03:19:06 DAG status: 0 (DAG_STATUS_OK)
01/12/25 03:19:06 Of 1 nodes total:
01/12/25 03:19:06  Done     Pre   Queued    Post   Ready   Un-Ready   Failed   Futile
01/12/25 03:19:06   ===     ===      ===     ===     ===        ===      ===      ===
01/12/25 03:19:06     0       0        0       0       1          0        0        0
01/12/25 03:19:06 0 job proc(s) currently held
01/12/25 03:19:06 DAGMan Runtime Statistics: [EventCycleTimeCount = 0.0; EventCycleTimeSum = 0.0; LogProcessCycleTimeCount = 0.0; LogProcessCycleTimeSum = 0.0; SleepCycleTimeCount = 0.0; SleepCycleTimeSum = 0.0; SubmitCycleTimeCount = 0.0; SubmitCycleTimeSum = 0.0; ]
01/12/25 03:19:06 Registering condor_event_timer...
01/12/25 03:19:07 ERROR: log file /home/ubuntu/wqd7008_group_project/./dagman.dag.nodes.log has shrunk, probably due to being overwritten. Aborting.
01/12/25 03:19:07 MultiLogFiles: detected error, cleaning up all log monitors
01/12/25 03:19:07 DAGMan exiting due to error in log file
01/12/25 03:19:07 DAG status: 1 (DAG_STATUS_ERROR)
01/12/25 03:19:07 Of 4 nodes total:
01/12/25 03:19:07  Done     Pre   Queued    Post   Ready   Un-Ready   Failed   Futile
01/12/25 03:19:07   ===     ===      ===     ===     ===        ===      ===      ===
01/12/25 03:19:07     0       0        4       0       0          0        0        0
01/12/25 03:19:07 3 job proc(s) currently held
01/12/25 03:19:07 DAGMan Runtime Statistics: [EventCycleTimeAvg = 0.003438558333959335; EventCycleTimeCount = 195.0; EventCycleTimeMax = 0.3141529560089111; EventCycleTimeMin = 2.598762512207031E-05; EventCycleTimeStd = 0.02540784411630078; EventCycleTimeSum = 0.6705188751220703; LogProcessCycleTimeAvg = 0.06557464599609375; LogProcessCycleTimeCount = 3.0; LogProcessCycleTimeMax = 0.08353710174560547; LogProcessCycleTimeMin = 0.04602694511413574; LogProcessCycleTimeStd = 0.0188052576219207; LogProcessCycleTimeSum = 0.1967239379882812; SleepCycleTimeAvg = 5.005437493935609; SleepCycleTimeCount = 195.0; SleepCycleTimeMax = 5.009993076324463; SleepCycleTimeMin = 5.000096082687378; SleepCycleTimeStd = 0.001380229139663149; SleepCycleTimeSum = 976.0603113174438; SubmitCycleTimeAvg = 0.001091635532868214; SubmitCycleTimeCount = 195.0; SubmitCycleTimeMax = 0.2122089862823486; SubmitCycleTimeMin = 1.9073486328125E-06; SubmitCycleTimeStd = 0.01519635756829461; SubmitCycleTimeSum = 0.2128689289093018; ]
01/12/25 03:19:07 Wrote metrics file dagman.dag.metrics.
01/12/25 03:19:07 **** condor_scheduniv_exec.7.0 (condor_DAGMAN) pid 1407 EXITING WITH STATUS 2
01/12/25 03:19:07 Submitting HTCondor Node ImportJob job(s)...
01/12/25 03:19:07 Submitting node ImportJob from file import.sub using direct job submission
01/12/25 03:19:07 	assigned HTCondor ID (14.0.0)
01/12/25 03:19:07 Just submitted 1 job this cycle...
01/12/25 03:19:07 Currently monitoring 1 HTCondor log file(s)
01/12/25 03:19:07 ERROR: node for condor ID 10.0.0 not found! (might be because of node retries)
01/12/25 03:19:07 Event: ULOG_JOB_ABORTED for unknown Node (10.0.0) {01/12/25 03:19:07}: ignoring...
01/12/25 03:19:07 ERROR: node for condor ID 11.0.0 not found! (might be because of node retries)
01/12/25 03:19:07 Event: ULOG_JOB_ABORTED for unknown Node (11.0.0) {01/12/25 03:19:07}: ignoring...
01/12/25 03:19:07 ERROR: node for condor ID 8.0.0 not found! (might be because of node retries)
01/12/25 03:19:07 Event: ULOG_JOB_ABORTED for unknown Node (8.0.0) {01/12/25 03:19:07}: ignoring...
01/12/25 03:19:07 ERROR: node for condor ID 9.0.0 not found! (might be because of node retries)
01/12/25 03:19:07 Event: ULOG_JOB_ABORTED for unknown Node (9.0.0) {01/12/25 03:19:07}: ignoring...
01/12/25 03:19:08 Reassigning the id of job ImportJob from (14.0.0) to (14.0.0)
01/12/25 03:19:08 Event: ULOG_SUBMIT for HTCondor Node ImportJob (14.0.0) {01/12/25 03:19:07}
01/12/25 03:19:08 Number of idle job procs: 1
01/12/25 03:19:08 DAG status: 0 (DAG_STATUS_OK)
01/12/25 03:19:08 Of 1 nodes total:
01/12/25 03:19:08  Done     Pre   Queued    Post   Ready   Un-Ready   Failed   Futile
01/12/25 03:19:08   ===     ===      ===     ===     ===        ===      ===      ===
01/12/25 03:19:08     0       0        1       0       0          0        0        0
01/12/25 03:19:08 0 job proc(s) currently held
01/12/25 03:19:08 DAGMan Runtime Statistics: [EventCycleTimeCount = 0.0; EventCycleTimeSum = 0.0; LogProcessCycleTimeAvg = 0.07305097579956055; LogProcessCycleTimeCount = 1.0; LogProcessCycleTimeMax = 0.07305097579956055; LogProcessCycleTimeMin = 0.07305097579956055; LogProcessCycleTimeStd = 0.07305097579956055; LogProcessCycleTimeSum = 0.07305097579956055; SleepCycleTimeCount = 0.0; SleepCycleTimeSum = 0.0; SubmitCycleTimeAvg = 0.04490303993225098; SubmitCycleTimeCount = 1.0; SubmitCycleTimeMax = 0.04490303993225098; SubmitCycleTimeMin = 0.04490303993225098; SubmitCycleTimeStd = 0.04490303993225098; SubmitCycleTimeSum = 0.04490303993225098; ]
01/12/25 03:19:13 Currently monitoring 1 HTCondor log file(s)
01/12/25 03:19:33 Currently monitoring 1 HTCondor log file(s)
01/12/25 03:19:33 Event: ULOG_EXECUTE for HTCondor Node ImportJob (14.0.0) {01/12/25 03:19:28}
01/12/25 03:19:33 Number of idle job procs: 0
01/12/25 03:19:33 Event: ULOG_JOB_TERMINATED for HTCondor Node ImportJob (14.0.0) {01/12/25 03:19:28}
01/12/25 03:19:33 Number of idle job procs: 0
01/12/25 03:19:33 Node ImportJob job proc (14.0.0) failed with status 1.
01/12/25 03:19:33 DAG status: 2 (DAG_STATUS_NODE_FAILED)
01/12/25 03:19:33 Of 1 nodes total:
01/12/25 03:19:33  Done     Pre   Queued    Post   Ready   Un-Ready   Failed   Futile
01/12/25 03:19:33   ===     ===      ===     ===     ===        ===      ===      ===
01/12/25 03:19:33     0       0        0       0       0          0        1        0
01/12/25 03:19:33 0 job proc(s) currently held
01/12/25 03:19:33 DAGMan Runtime Statistics: [EventCycleTimeAvg = 0.03366613388061523; EventCycleTimeCount = 5.0; EventCycleTimeMax = 0.1601638793945312; EventCycleTimeMin = 2.884864807128906E-05; EventCycleTimeStd = 0.07080001534403567; EventCycleTimeSum = 0.1683306694030762; LogProcessCycleTimeAvg = 0.03938539822896322; LogProcessCycleTimeCount = 3.0; LogProcessCycleTimeMax = 0.07305097579956055; LogProcessCycleTimeMin = 0.008041143417358398; LogProcessCycleTimeStd = 0.03256702290821295; LogProcessCycleTimeSum = 0.1181561946868896; SleepCycleTimeAvg = 5.005284261703491; SleepCycleTimeCount = 5.0; SleepCycleTimeMax = 5.005681037902832; SleepCycleTimeMin = 5.005079030990601; SleepCycleTimeStd = 0.0002652542172411574; SleepCycleTimeSum = 25.02642130851746; SubmitCycleTimeAvg = 0.007486144701639811; SubmitCycleTimeCount = 6.0; SubmitCycleTimeMax = 0.04490303993225098; SubmitCycleTimeMin = 1.9073486328125E-06; SubmitCycleTimeStd = 0.01833046023009207; SubmitCycleTimeSum = 0.04491686820983887; ]
01/12/25 03:19:33 ERROR: the following job(s) failed:
01/12/25 03:19:33 ---------------------- Node ----------------------
01/12/25 03:19:33       Node Name: ImportJob
01/12/25 03:19:33            Noop: false
01/12/25 03:19:33          NodeID: 0
01/12/25 03:19:33     Node Status: STATUS_ERROR    
01/12/25 03:19:33 Node return val: 1
01/12/25 03:19:33           Error: Job proc (14.0.0) failed with status 1
01/12/25 03:19:33 Job Submit File: import.sub
01/12/25 03:19:33  HTCondor Job ID: (14.0.0)
01/12/25 03:19:33 PARENTS:  WAITING: 0 CHILDREN: 
01/12/25 03:19:33 ---------------------------------------	<END>
01/12/25 03:19:33 Aborting DAG...
01/12/25 03:19:33 Writing Rescue DAG to dagman.dag.rescue001...
01/12/25 03:19:33 Removing submitted jobs...
01/12/25 03:19:33 Removing any/all submitted HTCondor jobs...
01/12/25 03:19:33 Running: /usr/bin/condor_rm -const DAGManJobId==13 -reason DAG' 'Abort:' 'DAG' 'is' 'exiting' 'and' 'writing' 'rescue' 'file.
01/12/25 03:19:33 Note: 0 total node deferrals because of -MaxJobs limit (0)
01/12/25 03:19:33 Note: 0 total node deferrals because of -MaxIdle limit (1000)
01/12/25 03:19:33 Note: 0 total node deferrals because of node category throttles
01/12/25 03:19:33 Note: 0 total PRE script deferrals because of -MaxPre limit (20) or DEFER
01/12/25 03:19:33 Note: 0 total POST script deferrals because of -MaxPost limit (20) or DEFER
01/12/25 03:19:33 Note: 0 total HOLD script deferrals because of -MaxHold limit (20) or DEFER
01/12/25 03:19:33 DAG status: 2 (DAG_STATUS_NODE_FAILED)
01/12/25 03:19:33 Of 1 nodes total:
01/12/25 03:19:33  Done     Pre   Queued    Post   Ready   Un-Ready   Failed   Futile
01/12/25 03:19:33   ===     ===      ===     ===     ===        ===      ===      ===
01/12/25 03:19:33     0       0        0       0       0          0        1        0
01/12/25 03:19:33 0 job proc(s) currently held
01/12/25 03:19:33 DAGMan Runtime Statistics: [EventCycleTimeAvg = 0.03366613388061523; EventCycleTimeCount = 5.0; EventCycleTimeMax = 0.1601638793945312; EventCycleTimeMin = 2.884864807128906E-05; EventCycleTimeStd = 0.07080001534403567; EventCycleTimeSum = 0.1683306694030762; LogProcessCycleTimeAvg = 0.03938539822896322; LogProcessCycleTimeCount = 3.0; LogProcessCycleTimeMax = 0.07305097579956055; LogProcessCycleTimeMin = 0.008041143417358398; LogProcessCycleTimeStd = 0.03256702290821295; LogProcessCycleTimeSum = 0.1181561946868896; SleepCycleTimeAvg = 5.005284261703491; SleepCycleTimeCount = 5.0; SleepCycleTimeMax = 5.005681037902832; SleepCycleTimeMin = 5.005079030990601; SleepCycleTimeStd = 0.0002652542172411574; SleepCycleTimeSum = 25.02642130851746; SubmitCycleTimeAvg = 0.007486144701639811; SubmitCycleTimeCount = 6.0; SubmitCycleTimeMax = 0.04490303993225098; SubmitCycleTimeMin = 1.9073486328125E-06; SubmitCycleTimeStd = 0.01833046023009207; SubmitCycleTimeSum = 0.04491686820983887; ]
01/12/25 03:19:33 Wrote metrics file dagman.dag.metrics.
01/12/25 03:19:33 DAGMan Runtime Statistics: [EventCycleTimeAvg = 0.03366613388061523; EventCycleTimeCount = 5.0; EventCycleTimeMax = 0.1601638793945312; EventCycleTimeMin = 2.884864807128906E-05; EventCycleTimeStd = 0.07080001534403567; EventCycleTimeSum = 0.1683306694030762; LogProcessCycleTimeAvg = 0.03938539822896322; LogProcessCycleTimeCount = 3.0; LogProcessCycleTimeMax = 0.07305097579956055; LogProcessCycleTimeMin = 0.008041143417358398; LogProcessCycleTimeStd = 0.03256702290821295; LogProcessCycleTimeSum = 0.1181561946868896; SleepCycleTimeAvg = 5.005284261703491; SleepCycleTimeCount = 5.0; SleepCycleTimeMax = 5.005681037902832; SleepCycleTimeMin = 5.005079030990601; SleepCycleTimeStd = 0.0002652542172411574; SleepCycleTimeSum = 25.02642130851746; SubmitCycleTimeAvg = 0.007486144701639811; SubmitCycleTimeCount = 6.0; SubmitCycleTimeMax = 0.04490303993225098; SubmitCycleTimeMin = 1.9073486328125E-06; SubmitCycleTimeStd = 0.01833046023009207; SubmitCycleTimeSum = 0.04491686820983887; ]
01/12/25 03:19:33 **** condor_scheduniv_exec.13.0 (condor_DAGMAN) pid 1495 EXITING WITH STATUS 1
01/12/25 03:34:02 ******************************************************
01/12/25 03:34:02 ** condor_scheduniv_exec.15.0 (CONDOR_DAGMAN) STARTING UP
01/12/25 03:34:02 ** /usr/bin/condor_dagman
01/12/25 03:34:02 ** SubsystemInfo: name=DAGMAN type=DAGMAN(9) class=CLIENT(2)
01/12/25 03:34:02 ** Configuration: subsystem:DAGMAN local:<NONE> class:CLIENT
01/12/25 03:34:02 ** $CondorVersion: 23.10.19 2025-01-03 BuildID: 777890 PackageID: 23.10.19-1+ubu24 GitSHA: 91176a00 $
01/12/25 03:34:02 ** $CondorPlatform: X86_64-Ubuntu_24.04 $
01/12/25 03:34:02 ** PID = 1563 RealUID = 1000
01/12/25 03:34:02 ** Log last touched 1/12 03:19:33
01/12/25 03:34:02 ******************************************************
01/12/25 03:34:02 Using config source: /etc/condor/condor_config
01/12/25 03:34:02 Using local config sources: 
01/12/25 03:34:02    /etc/condor/config.d/00-security
01/12/25 03:34:02    /etc/condor/config.d/01-submit.config
01/12/25 03:34:02    /etc/condor/config.d/10-stash-plugin.conf
01/12/25 03:34:02    /etc/condor/condor_config.local
01/12/25 03:34:02 config Macros = 75, Sorted = 75, StringBytes = 2325, TablesBytes = 2764
01/12/25 03:34:02 CLASSAD_CACHING is ENABLED
01/12/25 03:34:02 Daemon Log is logging: D_ALWAYS D_ERROR D_STATUS
01/12/25 03:34:02 DaemonCore: No command port requested.
01/12/25 03:34:02 DAGMAN_USE_STRICT setting: 1
01/12/25 03:34:02 DAGMAN_VERBOSITY setting: 3
01/12/25 03:34:02 DAGMAN_DEBUG_CACHE_SIZE setting: 5242880
01/12/25 03:34:02 DAGMAN_DEBUG_CACHE_ENABLE setting: False
01/12/25 03:34:02 DAGMAN_SUBMIT_DELAY setting: 0
01/12/25 03:34:02 DAGMAN_MAX_SUBMIT_ATTEMPTS setting: 6
01/12/25 03:34:02 DAGMAN_STARTUP_CYCLE_DETECT setting: False
01/12/25 03:34:02 DAGMAN_MAX_SUBMITS_PER_INTERVAL setting: 100
01/12/25 03:34:02 DAGMAN_AGGRESSIVE_SUBMIT setting: False
01/12/25 03:34:02 DAGMAN_USER_LOG_SCAN_INTERVAL setting: 5
01/12/25 03:34:02 DAGMAN_QUEUE_UPDATE_INTERVAL setting: 300
01/12/25 03:34:02 DAGMAN_DEFAULT_PRIORITY setting: 0
01/12/25 03:34:02 DAGMAN_SUPPRESS_NOTIFICATION setting: False
01/12/25 03:34:02 allow_events (DAGMAN_ALLOW_EVENTS) setting: 114
01/12/25 03:34:02 DAGMAN_RETRY_SUBMIT_FIRST setting: True
01/12/25 03:34:02 DAGMAN_RETRY_NODE_FIRST setting: False
01/12/25 03:34:02 DAGMAN_MAX_JOBS_IDLE setting: 1000
01/12/25 03:34:02 DAGMAN_MAX_JOBS_SUBMITTED setting: 0
01/12/25 03:34:02 DAGMAN_MAX_PRE_SCRIPTS setting: 20
01/12/25 03:34:02 DAGMAN_MAX_POST_SCRIPTS setting: 20
01/12/25 03:34:02 DAGMAN_MAX_HOLD_SCRIPTS setting: 20
01/12/25 03:34:02 DAGMAN_MUNGE_NODE_NAMES setting: True
01/12/25 03:34:02 DAGMAN_PROHIBIT_MULTI_JOBS setting: False
01/12/25 03:34:02 DAGMAN_SUBMIT_DEPTH_FIRST setting: False
01/12/25 03:34:02 DAGMAN_ALWAYS_RUN_POST setting: False
01/12/25 03:34:02 DAGMAN_CONDOR_SUBMIT_EXE setting: /usr/bin/condor_submit
01/12/25 03:34:02 DAGMAN_CONDOR_RM_EXE setting: /usr/bin/condor_rm
01/12/25 03:34:02 DAGMAN_USE_DIRECT_SUBMIT setting: True
01/12/25 03:34:02 DAGMAN_PRODUCE_JOB_CREDENTIALS setting: True
01/12/25 03:34:02 DAGMAN_DEFAULT_APPEND_VARS setting: False
01/12/25 03:34:02 DAGMAN_INHERIT_ATTRS_PREFIX setting: 
01/12/25 03:34:02 DAGMAN_INHERIT_ATTRS setting: 
01/12/25 03:34:02 DAGMAN_ABORT_DUPLICATES setting: True
01/12/25 03:34:02 DAGMAN_ABORT_ON_SCARY_SUBMIT setting: True
01/12/25 03:34:02 DAGMAN_PENDING_REPORT_INTERVAL setting: 600
01/12/25 03:34:02 DAGMAN_CHECK_QUEUE_INTERVAL setting: 28800
01/12/25 03:34:02 DAGMAN_AUTO_RESCUE setting: True
01/12/25 03:34:02 DAGMAN_MAX_RESCUE_NUM setting: 100
01/12/25 03:34:02 DAGMAN_WRITE_PARTIAL_RESCUE setting: True
01/12/25 03:34:02 DAGMAN_DEFAULT_NODE_LOG setting: @(DAG_DIR)/@(DAG_FILE).nodes.log
01/12/25 03:34:02 DAGMAN_GENERATE_SUBDAG_SUBMITS setting: True
01/12/25 03:34:02 DAGMAN_MAX_JOB_HOLDS setting: 100
01/12/25 03:34:02 DAGMAN_HOLD_CLAIM_TIME setting: 20
01/12/25 03:34:02 DAGMAN_SUPPRESS_JOB_LOGS setting: False
01/12/25 03:34:02 DAGMAN_REMOVE_NODE_JOBS setting: True
01/12/25 03:34:02 DAGMAN_REMOVE_JOBS_AFTER_LIMIT_CHANGE setting: False
01/12/25 03:34:02 DAGMAN will adjust edges after parsing
01/12/25 03:34:02 argv[0] == "condor_scheduniv_exec.15.0"
01/12/25 03:34:02 argv[1] == "-Lockfile"
01/12/25 03:34:02 argv[2] == "dagman.dag.lock"
01/12/25 03:34:02 argv[3] == "-Dag"
01/12/25 03:34:02 argv[4] == "dagman.dag"
01/12/25 03:34:02 argv[5] == "-MaxIdle"
01/12/25 03:34:02 argv[6] == "1000"
01/12/25 03:34:02 argv[7] == "-CsdVersion"
01/12/25 03:34:02 argv[8] == "$CondorVersion: 23.10.19 2025-01-03 BuildID: 777890 PackageID: 23.10.19-1+ubu24 GitSHA: 91176a00 $"
01/12/25 03:34:02 argv[9] == "-dagman"
01/12/25 03:34:02 argv[10] == "/usr/bin/condor_dagman"
01/12/25 03:34:02 argv[11] == "-AutoRescue"
01/12/25 03:34:02 argv[12] == "1"
01/12/25 03:34:02 argv[13] == "-DoRescueFrom"
01/12/25 03:34:02 argv[14] == "0"
01/12/25 03:34:02 argv[15] == "-force"
01/12/25 03:34:02 Can't open directory "/etc/condor/passwords.d" as PRIV_ROOT, errno: 13 (Permission denied)
01/12/25 03:34:02 Can't open directory "/etc/condor/passwords.d" as PRIV_ROOT, errno: 13 (Permission denied)
01/12/25 03:34:02 Workflow batch-id: <15.0>
01/12/25 03:34:02 Workflow batch-name: <dagman.dag+15>
01/12/25 03:34:02 Workflow accounting_group: <>
01/12/25 03:34:02 Workflow accounting_group_user: <>
01/12/25 03:34:02 Warning: failed to get attribute DAGNodeName
01/12/25 03:34:02 DAGMAN_LOG_ON_NFS_IS_ERROR setting: False
01/12/25 03:34:02 Default node log file is: </home/ubuntu/wqd7008_group_project/./dagman.dag.nodes.log>
01/12/25 03:34:02 DAG Lockfile will be written to dagman.dag.lock
01/12/25 03:34:02 DAG Input file is dagman.dag
01/12/25 03:34:02 Parsing 1 dagfiles
01/12/25 03:34:02 Parsing dagman.dag ...
01/12/25 03:34:02 Adjusting edges
01/12/25 03:34:02 Dag contains 1 total nodes
01/12/25 03:34:02 Bootstrapping...
01/12/25 03:34:02 Number of pre-completed nodes: 0
01/12/25 03:34:02 MultiLogFiles: truncating log file /home/ubuntu/wqd7008_group_project/./dagman.dag.nodes.log
01/12/25 03:34:02 DAG status: 0 (DAG_STATUS_OK)
01/12/25 03:34:02 Of 1 nodes total:
01/12/25 03:34:02  Done     Pre   Queued    Post   Ready   Un-Ready   Failed   Futile
01/12/25 03:34:02   ===     ===      ===     ===     ===        ===      ===      ===
01/12/25 03:34:03     0       0        0       0       1          0        0        0
01/12/25 03:34:03 0 job proc(s) currently held
01/12/25 03:34:03 DAGMan Runtime Statistics: [EventCycleTimeCount = 0.0; EventCycleTimeSum = 0.0; LogProcessCycleTimeCount = 0.0; LogProcessCycleTimeSum = 0.0; SleepCycleTimeCount = 0.0; SleepCycleTimeSum = 0.0; SubmitCycleTimeCount = 0.0; SubmitCycleTimeSum = 0.0; ]
01/12/25 03:34:03 Registering condor_event_timer...
01/12/25 03:34:04 Submitting HTCondor Node ImportJob job(s)...
01/12/25 03:34:04 Submitting node ImportJob from file import.sub using direct job submission
01/12/25 03:34:04 	assigned HTCondor ID (16.0.0)
01/12/25 03:34:04 Just submitted 1 job this cycle...
01/12/25 03:34:04 DAG status: 0 (DAG_STATUS_OK)
01/12/25 03:34:04 Of 1 nodes total:
01/12/25 03:34:04  Done     Pre   Queued    Post   Ready   Un-Ready   Failed   Futile
01/12/25 03:34:04   ===     ===      ===     ===     ===        ===      ===      ===
01/12/25 03:34:04     0       0        1       0       0          0        0        0
01/12/25 03:34:04 0 job proc(s) currently held
01/12/25 03:34:04 DAGMan Runtime Statistics: [EventCycleTimeCount = 0.0; EventCycleTimeSum = 0.0; LogProcessCycleTimeCount = 0.0; LogProcessCycleTimeSum = 0.0; SleepCycleTimeCount = 0.0; SleepCycleTimeSum = 0.0; SubmitCycleTimeAvg = 0.04421710968017578; SubmitCycleTimeCount = 1.0; SubmitCycleTimeMax = 0.04421710968017578; SubmitCycleTimeMin = 0.04421710968017578; SubmitCycleTimeStd = 0.04421710968017578; SubmitCycleTimeSum = 0.04421710968017578; ]
01/12/25 03:34:09 Currently monitoring 1 HTCondor log file(s)
01/12/25 03:34:09 Reassigning the id of job ImportJob from (16.0.0) to (16.0.0)
01/12/25 03:34:09 Event: ULOG_SUBMIT for HTCondor Node ImportJob (16.0.0) {01/12/25 03:34:04}
01/12/25 03:34:09 Number of idle job procs: 1
01/12/25 03:34:24 Currently monitoring 1 HTCondor log file(s)
01/12/25 03:34:24 Event: ULOG_EXECUTE for HTCondor Node ImportJob (16.0.0) {01/12/25 03:34:23}
01/12/25 03:34:24 Number of idle job procs: 0
01/12/25 03:34:29 Currently monitoring 1 HTCondor log file(s)
01/12/25 03:34:29 Event: ULOG_JOB_TERMINATED for HTCondor Node ImportJob (16.0.0) {01/12/25 03:34:24}
01/12/25 03:34:29 Number of idle job procs: 0
01/12/25 03:34:29 Node ImportJob job proc (16.0.0) completed successfully.
01/12/25 03:34:29 Node ImportJob job completed
01/12/25 03:34:29 DAG status: 0 (DAG_STATUS_OK)
01/12/25 03:34:29 Of 1 nodes total:
01/12/25 03:34:29  Done     Pre   Queued    Post   Ready   Un-Ready   Failed   Futile
01/12/25 03:34:29   ===     ===      ===     ===     ===        ===      ===      ===
01/12/25 03:34:29     1       0        0       0       0          0        0        0
01/12/25 03:34:29 0 job proc(s) currently held
01/12/25 03:34:29 DAGMan Runtime Statistics: [EventCycleTimeAvg = 0.02845015525817871; EventCycleTimeCount = 5.0; EventCycleTimeMax = 0.0931859016418457; EventCycleTimeMin = 2.694129943847656E-05; EventCycleTimeStd = 0.03833718610752667; EventCycleTimeSum = 0.1422507762908936; LogProcessCycleTimeAvg = 0.02833731969197591; LogProcessCycleTimeCount = 3.0; LogProcessCycleTimeMax = 0.03606104850769043; LogProcessCycleTimeMin = 0.01992392539978027; LogProcessCycleTimeStd = 0.008090637453380888; LogProcessCycleTimeSum = 0.08501195907592773; SleepCycleTimeAvg = 5.005165815353394; SleepCycleTimeCount = 5.0; SleepCycleTimeMax = 5.005455017089844; SleepCycleTimeMin = 5.005071878433228; SleepCycleTimeStd = 0.0001622357408489121; SleepCycleTimeSum = 25.02582907676697; SubmitCycleTimeAvg = 0.007372061411539714; SubmitCycleTimeCount = 6.0; SubmitCycleTimeMax = 0.04421710968017578; SubmitCycleTimeMin = 2.145767211914062E-06; SubmitCycleTimeStd = 0.01805031357160429; SubmitCycleTimeSum = 0.04423236846923828; ]
01/12/25 03:34:29 All jobs Completed!
01/12/25 03:34:29 Note: 0 total node deferrals because of -MaxJobs limit (0)
01/12/25 03:34:29 Note: 0 total node deferrals because of -MaxIdle limit (1000)
01/12/25 03:34:29 Note: 0 total node deferrals because of node category throttles
01/12/25 03:34:29 Note: 0 total PRE script deferrals because of -MaxPre limit (20) or DEFER
01/12/25 03:34:29 Note: 0 total POST script deferrals because of -MaxPost limit (20) or DEFER
01/12/25 03:34:29 Note: 0 total HOLD script deferrals because of -MaxHold limit (20) or DEFER
01/12/25 03:34:29 DAG status: 0 (DAG_STATUS_OK)
01/12/25 03:34:29 Of 1 nodes total:
01/12/25 03:34:29  Done     Pre   Queued    Post   Ready   Un-Ready   Failed   Futile
01/12/25 03:34:29   ===     ===      ===     ===     ===        ===      ===      ===
01/12/25 03:34:29     1       0        0       0       0          0        0        0
01/12/25 03:34:29 0 job proc(s) currently held
01/12/25 03:34:29 DAGMan Runtime Statistics: [EventCycleTimeAvg = 0.02845015525817871; EventCycleTimeCount = 5.0; EventCycleTimeMax = 0.0931859016418457; EventCycleTimeMin = 2.694129943847656E-05; EventCycleTimeStd = 0.03833718610752667; EventCycleTimeSum = 0.1422507762908936; LogProcessCycleTimeAvg = 0.02833731969197591; LogProcessCycleTimeCount = 3.0; LogProcessCycleTimeMax = 0.03606104850769043; LogProcessCycleTimeMin = 0.01992392539978027; LogProcessCycleTimeStd = 0.008090637453380888; LogProcessCycleTimeSum = 0.08501195907592773; SleepCycleTimeAvg = 5.005165815353394; SleepCycleTimeCount = 5.0; SleepCycleTimeMax = 5.005455017089844; SleepCycleTimeMin = 5.005071878433228; SleepCycleTimeStd = 0.0001622357408489121; SleepCycleTimeSum = 25.02582907676697; SubmitCycleTimeAvg = 0.007372061411539714; SubmitCycleTimeCount = 6.0; SubmitCycleTimeMax = 0.04421710968017578; SubmitCycleTimeMin = 2.145767211914062E-06; SubmitCycleTimeStd = 0.01805031357160429; SubmitCycleTimeSum = 0.04423236846923828; ]
01/12/25 03:34:29 Wrote metrics file dagman.dag.metrics.
01/12/25 03:34:29 DAGMan Runtime Statistics: [EventCycleTimeAvg = 0.02845015525817871; EventCycleTimeCount = 5.0; EventCycleTimeMax = 0.0931859016418457; EventCycleTimeMin = 2.694129943847656E-05; EventCycleTimeStd = 0.03833718610752667; EventCycleTimeSum = 0.1422507762908936; LogProcessCycleTimeAvg = 0.02833731969197591; LogProcessCycleTimeCount = 3.0; LogProcessCycleTimeMax = 0.03606104850769043; LogProcessCycleTimeMin = 0.01992392539978027; LogProcessCycleTimeStd = 0.008090637453380888; LogProcessCycleTimeSum = 0.08501195907592773; SleepCycleTimeAvg = 5.005165815353394; SleepCycleTimeCount = 5.0; SleepCycleTimeMax = 5.005455017089844; SleepCycleTimeMin = 5.005071878433228; SleepCycleTimeStd = 0.0001622357408489121; SleepCycleTimeSum = 25.02582907676697; SubmitCycleTimeAvg = 0.007372061411539714; SubmitCycleTimeCount = 6.0; SubmitCycleTimeMax = 0.04421710968017578; SubmitCycleTimeMin = 2.145767211914062E-06; SubmitCycleTimeStd = 0.01805031357160429; SubmitCycleTimeSum = 0.04423236846923828; ]
01/12/25 03:34:29 **** condor_scheduniv_exec.15.0 (condor_DAGMAN) pid 1563 EXITING WITH STATUS 0
01/12/25 05:59:40 ******************************************************
01/12/25 05:59:40 ** condor_scheduniv_exec.17.0 (CONDOR_DAGMAN) STARTING UP
01/12/25 05:59:40 ** /usr/bin/condor_dagman
01/12/25 05:59:40 ** SubsystemInfo: name=DAGMAN type=DAGMAN(9) class=CLIENT(2)
01/12/25 05:59:40 ** Configuration: subsystem:DAGMAN local:<NONE> class:CLIENT
01/12/25 05:59:40 ** $CondorVersion: 23.10.19 2025-01-03 BuildID: 777890 PackageID: 23.10.19-1+ubu24 GitSHA: 91176a00 $
01/12/25 05:59:40 ** $CondorPlatform: X86_64-Ubuntu_24.04 $
01/12/25 05:59:40 ** PID = 1232 RealUID = 1000
01/12/25 05:59:40 ** Log last touched 1/12 04:03:26
01/12/25 05:59:40 ******************************************************
01/12/25 05:59:40 Using config source: /etc/condor/condor_config
01/12/25 05:59:40 Using local config sources: 
01/12/25 05:59:40    /etc/condor/config.d/00-security
01/12/25 05:59:40    /etc/condor/config.d/01-submit.config
01/12/25 05:59:40    /etc/condor/config.d/10-stash-plugin.conf
01/12/25 05:59:40    /etc/condor/condor_config.local
01/12/25 05:59:40 config Macros = 75, Sorted = 75, StringBytes = 2325, TablesBytes = 2764
01/12/25 05:59:40 CLASSAD_CACHING is ENABLED
01/12/25 05:59:40 Daemon Log is logging: D_ALWAYS D_ERROR D_STATUS
01/12/25 05:59:40 DaemonCore: No command port requested.
01/12/25 05:59:40 DAGMAN_USE_STRICT setting: 1
01/12/25 05:59:40 DAGMAN_VERBOSITY setting: 3
01/12/25 05:59:40 DAGMAN_DEBUG_CACHE_SIZE setting: 5242880
01/12/25 05:59:41 DAGMAN_DEBUG_CACHE_ENABLE setting: False
01/12/25 05:59:41 DAGMAN_SUBMIT_DELAY setting: 0
01/12/25 05:59:41 DAGMAN_MAX_SUBMIT_ATTEMPTS setting: 6
01/12/25 05:59:41 DAGMAN_STARTUP_CYCLE_DETECT setting: False
01/12/25 05:59:41 DAGMAN_MAX_SUBMITS_PER_INTERVAL setting: 100
01/12/25 05:59:41 DAGMAN_AGGRESSIVE_SUBMIT setting: False
01/12/25 05:59:41 DAGMAN_USER_LOG_SCAN_INTERVAL setting: 5
01/12/25 05:59:41 DAGMAN_QUEUE_UPDATE_INTERVAL setting: 300
01/12/25 05:59:41 DAGMAN_DEFAULT_PRIORITY setting: 0
01/12/25 05:59:41 DAGMAN_SUPPRESS_NOTIFICATION setting: False
01/12/25 05:59:41 allow_events (DAGMAN_ALLOW_EVENTS) setting: 114
01/12/25 05:59:41 DAGMAN_RETRY_SUBMIT_FIRST setting: True
01/12/25 05:59:41 DAGMAN_RETRY_NODE_FIRST setting: False
01/12/25 05:59:41 DAGMAN_MAX_JOBS_IDLE setting: 1000
01/12/25 05:59:41 DAGMAN_MAX_JOBS_SUBMITTED setting: 0
01/12/25 05:59:41 DAGMAN_MAX_PRE_SCRIPTS setting: 20
01/12/25 05:59:41 DAGMAN_MAX_POST_SCRIPTS setting: 20
01/12/25 05:59:41 DAGMAN_MAX_HOLD_SCRIPTS setting: 20
01/12/25 05:59:41 DAGMAN_MUNGE_NODE_NAMES setting: True
01/12/25 05:59:41 DAGMAN_PROHIBIT_MULTI_JOBS setting: False
01/12/25 05:59:41 DAGMAN_SUBMIT_DEPTH_FIRST setting: False
01/12/25 05:59:41 DAGMAN_ALWAYS_RUN_POST setting: False
01/12/25 05:59:41 DAGMAN_CONDOR_SUBMIT_EXE setting: /usr/bin/condor_submit
01/12/25 05:59:41 DAGMAN_CONDOR_RM_EXE setting: /usr/bin/condor_rm
01/12/25 05:59:41 DAGMAN_USE_DIRECT_SUBMIT setting: True
01/12/25 05:59:41 DAGMAN_PRODUCE_JOB_CREDENTIALS setting: True
01/12/25 05:59:41 DAGMAN_DEFAULT_APPEND_VARS setting: False
01/12/25 05:59:41 DAGMAN_INHERIT_ATTRS_PREFIX setting: 
01/12/25 05:59:41 DAGMAN_INHERIT_ATTRS setting: 
01/12/25 05:59:41 DAGMAN_ABORT_DUPLICATES setting: True
01/12/25 05:59:41 DAGMAN_ABORT_ON_SCARY_SUBMIT setting: True
01/12/25 05:59:41 DAGMAN_PENDING_REPORT_INTERVAL setting: 600
01/12/25 05:59:41 DAGMAN_CHECK_QUEUE_INTERVAL setting: 28800
01/12/25 05:59:41 DAGMAN_AUTO_RESCUE setting: True
01/12/25 05:59:41 DAGMAN_MAX_RESCUE_NUM setting: 100
01/12/25 05:59:41 DAGMAN_WRITE_PARTIAL_RESCUE setting: True
01/12/25 05:59:41 DAGMAN_DEFAULT_NODE_LOG setting: @(DAG_DIR)/@(DAG_FILE).nodes.log
01/12/25 05:59:41 DAGMAN_GENERATE_SUBDAG_SUBMITS setting: True
01/12/25 05:59:41 DAGMAN_MAX_JOB_HOLDS setting: 100
01/12/25 05:59:41 DAGMAN_HOLD_CLAIM_TIME setting: 20
01/12/25 05:59:41 DAGMAN_SUPPRESS_JOB_LOGS setting: False
01/12/25 05:59:41 DAGMAN_REMOVE_NODE_JOBS setting: True
01/12/25 05:59:41 DAGMAN_REMOVE_JOBS_AFTER_LIMIT_CHANGE setting: False
01/12/25 05:59:41 DAGMAN will adjust edges after parsing
01/12/25 05:59:41 argv[0] == "condor_scheduniv_exec.17.0"
01/12/25 05:59:41 argv[1] == "-Lockfile"
01/12/25 05:59:41 argv[2] == "dagman.dag.lock"
01/12/25 05:59:41 argv[3] == "-Dag"
01/12/25 05:59:41 argv[4] == "dagman.dag"
01/12/25 05:59:41 argv[5] == "-MaxIdle"
01/12/25 05:59:41 argv[6] == "1000"
01/12/25 05:59:41 argv[7] == "-CsdVersion"
01/12/25 05:59:41 argv[8] == "$CondorVersion: 23.10.19 2025-01-03 BuildID: 777890 PackageID: 23.10.19-1+ubu24 GitSHA: 91176a00 $"
01/12/25 05:59:41 argv[9] == "-dagman"
01/12/25 05:59:41 argv[10] == "/usr/bin/condor_dagman"
01/12/25 05:59:41 argv[11] == "-AutoRescue"
01/12/25 05:59:41 argv[12] == "1"
01/12/25 05:59:41 argv[13] == "-DoRescueFrom"
01/12/25 05:59:41 argv[14] == "0"
01/12/25 05:59:41 argv[15] == "-force"
01/12/25 05:59:41 Can't open directory "/etc/condor/passwords.d" as PRIV_ROOT, errno: 13 (Permission denied)
01/12/25 05:59:41 Can't open directory "/etc/condor/passwords.d" as PRIV_ROOT, errno: 13 (Permission denied)
01/12/25 05:59:41 Workflow batch-id: <17.0>
01/12/25 05:59:41 Workflow batch-name: <dagman.dag+17>
01/12/25 05:59:41 Workflow accounting_group: <>
01/12/25 05:59:41 Workflow accounting_group_user: <>
01/12/25 05:59:41 Warning: failed to get attribute DAGNodeName
01/12/25 05:59:41 DAGMAN_LOG_ON_NFS_IS_ERROR setting: False
01/12/25 05:59:41 Default node log file is: </home/ubuntu/wqd7008_group_project/./dagman.dag.nodes.log>
01/12/25 05:59:41 DAG Lockfile will be written to dagman.dag.lock
01/12/25 05:59:41 DAG Input file is dagman.dag
01/12/25 05:59:41 Parsing 1 dagfiles
01/12/25 05:59:41 Parsing dagman.dag ...
01/12/25 05:59:41 Adjusting edges
01/12/25 05:59:41 Dag contains 1 total nodes
01/12/25 05:59:41 Bootstrapping...
01/12/25 05:59:41 Number of pre-completed nodes: 0
01/12/25 05:59:41 MultiLogFiles: truncating log file /home/ubuntu/wqd7008_group_project/./dagman.dag.nodes.log
01/12/25 05:59:41 DAG status: 0 (DAG_STATUS_OK)
01/12/25 05:59:41 Of 1 nodes total:
01/12/25 05:59:41  Done     Pre   Queued    Post   Ready   Un-Ready   Failed   Futile
01/12/25 05:59:41   ===     ===      ===     ===     ===        ===      ===      ===
01/12/25 05:59:41     0       0        0       0       1          0        0        0
01/12/25 05:59:41 0 job proc(s) currently held
01/12/25 05:59:41 DAGMan Runtime Statistics: [EventCycleTimeCount = 0.0; EventCycleTimeSum = 0.0; LogProcessCycleTimeCount = 0.0; LogProcessCycleTimeSum = 0.0; SleepCycleTimeCount = 0.0; SleepCycleTimeSum = 0.0; SubmitCycleTimeCount = 0.0; SubmitCycleTimeSum = 0.0; ]
01/12/25 05:59:41 Registering condor_event_timer...
01/12/25 05:59:42 Submitting HTCondor Node ImportJob job(s)...
01/12/25 05:59:42 Submitting node ImportJob from file import.sub using direct job submission
01/12/25 05:59:42 	assigned HTCondor ID (18.0.0)
01/12/25 05:59:42 Just submitted 1 job this cycle...
01/12/25 05:59:42 DAG status: 0 (DAG_STATUS_OK)
01/12/25 05:59:42 Of 1 nodes total:
01/12/25 05:59:42  Done     Pre   Queued    Post   Ready   Un-Ready   Failed   Futile
01/12/25 05:59:42   ===     ===      ===     ===     ===        ===      ===      ===
01/12/25 05:59:42     0       0        1       0       0          0        0        0
01/12/25 05:59:42 0 job proc(s) currently held
01/12/25 05:59:42 DAGMan Runtime Statistics: [EventCycleTimeCount = 0.0; EventCycleTimeSum = 0.0; LogProcessCycleTimeCount = 0.0; LogProcessCycleTimeSum = 0.0; SleepCycleTimeCount = 0.0; SleepCycleTimeSum = 0.0; SubmitCycleTimeAvg = 0.0380711555480957; SubmitCycleTimeCount = 1.0; SubmitCycleTimeMax = 0.0380711555480957; SubmitCycleTimeMin = 0.0380711555480957; SubmitCycleTimeStd = 0.0380711555480957; SubmitCycleTimeSum = 0.0380711555480957; ]
01/12/25 05:59:47 Currently monitoring 1 HTCondor log file(s)
01/12/25 05:59:47 Reassigning the id of job ImportJob from (18.0.0) to (18.0.0)
01/12/25 05:59:47 Event: ULOG_SUBMIT for HTCondor Node ImportJob (18.0.0) {01/12/25 05:59:42}
01/12/25 05:59:47 Number of idle job procs: 1
01/12/25 06:07:48 Currently monitoring 1 HTCondor log file(s)
01/12/25 06:07:48 Event: ULOG_EXECUTE for HTCondor Node ImportJob (18.0.0) {01/12/25 06:07:47}
01/12/25 06:07:48 Number of idle job procs: 0
01/12/25 06:07:48 Event: ULOG_JOB_TERMINATED for HTCondor Node ImportJob (18.0.0) {01/12/25 06:07:47}
01/12/25 06:07:48 Number of idle job procs: 0
01/12/25 06:07:48 Node ImportJob job proc (18.0.0) completed successfully.
01/12/25 06:07:48 Node ImportJob job completed
01/12/25 06:07:48 DAG status: 0 (DAG_STATUS_OK)
01/12/25 06:07:48 Of 1 nodes total:
01/12/25 06:07:48  Done     Pre   Queued    Post   Ready   Un-Ready   Failed   Futile
01/12/25 06:07:48   ===     ===      ===     ===     ===        ===      ===      ===
01/12/25 06:07:48     1       0        0       0       0          0        0        0
01/12/25 06:07:48 0 job proc(s) currently held
01/12/25 06:07:48 DAGMan Runtime Statistics: [EventCycleTimeAvg = 0.001330225738053469; EventCycleTimeCount = 97.0; EventCycleTimeMax = 0.08144903182983398; EventCycleTimeMin = 2.193450927734375E-05; EventCycleTimeStd = 0.008636092875120268; EventCycleTimeSum = 0.1290318965911865; LogProcessCycleTimeAvg = 0.02916359901428223; LogProcessCycleTimeCount = 2.0; LogProcessCycleTimeMax = 0.03294515609741211; LogProcessCycleTimeMin = 0.02538204193115234; LogProcessCycleTimeStd = 0.005347929313850322; LogProcessCycleTimeSum = 0.05832719802856445; SleepCycleTimeAvg = 5.005382299423218; SleepCycleTimeCount = 97.0; SleepCycleTimeMax = 5.009127855300903; SleepCycleTimeMin = 5.000117063522339; SleepCycleTimeStd = 0.001214392367897811; SleepCycleTimeSum = 485.5220830440521; SubmitCycleTimeAvg = 0.0003917825465299645; SubmitCycleTimeCount = 98.0; SubmitCycleTimeMax = 0.0380711555480957; SubmitCycleTimeMin = 1.9073486328125E-06; SubmitCycleTimeStd = 0.003845430760401306; SubmitCycleTimeSum = 0.03839468955993652; ]
01/12/25 06:07:48 All jobs Completed!
01/12/25 06:07:48 Note: 0 total node deferrals because of -MaxJobs limit (0)
01/12/25 06:07:48 Note: 0 total node deferrals because of -MaxIdle limit (1000)
01/12/25 06:07:48 Note: 0 total node deferrals because of node category throttles
01/12/25 06:07:48 Note: 0 total PRE script deferrals because of -MaxPre limit (20) or DEFER
01/12/25 06:07:48 Note: 0 total POST script deferrals because of -MaxPost limit (20) or DEFER
01/12/25 06:07:48 Note: 0 total HOLD script deferrals because of -MaxHold limit (20) or DEFER
01/12/25 06:07:48 DAG status: 0 (DAG_STATUS_OK)
01/12/25 06:07:48 Of 1 nodes total:
01/12/25 06:07:48  Done     Pre   Queued    Post   Ready   Un-Ready   Failed   Futile
01/12/25 06:07:48   ===     ===      ===     ===     ===        ===      ===      ===
01/12/25 06:07:48     1       0        0       0       0          0        0        0
01/12/25 06:07:48 0 job proc(s) currently held
01/12/25 06:07:48 DAGMan Runtime Statistics: [EventCycleTimeAvg = 0.001330225738053469; EventCycleTimeCount = 97.0; EventCycleTimeMax = 0.08144903182983398; EventCycleTimeMin = 2.193450927734375E-05; EventCycleTimeStd = 0.008636092875120268; EventCycleTimeSum = 0.1290318965911865; LogProcessCycleTimeAvg = 0.02916359901428223; LogProcessCycleTimeCount = 2.0; LogProcessCycleTimeMax = 0.03294515609741211; LogProcessCycleTimeMin = 0.02538204193115234; LogProcessCycleTimeStd = 0.005347929313850322; LogProcessCycleTimeSum = 0.05832719802856445; SleepCycleTimeAvg = 5.005382299423218; SleepCycleTimeCount = 97.0; SleepCycleTimeMax = 5.009127855300903; SleepCycleTimeMin = 5.000117063522339; SleepCycleTimeStd = 0.001214392367897811; SleepCycleTimeSum = 485.5220830440521; SubmitCycleTimeAvg = 0.0003917825465299645; SubmitCycleTimeCount = 98.0; SubmitCycleTimeMax = 0.0380711555480957; SubmitCycleTimeMin = 1.9073486328125E-06; SubmitCycleTimeStd = 0.003845430760401306; SubmitCycleTimeSum = 0.03839468955993652; ]
01/12/25 06:07:48 Wrote metrics file dagman.dag.metrics.
01/12/25 06:07:48 DAGMan Runtime Statistics: [EventCycleTimeAvg = 0.001330225738053469; EventCycleTimeCount = 97.0; EventCycleTimeMax = 0.08144903182983398; EventCycleTimeMin = 2.193450927734375E-05; EventCycleTimeStd = 0.008636092875120268; EventCycleTimeSum = 0.1290318965911865; LogProcessCycleTimeAvg = 0.02916359901428223; LogProcessCycleTimeCount = 2.0; LogProcessCycleTimeMax = 0.03294515609741211; LogProcessCycleTimeMin = 0.02538204193115234; LogProcessCycleTimeStd = 0.005347929313850322; LogProcessCycleTimeSum = 0.05832719802856445; SleepCycleTimeAvg = 5.005382299423218; SleepCycleTimeCount = 97.0; SleepCycleTimeMax = 5.009127855300903; SleepCycleTimeMin = 5.000117063522339; SleepCycleTimeStd = 0.001214392367897811; SleepCycleTimeSum = 485.5220830440521; SubmitCycleTimeAvg = 0.0003917825465299645; SubmitCycleTimeCount = 98.0; SubmitCycleTimeMax = 0.0380711555480957; SubmitCycleTimeMin = 1.9073486328125E-06; SubmitCycleTimeStd = 0.003845430760401306; SubmitCycleTimeSum = 0.03839468955993652; ]
01/12/25 06:07:48 **** condor_scheduniv_exec.17.0 (condor_DAGMAN) pid 1232 EXITING WITH STATUS 0
01/12/25 06:35:44 ******************************************************
01/12/25 06:35:44 ** condor_scheduniv_exec.19.0 (CONDOR_DAGMAN) STARTING UP
01/12/25 06:35:44 ** /usr/bin/condor_dagman
01/12/25 06:35:44 ** SubsystemInfo: name=DAGMAN type=DAGMAN(9) class=CLIENT(2)
01/12/25 06:35:44 ** Configuration: subsystem:DAGMAN local:<NONE> class:CLIENT
01/12/25 06:35:44 ** $CondorVersion: 23.10.19 2025-01-03 BuildID: 777890 PackageID: 23.10.19-1+ubu24 GitSHA: 91176a00 $
01/12/25 06:35:44 ** $CondorPlatform: X86_64-Ubuntu_24.04 $
01/12/25 06:35:44 ** PID = 1594 RealUID = 1000
01/12/25 06:35:44 ** Log last touched 1/12 06:07:48
01/12/25 06:35:44 ******************************************************
01/12/25 06:35:44 Using config source: /etc/condor/condor_config
01/12/25 06:35:44 Using local config sources: 
01/12/25 06:35:44    /etc/condor/config.d/00-security
01/12/25 06:35:44    /etc/condor/config.d/01-submit.config
01/12/25 06:35:44    /etc/condor/config.d/10-stash-plugin.conf
01/12/25 06:35:44    /etc/condor/condor_config.local
01/12/25 06:35:44 config Macros = 75, Sorted = 75, StringBytes = 2325, TablesBytes = 2764
01/12/25 06:35:44 CLASSAD_CACHING is ENABLED
01/12/25 06:35:44 Daemon Log is logging: D_ALWAYS D_ERROR D_STATUS
01/12/25 06:35:44 DaemonCore: No command port requested.
01/12/25 06:35:44 DAGMAN_USE_STRICT setting: 1
01/12/25 06:35:44 DAGMAN_VERBOSITY setting: 3
01/12/25 06:35:44 DAGMAN_DEBUG_CACHE_SIZE setting: 5242880
01/12/25 06:35:44 DAGMAN_DEBUG_CACHE_ENABLE setting: False
01/12/25 06:35:44 DAGMAN_SUBMIT_DELAY setting: 0
01/12/25 06:35:44 DAGMAN_MAX_SUBMIT_ATTEMPTS setting: 6
01/12/25 06:35:44 DAGMAN_STARTUP_CYCLE_DETECT setting: False
01/12/25 06:35:44 DAGMAN_MAX_SUBMITS_PER_INTERVAL setting: 100
01/12/25 06:35:44 DAGMAN_AGGRESSIVE_SUBMIT setting: False
01/12/25 06:35:44 DAGMAN_USER_LOG_SCAN_INTERVAL setting: 5
01/12/25 06:35:44 DAGMAN_QUEUE_UPDATE_INTERVAL setting: 300
01/12/25 06:35:44 DAGMAN_DEFAULT_PRIORITY setting: 0
01/12/25 06:35:44 DAGMAN_SUPPRESS_NOTIFICATION setting: False
01/12/25 06:35:44 allow_events (DAGMAN_ALLOW_EVENTS) setting: 114
01/12/25 06:35:44 DAGMAN_RETRY_SUBMIT_FIRST setting: True
01/12/25 06:35:44 DAGMAN_RETRY_NODE_FIRST setting: False
01/12/25 06:35:44 DAGMAN_MAX_JOBS_IDLE setting: 1000
01/12/25 06:35:44 DAGMAN_MAX_JOBS_SUBMITTED setting: 0
01/12/25 06:35:44 DAGMAN_MAX_PRE_SCRIPTS setting: 20
01/12/25 06:35:44 DAGMAN_MAX_POST_SCRIPTS setting: 20
01/12/25 06:35:44 DAGMAN_MAX_HOLD_SCRIPTS setting: 20
01/12/25 06:35:44 DAGMAN_MUNGE_NODE_NAMES setting: True
01/12/25 06:35:44 DAGMAN_PROHIBIT_MULTI_JOBS setting: False
01/12/25 06:35:44 DAGMAN_SUBMIT_DEPTH_FIRST setting: False
01/12/25 06:35:44 DAGMAN_ALWAYS_RUN_POST setting: False
01/12/25 06:35:44 DAGMAN_CONDOR_SUBMIT_EXE setting: /usr/bin/condor_submit
01/12/25 06:35:44 DAGMAN_CONDOR_RM_EXE setting: /usr/bin/condor_rm
01/12/25 06:35:44 DAGMAN_USE_DIRECT_SUBMIT setting: True
01/12/25 06:35:44 DAGMAN_PRODUCE_JOB_CREDENTIALS setting: True
01/12/25 06:35:44 DAGMAN_DEFAULT_APPEND_VARS setting: False
01/12/25 06:35:44 DAGMAN_INHERIT_ATTRS_PREFIX setting: 
01/12/25 06:35:44 DAGMAN_INHERIT_ATTRS setting: 
01/12/25 06:35:44 DAGMAN_ABORT_DUPLICATES setting: True
01/12/25 06:35:44 DAGMAN_ABORT_ON_SCARY_SUBMIT setting: True
01/12/25 06:35:44 DAGMAN_PENDING_REPORT_INTERVAL setting: 600
01/12/25 06:35:44 DAGMAN_CHECK_QUEUE_INTERVAL setting: 28800
01/12/25 06:35:44 DAGMAN_AUTO_RESCUE setting: True
01/12/25 06:35:44 DAGMAN_MAX_RESCUE_NUM setting: 100
01/12/25 06:35:44 DAGMAN_WRITE_PARTIAL_RESCUE setting: True
01/12/25 06:35:44 DAGMAN_DEFAULT_NODE_LOG setting: @(DAG_DIR)/@(DAG_FILE).nodes.log
01/12/25 06:35:44 DAGMAN_GENERATE_SUBDAG_SUBMITS setting: True
01/12/25 06:35:44 DAGMAN_MAX_JOB_HOLDS setting: 100
01/12/25 06:35:44 DAGMAN_HOLD_CLAIM_TIME setting: 20
01/12/25 06:35:44 DAGMAN_SUPPRESS_JOB_LOGS setting: False
01/12/25 06:35:44 DAGMAN_REMOVE_NODE_JOBS setting: True
01/12/25 06:35:44 DAGMAN_REMOVE_JOBS_AFTER_LIMIT_CHANGE setting: False
01/12/25 06:35:44 DAGMAN will adjust edges after parsing
01/12/25 06:35:44 argv[0] == "condor_scheduniv_exec.19.0"
01/12/25 06:35:44 argv[1] == "-Lockfile"
01/12/25 06:35:44 argv[2] == "dagman.dag.lock"
01/12/25 06:35:44 argv[3] == "-Dag"
01/12/25 06:35:44 argv[4] == "dagman.dag"
01/12/25 06:35:44 argv[5] == "-MaxIdle"
01/12/25 06:35:44 argv[6] == "1000"
01/12/25 06:35:44 argv[7] == "-CsdVersion"
01/12/25 06:35:44 argv[8] == "$CondorVersion: 23.10.19 2025-01-03 BuildID: 777890 PackageID: 23.10.19-1+ubu24 GitSHA: 91176a00 $"
01/12/25 06:35:44 argv[9] == "-dagman"
01/12/25 06:35:44 argv[10] == "/usr/bin/condor_dagman"
01/12/25 06:35:44 argv[11] == "-AutoRescue"
01/12/25 06:35:44 argv[12] == "1"
01/12/25 06:35:44 argv[13] == "-DoRescueFrom"
01/12/25 06:35:44 argv[14] == "0"
01/12/25 06:35:44 argv[15] == "-force"
01/12/25 06:35:44 Can't open directory "/etc/condor/passwords.d" as PRIV_ROOT, errno: 13 (Permission denied)
01/12/25 06:35:44 Can't open directory "/etc/condor/passwords.d" as PRIV_ROOT, errno: 13 (Permission denied)
01/12/25 06:35:44 Workflow batch-id: <19.0>
01/12/25 06:35:44 Workflow batch-name: <dagman.dag+19>
01/12/25 06:35:44 Workflow accounting_group: <>
01/12/25 06:35:44 Workflow accounting_group_user: <>
01/12/25 06:35:44 Warning: failed to get attribute DAGNodeName
01/12/25 06:35:44 DAGMAN_LOG_ON_NFS_IS_ERROR setting: False
01/12/25 06:35:44 Default node log file is: </home/ubuntu/wqd7008_group_project/./dagman.dag.nodes.log>
01/12/25 06:35:45 DAG Lockfile will be written to dagman.dag.lock
01/12/25 06:35:45 DAG Input file is dagman.dag
01/12/25 06:35:45 Parsing 1 dagfiles
01/12/25 06:35:45 Parsing dagman.dag ...
01/12/25 06:35:45 Adjusting edges
01/12/25 06:35:45 Dag contains 2 total nodes
01/12/25 06:35:45 Bootstrapping...
01/12/25 06:35:45 Number of pre-completed nodes: 0
01/12/25 06:35:45 MultiLogFiles: truncating log file /home/ubuntu/wqd7008_group_project/./dagman.dag.nodes.log
01/12/25 06:35:45 DAG status: 0 (DAG_STATUS_OK)
01/12/25 06:35:45 Of 2 nodes total:
01/12/25 06:35:45  Done     Pre   Queued    Post   Ready   Un-Ready   Failed   Futile
01/12/25 06:35:45   ===     ===      ===     ===     ===        ===      ===      ===
01/12/25 06:35:45     0       0        0       0       2          0        0        0
01/12/25 06:35:45 0 job proc(s) currently held
01/12/25 06:35:45 DAGMan Runtime Statistics: [EventCycleTimeCount = 0.0; EventCycleTimeSum = 0.0; LogProcessCycleTimeCount = 0.0; LogProcessCycleTimeSum = 0.0; SleepCycleTimeCount = 0.0; SleepCycleTimeSum = 0.0; SubmitCycleTimeCount = 0.0; SubmitCycleTimeSum = 0.0; ]
01/12/25 06:35:45 Registering condor_event_timer...
01/12/25 06:35:46 Submitting HTCondor Node ImportJob job(s)...
01/12/25 06:35:46 Submitting node ImportJob from file import.sub using direct job submission
01/12/25 06:35:46 	assigned HTCondor ID (20.0.0)
01/12/25 06:35:46 Submitting HTCondor Node PreprocessJob job(s)...
01/12/25 06:35:46 Submitting node PreprocessJob from file preprocess.sub using direct job submission
01/12/25 06:35:46 	assigned HTCondor ID (21.0.0)
01/12/25 06:35:46 Just submitted 2 jobs this cycle...
01/12/25 06:35:46 DAG status: 0 (DAG_STATUS_OK)
01/12/25 06:35:46 Of 2 nodes total:
01/12/25 06:35:46  Done     Pre   Queued    Post   Ready   Un-Ready   Failed   Futile
01/12/25 06:35:46   ===     ===      ===     ===     ===        ===      ===      ===
01/12/25 06:35:46     0       0        2       0       0          0        0        0
01/12/25 06:35:46 0 job proc(s) currently held
01/12/25 06:35:46 DAGMan Runtime Statistics: [EventCycleTimeCount = 0.0; EventCycleTimeSum = 0.0; LogProcessCycleTimeCount = 0.0; LogProcessCycleTimeSum = 0.0; SleepCycleTimeCount = 0.0; SleepCycleTimeSum = 0.0; SubmitCycleTimeAvg = 0.0941460132598877; SubmitCycleTimeCount = 1.0; SubmitCycleTimeMax = 0.0941460132598877; SubmitCycleTimeMin = 0.0941460132598877; SubmitCycleTimeStd = 0.0941460132598877; SubmitCycleTimeSum = 0.0941460132598877; ]
01/12/25 06:35:51 Currently monitoring 1 HTCondor log file(s)
01/12/25 06:35:51 Reassigning the id of job ImportJob from (20.0.0) to (20.0.0)
01/12/25 06:35:51 Event: ULOG_SUBMIT for HTCondor Node ImportJob (20.0.0) {01/12/25 06:35:46}
01/12/25 06:35:51 Number of idle job procs: 1
01/12/25 06:35:51 Reassigning the id of job PreprocessJob from (21.0.0) to (21.0.0)
01/12/25 06:35:51 Event: ULOG_SUBMIT for HTCondor Node PreprocessJob (21.0.0) {01/12/25 06:35:46}
01/12/25 06:35:51 Number of idle job procs: 2
01/12/25 06:36:06 Currently monitoring 1 HTCondor log file(s)
01/12/25 06:36:06 Event: ULOG_EXECUTE for HTCondor Node PreprocessJob (21.0.0) {01/12/25 06:36:05}
01/12/25 06:36:06 Number of idle job procs: 1
01/12/25 06:36:06 Event: ULOG_EXECUTE for HTCondor Node ImportJob (20.0.0) {01/12/25 06:36:05}
01/12/25 06:36:06 Number of idle job procs: 0
01/12/25 06:36:06 Event: ULOG_JOB_TERMINATED for HTCondor Node ImportJob (20.0.0) {01/12/25 06:36:05}
01/12/25 06:36:06 Number of idle job procs: 0
01/12/25 06:36:06 Node ImportJob job proc (20.0.0) completed successfully.
01/12/25 06:36:06 Node ImportJob job completed
01/12/25 06:36:06 DAG status: 0 (DAG_STATUS_OK)
01/12/25 06:36:06 Of 2 nodes total:
01/12/25 06:36:06  Done     Pre   Queued    Post   Ready   Un-Ready   Failed   Futile
01/12/25 06:36:06   ===     ===      ===     ===     ===        ===      ===      ===
01/12/25 06:36:06     1       0        1       0       0          0        0        0
01/12/25 06:36:06 0 job proc(s) currently held
01/12/25 06:36:06 DAGMan Runtime Statistics: [EventCycleTimeAvg = 0.04613780975341797; EventCycleTimeCount = 4.0; EventCycleTimeMax = 0.1554009914398193; EventCycleTimeMin = 2.908706665039062E-05; EventCycleTimeStd = 0.0741189325239129; EventCycleTimeSum = 0.1845512390136719; LogProcessCycleTimeAvg = 0.03708398342132568; LogProcessCycleTimeCount = 2.0; LogProcessCycleTimeMax = 0.04510784149169922; LogProcessCycleTimeMin = 0.02906012535095215; LogProcessCycleTimeStd = 0.01134744890567907; LogProcessCycleTimeSum = 0.07416796684265137; SleepCycleTimeAvg = 5.005205929279327; SleepCycleTimeCount = 4.0; SleepCycleTimeMax = 5.005534887313843; SleepCycleTimeMin = 5.005088806152344; SleepCycleTimeStd = 0.0002193939264331327; SleepCycleTimeSum = 20.02082371711731; SubmitCycleTimeAvg = 0.01883158683776855; SubmitCycleTimeCount = 5.0; SubmitCycleTimeMax = 0.0941460132598877; SubmitCycleTimeMin = 2.86102294921875E-06; SubmitCycleTimeStd = 0.04210204429173493; SubmitCycleTimeSum = 0.09415793418884277; ]
01/12/25 06:36:11 Currently monitoring 1 HTCondor log file(s)
01/12/25 06:36:11 Event: ULOG_JOB_TERMINATED for HTCondor Node PreprocessJob (21.0.0) {01/12/25 06:36:07}
01/12/25 06:36:11 Number of idle job procs: 0
01/12/25 06:36:11 Node PreprocessJob job proc (21.0.0) completed successfully.
01/12/25 06:36:11 Node PreprocessJob job completed
01/12/25 06:36:11 DAG status: 0 (DAG_STATUS_OK)
01/12/25 06:36:11 Of 2 nodes total:
01/12/25 06:36:11  Done     Pre   Queued    Post   Ready   Un-Ready   Failed   Futile
01/12/25 06:36:11   ===     ===      ===     ===     ===        ===      ===      ===
01/12/25 06:36:11     2       0        0       0       0          0        0        0
01/12/25 06:36:11 0 job proc(s) currently held
01/12/25 06:36:11 DAGMan Runtime Statistics: [EventCycleTimeAvg = 0.05341987609863282; EventCycleTimeCount = 5.0; EventCycleTimeMax = 0.1554009914398193; EventCycleTimeMin = 2.908706665039062E-05; EventCycleTimeStd = 0.06622200971084929; EventCycleTimeSum = 0.2670993804931641; LogProcessCycleTimeAvg = 0.03515966733296712; LogProcessCycleTimeCount = 3.0; LogProcessCycleTimeMax = 0.04510784149169922; LogProcessCycleTimeMin = 0.02906012535095215; LogProcessCycleTimeStd = 0.008688571548721068; LogProcessCycleTimeSum = 0.1054790019989014; SleepCycleTimeAvg = 5.005184316635132; SleepCycleTimeCount = 5.0; SleepCycleTimeMax = 5.005534887313843; SleepCycleTimeMin = 5.005088806152344; SleepCycleTimeStd = 0.000196050504514163; SleepCycleTimeSum = 25.02592158317566; SubmitCycleTimeAvg = 0.01569350560506185; SubmitCycleTimeCount = 6.0; SubmitCycleTimeMax = 0.0941460132598877; SubmitCycleTimeMin = 2.86102294921875E-06; SubmitCycleTimeStd = 0.03843372255940041; SubmitCycleTimeSum = 0.09416103363037109; ]
01/12/25 06:36:11 All jobs Completed!
01/12/25 06:36:11 Note: 0 total node deferrals because of -MaxJobs limit (0)
01/12/25 06:36:11 Note: 0 total node deferrals because of -MaxIdle limit (1000)
01/12/25 06:36:11 Note: 0 total node deferrals because of node category throttles
01/12/25 06:36:11 Note: 0 total PRE script deferrals because of -MaxPre limit (20) or DEFER
01/12/25 06:36:11 Note: 0 total POST script deferrals because of -MaxPost limit (20) or DEFER
01/12/25 06:36:11 Note: 0 total HOLD script deferrals because of -MaxHold limit (20) or DEFER
01/12/25 06:36:11 DAG status: 0 (DAG_STATUS_OK)
01/12/25 06:36:11 Of 2 nodes total:
01/12/25 06:36:11  Done     Pre   Queued    Post   Ready   Un-Ready   Failed   Futile
01/12/25 06:36:11   ===     ===      ===     ===     ===        ===      ===      ===
01/12/25 06:36:11     2       0        0       0       0          0        0        0
01/12/25 06:36:11 0 job proc(s) currently held
01/12/25 06:36:11 DAGMan Runtime Statistics: [EventCycleTimeAvg = 0.05341987609863282; EventCycleTimeCount = 5.0; EventCycleTimeMax = 0.1554009914398193; EventCycleTimeMin = 2.908706665039062E-05; EventCycleTimeStd = 0.06622200971084929; EventCycleTimeSum = 0.2670993804931641; LogProcessCycleTimeAvg = 0.03515966733296712; LogProcessCycleTimeCount = 3.0; LogProcessCycleTimeMax = 0.04510784149169922; LogProcessCycleTimeMin = 0.02906012535095215; LogProcessCycleTimeStd = 0.008688571548721068; LogProcessCycleTimeSum = 0.1054790019989014; SleepCycleTimeAvg = 5.005184316635132; SleepCycleTimeCount = 5.0; SleepCycleTimeMax = 5.005534887313843; SleepCycleTimeMin = 5.005088806152344; SleepCycleTimeStd = 0.000196050504514163; SleepCycleTimeSum = 25.02592158317566; SubmitCycleTimeAvg = 0.01569350560506185; SubmitCycleTimeCount = 6.0; SubmitCycleTimeMax = 0.0941460132598877; SubmitCycleTimeMin = 2.86102294921875E-06; SubmitCycleTimeStd = 0.03843372255940041; SubmitCycleTimeSum = 0.09416103363037109; ]
01/12/25 06:36:11 Wrote metrics file dagman.dag.metrics.
01/12/25 06:36:11 DAGMan Runtime Statistics: [EventCycleTimeAvg = 0.05341987609863282; EventCycleTimeCount = 5.0; EventCycleTimeMax = 0.1554009914398193; EventCycleTimeMin = 2.908706665039062E-05; EventCycleTimeStd = 0.06622200971084929; EventCycleTimeSum = 0.2670993804931641; LogProcessCycleTimeAvg = 0.03515966733296712; LogProcessCycleTimeCount = 3.0; LogProcessCycleTimeMax = 0.04510784149169922; LogProcessCycleTimeMin = 0.02906012535095215; LogProcessCycleTimeStd = 0.008688571548721068; LogProcessCycleTimeSum = 0.1054790019989014; SleepCycleTimeAvg = 5.005184316635132; SleepCycleTimeCount = 5.0; SleepCycleTimeMax = 5.005534887313843; SleepCycleTimeMin = 5.005088806152344; SleepCycleTimeStd = 0.000196050504514163; SleepCycleTimeSum = 25.02592158317566; SubmitCycleTimeAvg = 0.01569350560506185; SubmitCycleTimeCount = 6.0; SubmitCycleTimeMax = 0.0941460132598877; SubmitCycleTimeMin = 2.86102294921875E-06; SubmitCycleTimeStd = 0.03843372255940041; SubmitCycleTimeSum = 0.09416103363037109; ]
01/12/25 06:36:11 **** condor_scheduniv_exec.19.0 (condor_DAGMAN) pid 1594 EXITING WITH STATUS 0
01/12/25 07:28:09 ******************************************************
01/12/25 07:28:09 ** condor_scheduniv_exec.22.0 (CONDOR_DAGMAN) STARTING UP
01/12/25 07:28:09 ** /usr/bin/condor_dagman
01/12/25 07:28:09 ** SubsystemInfo: name=DAGMAN type=DAGMAN(9) class=CLIENT(2)
01/12/25 07:28:09 ** Configuration: subsystem:DAGMAN local:<NONE> class:CLIENT
01/12/25 07:28:09 ** $CondorVersion: 23.10.19 2025-01-03 BuildID: 777890 PackageID: 23.10.19-1+ubu24 GitSHA: 91176a00 $
01/12/25 07:28:09 ** $CondorPlatform: X86_64-Ubuntu_24.04 $
01/12/25 07:28:09 ** PID = 1821 RealUID = 1000
01/12/25 07:28:09 ** Log last touched 1/12 06:36:11
01/12/25 07:28:09 ******************************************************
01/12/25 07:28:09 Using config source: /etc/condor/condor_config
01/12/25 07:28:09 Using local config sources: 
01/12/25 07:28:09    /etc/condor/config.d/00-security
01/12/25 07:28:09    /etc/condor/config.d/01-submit.config
01/12/25 07:28:09    /etc/condor/config.d/10-stash-plugin.conf
01/12/25 07:28:09    /etc/condor/condor_config.local
01/12/25 07:28:09 config Macros = 75, Sorted = 75, StringBytes = 2325, TablesBytes = 2764
01/12/25 07:28:09 CLASSAD_CACHING is ENABLED
01/12/25 07:28:09 Daemon Log is logging: D_ALWAYS D_ERROR D_STATUS
01/12/25 07:28:10 DaemonCore: No command port requested.
01/12/25 07:28:10 DAGMAN_USE_STRICT setting: 1
01/12/25 07:28:10 DAGMAN_VERBOSITY setting: 3
01/12/25 07:28:10 DAGMAN_DEBUG_CACHE_SIZE setting: 5242880
01/12/25 07:28:10 DAGMAN_DEBUG_CACHE_ENABLE setting: False
01/12/25 07:28:10 DAGMAN_SUBMIT_DELAY setting: 0
01/12/25 07:28:10 DAGMAN_MAX_SUBMIT_ATTEMPTS setting: 6
01/12/25 07:28:10 DAGMAN_STARTUP_CYCLE_DETECT setting: False
01/12/25 07:28:10 DAGMAN_MAX_SUBMITS_PER_INTERVAL setting: 100
01/12/25 07:28:10 DAGMAN_AGGRESSIVE_SUBMIT setting: False
01/12/25 07:28:10 DAGMAN_USER_LOG_SCAN_INTERVAL setting: 5
01/12/25 07:28:10 DAGMAN_QUEUE_UPDATE_INTERVAL setting: 300
01/12/25 07:28:10 DAGMAN_DEFAULT_PRIORITY setting: 0
01/12/25 07:28:10 DAGMAN_SUPPRESS_NOTIFICATION setting: False
01/12/25 07:28:10 allow_events (DAGMAN_ALLOW_EVENTS) setting: 114
01/12/25 07:28:10 DAGMAN_RETRY_SUBMIT_FIRST setting: True
01/12/25 07:28:10 DAGMAN_RETRY_NODE_FIRST setting: False
01/12/25 07:28:10 DAGMAN_MAX_JOBS_IDLE setting: 1000
01/12/25 07:28:10 DAGMAN_MAX_JOBS_SUBMITTED setting: 0
01/12/25 07:28:10 DAGMAN_MAX_PRE_SCRIPTS setting: 20
01/12/25 07:28:10 DAGMAN_MAX_POST_SCRIPTS setting: 20
01/12/25 07:28:10 DAGMAN_MAX_HOLD_SCRIPTS setting: 20
01/12/25 07:28:10 DAGMAN_MUNGE_NODE_NAMES setting: True
01/12/25 07:28:10 DAGMAN_PROHIBIT_MULTI_JOBS setting: False
01/12/25 07:28:10 DAGMAN_SUBMIT_DEPTH_FIRST setting: False
01/12/25 07:28:10 DAGMAN_ALWAYS_RUN_POST setting: False
01/12/25 07:28:10 DAGMAN_CONDOR_SUBMIT_EXE setting: /usr/bin/condor_submit
01/12/25 07:28:10 DAGMAN_CONDOR_RM_EXE setting: /usr/bin/condor_rm
01/12/25 07:28:10 DAGMAN_USE_DIRECT_SUBMIT setting: True
01/12/25 07:28:10 DAGMAN_PRODUCE_JOB_CREDENTIALS setting: True
01/12/25 07:28:10 DAGMAN_DEFAULT_APPEND_VARS setting: False
01/12/25 07:28:10 DAGMAN_INHERIT_ATTRS_PREFIX setting: 
01/12/25 07:28:10 DAGMAN_INHERIT_ATTRS setting: 
01/12/25 07:28:10 DAGMAN_ABORT_DUPLICATES setting: True
01/12/25 07:28:10 DAGMAN_ABORT_ON_SCARY_SUBMIT setting: True
01/12/25 07:28:10 DAGMAN_PENDING_REPORT_INTERVAL setting: 600
01/12/25 07:28:10 DAGMAN_CHECK_QUEUE_INTERVAL setting: 28800
01/12/25 07:28:10 DAGMAN_AUTO_RESCUE setting: True
01/12/25 07:28:10 DAGMAN_MAX_RESCUE_NUM setting: 100
01/12/25 07:28:10 DAGMAN_WRITE_PARTIAL_RESCUE setting: True
01/12/25 07:28:10 DAGMAN_DEFAULT_NODE_LOG setting: @(DAG_DIR)/@(DAG_FILE).nodes.log
01/12/25 07:28:10 DAGMAN_GENERATE_SUBDAG_SUBMITS setting: True
01/12/25 07:28:10 DAGMAN_MAX_JOB_HOLDS setting: 100
01/12/25 07:28:10 DAGMAN_HOLD_CLAIM_TIME setting: 20
01/12/25 07:28:10 DAGMAN_SUPPRESS_JOB_LOGS setting: False
01/12/25 07:28:10 DAGMAN_REMOVE_NODE_JOBS setting: True
01/12/25 07:28:10 DAGMAN_REMOVE_JOBS_AFTER_LIMIT_CHANGE setting: False
01/12/25 07:28:10 DAGMAN will adjust edges after parsing
01/12/25 07:28:10 argv[0] == "condor_scheduniv_exec.22.0"
01/12/25 07:28:10 argv[1] == "-Lockfile"
01/12/25 07:28:10 argv[2] == "dagman.dag.lock"
01/12/25 07:28:10 argv[3] == "-Dag"
01/12/25 07:28:10 argv[4] == "dagman.dag"
01/12/25 07:28:10 argv[5] == "-MaxIdle"
01/12/25 07:28:10 argv[6] == "1000"
01/12/25 07:28:10 argv[7] == "-CsdVersion"
01/12/25 07:28:10 argv[8] == "$CondorVersion: 23.10.19 2025-01-03 BuildID: 777890 PackageID: 23.10.19-1+ubu24 GitSHA: 91176a00 $"
01/12/25 07:28:10 argv[9] == "-dagman"
01/12/25 07:28:10 argv[10] == "/usr/bin/condor_dagman"
01/12/25 07:28:10 argv[11] == "-AutoRescue"
01/12/25 07:28:10 argv[12] == "1"
01/12/25 07:28:10 argv[13] == "-DoRescueFrom"
01/12/25 07:28:10 argv[14] == "0"
01/12/25 07:28:10 argv[15] == "-force"
01/12/25 07:28:10 Can't open directory "/etc/condor/passwords.d" as PRIV_ROOT, errno: 13 (Permission denied)
01/12/25 07:28:10 Can't open directory "/etc/condor/passwords.d" as PRIV_ROOT, errno: 13 (Permission denied)
01/12/25 07:28:10 Workflow batch-id: <22.0>
01/12/25 07:28:10 Workflow batch-name: <dagman.dag+22>
01/12/25 07:28:10 Workflow accounting_group: <>
01/12/25 07:28:10 Workflow accounting_group_user: <>
01/12/25 07:28:10 Warning: failed to get attribute DAGNodeName
01/12/25 07:28:10 DAGMAN_LOG_ON_NFS_IS_ERROR setting: False
01/12/25 07:28:10 Default node log file is: </home/ubuntu/wqd7008_group_project/./dagman.dag.nodes.log>
01/12/25 07:28:10 DAG Lockfile will be written to dagman.dag.lock
01/12/25 07:28:10 DAG Input file is dagman.dag
01/12/25 07:28:10 Parsing 1 dagfiles
01/12/25 07:28:10 Parsing dagman.dag ...
01/12/25 07:28:10 Adjusting edges
01/12/25 07:28:10 Dag contains 2 total nodes
01/12/25 07:28:10 Bootstrapping...
01/12/25 07:28:10 Number of pre-completed nodes: 0
01/12/25 07:28:10 MultiLogFiles: truncating log file /home/ubuntu/wqd7008_group_project/./dagman.dag.nodes.log
01/12/25 07:28:10 DAG status: 0 (DAG_STATUS_OK)
01/12/25 07:28:10 Of 2 nodes total:
01/12/25 07:28:10  Done     Pre   Queued    Post   Ready   Un-Ready   Failed   Futile
01/12/25 07:28:10   ===     ===      ===     ===     ===        ===      ===      ===
01/12/25 07:28:10     0       0        0       0       2          0        0        0
01/12/25 07:28:10 0 job proc(s) currently held
01/12/25 07:28:10 DAGMan Runtime Statistics: [EventCycleTimeCount = 0.0; EventCycleTimeSum = 0.0; LogProcessCycleTimeCount = 0.0; LogProcessCycleTimeSum = 0.0; SleepCycleTimeCount = 0.0; SleepCycleTimeSum = 0.0; SubmitCycleTimeCount = 0.0; SubmitCycleTimeSum = 0.0; ]
01/12/25 07:28:10 Registering condor_event_timer...
01/12/25 07:28:11 Submitting HTCondor Node ImportJob job(s)...
01/12/25 07:28:11 Submitting node ImportJob from file import.sub using direct job submission
01/12/25 07:28:11 	assigned HTCondor ID (23.0.0)
01/12/25 07:28:11 Submitting HTCondor Node PreprocessJob job(s)...
01/12/25 07:28:11 Submitting node PreprocessJob from file preprocess.sub using direct job submission
01/12/25 07:28:11 	assigned HTCondor ID (24.0.0)
01/12/25 07:28:11 Just submitted 2 jobs this cycle...
01/12/25 07:28:11 DAG status: 0 (DAG_STATUS_OK)
01/12/25 07:28:11 Of 2 nodes total:
01/12/25 07:28:11  Done     Pre   Queued    Post   Ready   Un-Ready   Failed   Futile
01/12/25 07:28:11   ===     ===      ===     ===     ===        ===      ===      ===
01/12/25 07:28:11     0       0        2       0       0          0        0        0
01/12/25 07:28:11 0 job proc(s) currently held
01/12/25 07:28:11 DAGMan Runtime Statistics: [EventCycleTimeCount = 0.0; EventCycleTimeSum = 0.0; LogProcessCycleTimeCount = 0.0; LogProcessCycleTimeSum = 0.0; SleepCycleTimeCount = 0.0; SleepCycleTimeSum = 0.0; SubmitCycleTimeAvg = 0.07335281372070312; SubmitCycleTimeCount = 1.0; SubmitCycleTimeMax = 0.07335281372070312; SubmitCycleTimeMin = 0.07335281372070312; SubmitCycleTimeStd = 0.07335281372070312; SubmitCycleTimeSum = 0.07335281372070312; ]
01/12/25 07:28:16 Currently monitoring 1 HTCondor log file(s)
01/12/25 07:28:16 Reassigning the id of job ImportJob from (23.0.0) to (23.0.0)
01/12/25 07:28:16 Event: ULOG_SUBMIT for HTCondor Node ImportJob (23.0.0) {01/12/25 07:28:11}
01/12/25 07:28:16 Number of idle job procs: 1
01/12/25 07:28:16 Reassigning the id of job PreprocessJob from (24.0.0) to (24.0.0)
01/12/25 07:28:16 Event: ULOG_SUBMIT for HTCondor Node PreprocessJob (24.0.0) {01/12/25 07:28:11}
01/12/25 07:28:16 Number of idle job procs: 2
01/12/25 07:28:26 Currently monitoring 1 HTCondor log file(s)
01/12/25 07:28:26 Event: ULOG_EXECUTE for HTCondor Node PreprocessJob (24.0.0) {01/12/25 07:28:25}
01/12/25 07:28:26 Number of idle job procs: 1
01/12/25 07:28:26 Event: ULOG_EXECUTE for HTCondor Node ImportJob (23.0.0) {01/12/25 07:28:25}
01/12/25 07:28:26 Number of idle job procs: 0
01/12/25 07:28:26 Event: ULOG_JOB_TERMINATED for HTCondor Node ImportJob (23.0.0) {01/12/25 07:28:26}
01/12/25 07:28:26 Number of idle job procs: 0
01/12/25 07:28:26 Node ImportJob job proc (23.0.0) completed successfully.
01/12/25 07:28:26 Node ImportJob job completed
01/12/25 07:28:26 DAG status: 0 (DAG_STATUS_OK)
01/12/25 07:28:26 Of 2 nodes total:
01/12/25 07:28:26  Done     Pre   Queued    Post   Ready   Un-Ready   Failed   Futile
01/12/25 07:28:26   ===     ===      ===     ===     ===        ===      ===      ===
01/12/25 07:28:26     1       0        1       0       0          0        0        0
01/12/25 07:28:26 0 job proc(s) currently held
01/12/25 07:28:26 DAGMan Runtime Statistics: [EventCycleTimeAvg = 0.05219268798828125; EventCycleTimeCount = 3.0; EventCycleTimeMax = 0.1183688640594482; EventCycleTimeMin = 2.717971801757812E-05; EventCycleTimeStd = 0.06040209162241119; EventCycleTimeSum = 0.1565780639648438; LogProcessCycleTimeAvg = 0.04454350471496582; LogProcessCycleTimeCount = 2.0; LogProcessCycleTimeMax = 0.05093598365783691; LogProcessCycleTimeMin = 0.03815102577209473; LogProcessCycleTimeStd = 0.009040330418192726; LogProcessCycleTimeSum = 0.08908700942993164; SleepCycleTimeAvg = 5.005169630050659; SleepCycleTimeCount = 3.0; SleepCycleTimeMax = 5.005230903625488; SleepCycleTimeMin = 5.005092144012451; SleepCycleTimeStd = 7.078623121173613E-05; SleepCycleTimeSum = 15.01550889015198; SubmitCycleTimeAvg = 0.0183403491973877; SubmitCycleTimeCount = 4.0; SubmitCycleTimeMax = 0.07335281372070312; SubmitCycleTimeMin = 2.86102294921875E-06; SubmitCycleTimeStd = 0.03667497634887695; SubmitCycleTimeSum = 0.07336139678955078; ]
01/12/25 07:28:31 Currently monitoring 1 HTCondor log file(s)
01/12/25 07:28:31 Event: ULOG_JOB_TERMINATED for HTCondor Node PreprocessJob (24.0.0) {01/12/25 07:28:26}
01/12/25 07:28:31 Number of idle job procs: 0
01/12/25 07:28:31 Node PreprocessJob job proc (24.0.0) failed with status 1.
01/12/25 07:28:31 DAG status: 2 (DAG_STATUS_NODE_FAILED)
01/12/25 07:28:31 Of 2 nodes total:
01/12/25 07:28:31  Done     Pre   Queued    Post   Ready   Un-Ready   Failed   Futile
01/12/25 07:28:31   ===     ===      ===     ===     ===        ===      ===      ===
01/12/25 07:28:31     1       0        0       0       0          0        1        0
01/12/25 07:28:31 0 job proc(s) currently held
01/12/25 07:28:31 DAGMan Runtime Statistics: [EventCycleTimeAvg = 0.06118351221084595; EventCycleTimeCount = 4.0; EventCycleTimeMax = 0.1183688640594482; EventCycleTimeMin = 2.717971801757812E-05; EventCycleTimeStd = 0.05249395008677027; EventCycleTimeSum = 0.2447340488433838; LogProcessCycleTimeAvg = 0.0372613271077474; LogProcessCycleTimeCount = 3.0; LogProcessCycleTimeMax = 0.05093598365783691; LogProcessCycleTimeMin = 0.02269697189331055; LogProcessCycleTimeStd = 0.01414051339747855; LogProcessCycleTimeSum = 0.1117839813232422; SleepCycleTimeAvg = 5.005232214927673; SleepCycleTimeCount = 4.0; SleepCycleTimeMax = 5.005419969558716; SleepCycleTimeMin = 5.005092144012451; SleepCycleTimeStd = 0.0001378692412261867; SleepCycleTimeSum = 20.02092885971069; SubmitCycleTimeAvg = 0.01467289924621582; SubmitCycleTimeCount = 5.0; SubmitCycleTimeMax = 0.07335281372070312; SubmitCycleTimeMin = 2.86102294921875E-06; SubmitCycleTimeStd = 0.03280306941986932; SubmitCycleTimeSum = 0.0733644962310791; ]
01/12/25 07:28:31 ERROR: the following job(s) failed:
01/12/25 07:28:31 ---------------------- Node ----------------------
01/12/25 07:28:31       Node Name: PreprocessJob
01/12/25 07:28:31            Noop: false
01/12/25 07:28:31          NodeID: 1
01/12/25 07:28:31     Node Status: STATUS_ERROR    
01/12/25 07:28:31 Node return val: 1
01/12/25 07:28:31           Error: Job proc (24.0.0) failed with status 1
01/12/25 07:28:31 Job Submit File: preprocess.sub
01/12/25 07:28:31  HTCondor Job ID: (24.0.0)
01/12/25 07:28:31 PARENTS:  WAITING: 0 CHILDREN: 
01/12/25 07:28:31 ---------------------------------------	<END>
01/12/25 07:28:31 Aborting DAG...
01/12/25 07:28:31 Writing Rescue DAG to dagman.dag.rescue001...
01/12/25 07:28:31 Removing submitted jobs...
01/12/25 07:28:31 Removing any/all submitted HTCondor jobs...
01/12/25 07:28:31 Running: /usr/bin/condor_rm -const DAGManJobId==22 -reason DAG' 'Abort:' 'DAG' 'is' 'exiting' 'and' 'writing' 'rescue' 'file.
01/12/25 07:28:31 Note: 0 total node deferrals because of -MaxJobs limit (0)
01/12/25 07:28:31 Note: 0 total node deferrals because of -MaxIdle limit (1000)
01/12/25 07:28:31 Note: 0 total node deferrals because of node category throttles
01/12/25 07:28:31 Note: 0 total PRE script deferrals because of -MaxPre limit (20) or DEFER
01/12/25 07:28:31 Note: 0 total POST script deferrals because of -MaxPost limit (20) or DEFER
01/12/25 07:28:31 Note: 0 total HOLD script deferrals because of -MaxHold limit (20) or DEFER
01/12/25 07:28:31 DAG status: 2 (DAG_STATUS_NODE_FAILED)
01/12/25 07:28:31 Of 2 nodes total:
01/12/25 07:28:32  Done     Pre   Queued    Post   Ready   Un-Ready   Failed   Futile
01/12/25 07:28:32   ===     ===      ===     ===     ===        ===      ===      ===
01/12/25 07:28:32     1       0        0       0       0          0        1        0
01/12/25 07:28:32 0 job proc(s) currently held
01/12/25 07:28:32 DAGMan Runtime Statistics: [EventCycleTimeAvg = 0.06118351221084595; EventCycleTimeCount = 4.0; EventCycleTimeMax = 0.1183688640594482; EventCycleTimeMin = 2.717971801757812E-05; EventCycleTimeStd = 0.05249395008677027; EventCycleTimeSum = 0.2447340488433838; LogProcessCycleTimeAvg = 0.0372613271077474; LogProcessCycleTimeCount = 3.0; LogProcessCycleTimeMax = 0.05093598365783691; LogProcessCycleTimeMin = 0.02269697189331055; LogProcessCycleTimeStd = 0.01414051339747855; LogProcessCycleTimeSum = 0.1117839813232422; SleepCycleTimeAvg = 5.005232214927673; SleepCycleTimeCount = 4.0; SleepCycleTimeMax = 5.005419969558716; SleepCycleTimeMin = 5.005092144012451; SleepCycleTimeStd = 0.0001378692412261867; SleepCycleTimeSum = 20.02092885971069; SubmitCycleTimeAvg = 0.01467289924621582; SubmitCycleTimeCount = 5.0; SubmitCycleTimeMax = 0.07335281372070312; SubmitCycleTimeMin = 2.86102294921875E-06; SubmitCycleTimeStd = 0.03280306941986932; SubmitCycleTimeSum = 0.0733644962310791; ]
01/12/25 07:28:32 Wrote metrics file dagman.dag.metrics.
01/12/25 07:28:32 DAGMan Runtime Statistics: [EventCycleTimeAvg = 0.06118351221084595; EventCycleTimeCount = 4.0; EventCycleTimeMax = 0.1183688640594482; EventCycleTimeMin = 2.717971801757812E-05; EventCycleTimeStd = 0.05249395008677027; EventCycleTimeSum = 0.2447340488433838; LogProcessCycleTimeAvg = 0.0372613271077474; LogProcessCycleTimeCount = 3.0; LogProcessCycleTimeMax = 0.05093598365783691; LogProcessCycleTimeMin = 0.02269697189331055; LogProcessCycleTimeStd = 0.01414051339747855; LogProcessCycleTimeSum = 0.1117839813232422; SleepCycleTimeAvg = 5.005232214927673; SleepCycleTimeCount = 4.0; SleepCycleTimeMax = 5.005419969558716; SleepCycleTimeMin = 5.005092144012451; SleepCycleTimeStd = 0.0001378692412261867; SleepCycleTimeSum = 20.02092885971069; SubmitCycleTimeAvg = 0.01467289924621582; SubmitCycleTimeCount = 5.0; SubmitCycleTimeMax = 0.07335281372070312; SubmitCycleTimeMin = 2.86102294921875E-06; SubmitCycleTimeStd = 0.03280306941986932; SubmitCycleTimeSum = 0.0733644962310791; ]
01/12/25 07:28:32 **** condor_scheduniv_exec.22.0 (condor_DAGMAN) pid 1821 EXITING WITH STATUS 1
01/12/25 07:30:02 ******************************************************
01/12/25 07:30:02 ** condor_scheduniv_exec.25.0 (CONDOR_DAGMAN) STARTING UP
01/12/25 07:30:02 ** /usr/bin/condor_dagman
01/12/25 07:30:02 ** SubsystemInfo: name=DAGMAN type=DAGMAN(9) class=CLIENT(2)
01/12/25 07:30:02 ** Configuration: subsystem:DAGMAN local:<NONE> class:CLIENT
01/12/25 07:30:02 ** $CondorVersion: 23.10.19 2025-01-03 BuildID: 777890 PackageID: 23.10.19-1+ubu24 GitSHA: 91176a00 $
01/12/25 07:30:02 ** $CondorPlatform: X86_64-Ubuntu_24.04 $
01/12/25 07:30:02 ** PID = 1845 RealUID = 1000
01/12/25 07:30:02 ** Log last touched 1/12 07:28:32
01/12/25 07:30:02 ******************************************************
01/12/25 07:30:02 Using config source: /etc/condor/condor_config
01/12/25 07:30:02 Using local config sources: 
01/12/25 07:30:02    /etc/condor/config.d/00-security
01/12/25 07:30:02    /etc/condor/config.d/01-submit.config
01/12/25 07:30:02    /etc/condor/config.d/10-stash-plugin.conf
01/12/25 07:30:02    /etc/condor/condor_config.local
01/12/25 07:30:02 config Macros = 75, Sorted = 75, StringBytes = 2325, TablesBytes = 2764
01/12/25 07:30:02 CLASSAD_CACHING is ENABLED
01/12/25 07:30:02 Daemon Log is logging: D_ALWAYS D_ERROR D_STATUS
01/12/25 07:30:03 DaemonCore: No command port requested.
01/12/25 07:30:03 DAGMAN_USE_STRICT setting: 1
01/12/25 07:30:03 DAGMAN_VERBOSITY setting: 3
01/12/25 07:30:03 DAGMAN_DEBUG_CACHE_SIZE setting: 5242880
01/12/25 07:30:03 DAGMAN_DEBUG_CACHE_ENABLE setting: False
01/12/25 07:30:03 DAGMAN_SUBMIT_DELAY setting: 0
01/12/25 07:30:03 DAGMAN_MAX_SUBMIT_ATTEMPTS setting: 6
01/12/25 07:30:03 DAGMAN_STARTUP_CYCLE_DETECT setting: False
01/12/25 07:30:03 DAGMAN_MAX_SUBMITS_PER_INTERVAL setting: 100
01/12/25 07:30:03 DAGMAN_AGGRESSIVE_SUBMIT setting: False
01/12/25 07:30:03 DAGMAN_USER_LOG_SCAN_INTERVAL setting: 5
01/12/25 07:30:03 DAGMAN_QUEUE_UPDATE_INTERVAL setting: 300
01/12/25 07:30:03 DAGMAN_DEFAULT_PRIORITY setting: 0
01/12/25 07:30:03 DAGMAN_SUPPRESS_NOTIFICATION setting: False
01/12/25 07:30:03 allow_events (DAGMAN_ALLOW_EVENTS) setting: 114
01/12/25 07:30:03 DAGMAN_RETRY_SUBMIT_FIRST setting: True
01/12/25 07:30:03 DAGMAN_RETRY_NODE_FIRST setting: False
01/12/25 07:30:03 DAGMAN_MAX_JOBS_IDLE setting: 1000
01/12/25 07:30:03 DAGMAN_MAX_JOBS_SUBMITTED setting: 0
01/12/25 07:30:03 DAGMAN_MAX_PRE_SCRIPTS setting: 20
01/12/25 07:30:03 DAGMAN_MAX_POST_SCRIPTS setting: 20
01/12/25 07:30:03 DAGMAN_MAX_HOLD_SCRIPTS setting: 20
01/12/25 07:30:03 DAGMAN_MUNGE_NODE_NAMES setting: True
01/12/25 07:30:03 DAGMAN_PROHIBIT_MULTI_JOBS setting: False
01/12/25 07:30:03 DAGMAN_SUBMIT_DEPTH_FIRST setting: False
01/12/25 07:30:03 DAGMAN_ALWAYS_RUN_POST setting: False
01/12/25 07:30:03 DAGMAN_CONDOR_SUBMIT_EXE setting: /usr/bin/condor_submit
01/12/25 07:30:03 DAGMAN_CONDOR_RM_EXE setting: /usr/bin/condor_rm
01/12/25 07:30:03 DAGMAN_USE_DIRECT_SUBMIT setting: True
01/12/25 07:30:03 DAGMAN_PRODUCE_JOB_CREDENTIALS setting: True
01/12/25 07:30:03 DAGMAN_DEFAULT_APPEND_VARS setting: False
01/12/25 07:30:03 DAGMAN_INHERIT_ATTRS_PREFIX setting: 
01/12/25 07:30:03 DAGMAN_INHERIT_ATTRS setting: 
01/12/25 07:30:03 DAGMAN_ABORT_DUPLICATES setting: True
01/12/25 07:30:03 DAGMAN_ABORT_ON_SCARY_SUBMIT setting: True
01/12/25 07:30:03 DAGMAN_PENDING_REPORT_INTERVAL setting: 600
01/12/25 07:30:03 DAGMAN_CHECK_QUEUE_INTERVAL setting: 28800
01/12/25 07:30:03 DAGMAN_AUTO_RESCUE setting: True
01/12/25 07:30:03 DAGMAN_MAX_RESCUE_NUM setting: 100
01/12/25 07:30:03 DAGMAN_WRITE_PARTIAL_RESCUE setting: True
01/12/25 07:30:03 DAGMAN_DEFAULT_NODE_LOG setting: @(DAG_DIR)/@(DAG_FILE).nodes.log
01/12/25 07:30:03 DAGMAN_GENERATE_SUBDAG_SUBMITS setting: True
01/12/25 07:30:03 DAGMAN_MAX_JOB_HOLDS setting: 100
01/12/25 07:30:03 DAGMAN_HOLD_CLAIM_TIME setting: 20
01/12/25 07:30:03 DAGMAN_SUPPRESS_JOB_LOGS setting: False
01/12/25 07:30:03 DAGMAN_REMOVE_NODE_JOBS setting: True
01/12/25 07:30:03 DAGMAN_REMOVE_JOBS_AFTER_LIMIT_CHANGE setting: False
01/12/25 07:30:03 DAGMAN will adjust edges after parsing
01/12/25 07:30:03 argv[0] == "condor_scheduniv_exec.25.0"
01/12/25 07:30:03 argv[1] == "-Lockfile"
01/12/25 07:30:03 argv[2] == "dagman.dag.lock"
01/12/25 07:30:03 argv[3] == "-Dag"
01/12/25 07:30:03 argv[4] == "dagman.dag"
01/12/25 07:30:03 argv[5] == "-MaxIdle"
01/12/25 07:30:03 argv[6] == "1000"
01/12/25 07:30:03 argv[7] == "-CsdVersion"
01/12/25 07:30:03 argv[8] == "$CondorVersion: 23.10.19 2025-01-03 BuildID: 777890 PackageID: 23.10.19-1+ubu24 GitSHA: 91176a00 $"
01/12/25 07:30:03 argv[9] == "-dagman"
01/12/25 07:30:03 argv[10] == "/usr/bin/condor_dagman"
01/12/25 07:30:03 argv[11] == "-AutoRescue"
01/12/25 07:30:03 argv[12] == "1"
01/12/25 07:30:03 argv[13] == "-DoRescueFrom"
01/12/25 07:30:03 argv[14] == "0"
01/12/25 07:30:03 argv[15] == "-force"
01/12/25 07:30:03 Can't open directory "/etc/condor/passwords.d" as PRIV_ROOT, errno: 13 (Permission denied)
01/12/25 07:30:03 Can't open directory "/etc/condor/passwords.d" as PRIV_ROOT, errno: 13 (Permission denied)
01/12/25 07:30:03 Workflow batch-id: <25.0>
01/12/25 07:30:03 Workflow batch-name: <dagman.dag+25>
01/12/25 07:30:03 Workflow accounting_group: <>
01/12/25 07:30:03 Workflow accounting_group_user: <>
01/12/25 07:30:03 Warning: failed to get attribute DAGNodeName
01/12/25 07:30:03 DAGMAN_LOG_ON_NFS_IS_ERROR setting: False
01/12/25 07:30:03 Default node log file is: </home/ubuntu/wqd7008_group_project/./dagman.dag.nodes.log>
01/12/25 07:30:03 DAG Lockfile will be written to dagman.dag.lock
01/12/25 07:30:03 DAG Input file is dagman.dag
01/12/25 07:30:03 Parsing 1 dagfiles
01/12/25 07:30:03 Parsing dagman.dag ...
01/12/25 07:30:03 Adjusting edges
01/12/25 07:30:03 Dag contains 2 total nodes
01/12/25 07:30:03 Bootstrapping...
01/12/25 07:30:03 Number of pre-completed nodes: 0
01/12/25 07:30:03 MultiLogFiles: truncating log file /home/ubuntu/wqd7008_group_project/./dagman.dag.nodes.log
01/12/25 07:30:03 DAG status: 0 (DAG_STATUS_OK)
01/12/25 07:30:03 Of 2 nodes total:
01/12/25 07:30:03  Done     Pre   Queued    Post   Ready   Un-Ready   Failed   Futile
01/12/25 07:30:03   ===     ===      ===     ===     ===        ===      ===      ===
01/12/25 07:30:03     0       0        0       0       2          0        0        0
01/12/25 07:30:03 0 job proc(s) currently held
01/12/25 07:30:03 DAGMan Runtime Statistics: [EventCycleTimeCount = 0.0; EventCycleTimeSum = 0.0; LogProcessCycleTimeCount = 0.0; LogProcessCycleTimeSum = 0.0; SleepCycleTimeCount = 0.0; SleepCycleTimeSum = 0.0; SubmitCycleTimeCount = 0.0; SubmitCycleTimeSum = 0.0; ]
01/12/25 07:30:03 Registering condor_event_timer...
01/12/25 07:30:04 Submitting HTCondor Node ImportJob job(s)...
01/12/25 07:30:04 Submitting node ImportJob from file import.sub using direct job submission
01/12/25 07:30:04 	assigned HTCondor ID (26.0.0)
01/12/25 07:30:04 Submitting HTCondor Node PreprocessJob job(s)...
01/12/25 07:30:04 Submitting node PreprocessJob from file preprocess.sub using direct job submission
01/12/25 07:30:04 	assigned HTCondor ID (27.0.0)
01/12/25 07:30:04 Just submitted 2 jobs this cycle...
01/12/25 07:30:04 DAG status: 0 (DAG_STATUS_OK)
01/12/25 07:30:04 Of 2 nodes total:
01/12/25 07:30:04  Done     Pre   Queued    Post   Ready   Un-Ready   Failed   Futile
01/12/25 07:30:04   ===     ===      ===     ===     ===        ===      ===      ===
01/12/25 07:30:04     0       0        2       0       0          0        0        0
01/12/25 07:30:04 0 job proc(s) currently held
01/12/25 07:30:04 DAGMan Runtime Statistics: [EventCycleTimeCount = 0.0; EventCycleTimeSum = 0.0; LogProcessCycleTimeCount = 0.0; LogProcessCycleTimeSum = 0.0; SleepCycleTimeCount = 0.0; SleepCycleTimeSum = 0.0; SubmitCycleTimeAvg = 0.0695641040802002; SubmitCycleTimeCount = 1.0; SubmitCycleTimeMax = 0.0695641040802002; SubmitCycleTimeMin = 0.0695641040802002; SubmitCycleTimeStd = 0.0695641040802002; SubmitCycleTimeSum = 0.0695641040802002; ]
01/12/25 07:30:09 Currently monitoring 1 HTCondor log file(s)
01/12/25 07:30:09 Reassigning the id of job ImportJob from (26.0.0) to (26.0.0)
01/12/25 07:30:09 Event: ULOG_SUBMIT for HTCondor Node ImportJob (26.0.0) {01/12/25 07:30:04}
01/12/25 07:30:09 Number of idle job procs: 1
01/12/25 07:30:09 Reassigning the id of job PreprocessJob from (27.0.0) to (27.0.0)
01/12/25 07:30:09 Event: ULOG_SUBMIT for HTCondor Node PreprocessJob (27.0.0) {01/12/25 07:30:04}
01/12/25 07:30:09 Number of idle job procs: 2
01/12/25 07:30:24 Currently monitoring 1 HTCondor log file(s)
01/12/25 07:30:24 Event: ULOG_EXECUTE for HTCondor Node PreprocessJob (27.0.0) {01/12/25 07:30:23}
01/12/25 07:30:24 Number of idle job procs: 1
01/12/25 07:30:24 Event: ULOG_EXECUTE for HTCondor Node ImportJob (26.0.0) {01/12/25 07:30:23}
01/12/25 07:30:24 Number of idle job procs: 0
01/12/25 07:30:24 Event: ULOG_JOB_TERMINATED for HTCondor Node ImportJob (26.0.0) {01/12/25 07:30:24}
01/12/25 07:30:24 Number of idle job procs: 0
01/12/25 07:30:24 Node ImportJob job proc (26.0.0) completed successfully.
01/12/25 07:30:24 Node ImportJob job completed
01/12/25 07:30:24 Event: ULOG_JOB_TERMINATED for HTCondor Node PreprocessJob (27.0.0) {01/12/25 07:30:24}
01/12/25 07:30:24 Number of idle job procs: 0
01/12/25 07:30:24 Node PreprocessJob job proc (27.0.0) failed with status 1.
01/12/25 07:30:24 DAG status: 2 (DAG_STATUS_NODE_FAILED)
01/12/25 07:30:24 Of 2 nodes total:
01/12/25 07:30:24  Done     Pre   Queued    Post   Ready   Un-Ready   Failed   Futile
01/12/25 07:30:24   ===     ===      ===     ===     ===        ===      ===      ===
01/12/25 07:30:24     1       0        0       0       0          0        1        0
01/12/25 07:30:24 0 job proc(s) currently held
01/12/25 07:30:24 DAGMan Runtime Statistics: [EventCycleTimeAvg = 0.03817456960678101; EventCycleTimeCount = 4.0; EventCycleTimeMax = 0.116692066192627; EventCycleTimeMin = 2.717971801757812E-05; EventCycleTimeStd = 0.05501548387005386; EventCycleTimeSum = 0.152698278427124; LogProcessCycleTimeAvg = 0.05166494846343994; LogProcessCycleTimeCount = 2.0; LogProcessCycleTimeMax = 0.0674140453338623; LogProcessCycleTimeMin = 0.03591585159301758; LogProcessCycleTimeStd = 0.02227258638927897; LogProcessCycleTimeSum = 0.1033298969268799; SleepCycleTimeAvg = 5.005132138729095; SleepCycleTimeCount = 4.0; SleepCycleTimeMax = 5.00519585609436; SleepCycleTimeMin = 5.005088806152344; SleepCycleTimeStd = 4.998699152305067E-05; SleepCycleTimeSum = 20.02052855491638; SubmitCycleTimeAvg = 0.01391525268554688; SubmitCycleTimeCount = 5.0; SubmitCycleTimeMax = 0.0695641040802002; SubmitCycleTimeMin = 2.86102294921875E-06; SubmitCycleTimeStd = 0.03110865364722851; SubmitCycleTimeSum = 0.06957626342773438; ]
01/12/25 07:30:24 ERROR: the following job(s) failed:
01/12/25 07:30:24 ---------------------- Node ----------------------
01/12/25 07:30:24       Node Name: PreprocessJob
01/12/25 07:30:24            Noop: false
01/12/25 07:30:24          NodeID: 1
01/12/25 07:30:24     Node Status: STATUS_ERROR    
01/12/25 07:30:24 Node return val: 1
01/12/25 07:30:24           Error: Job proc (27.0.0) failed with status 1
01/12/25 07:30:24 Job Submit File: preprocess.sub
01/12/25 07:30:24  HTCondor Job ID: (27.0.0)
01/12/25 07:30:24 PARENTS:  WAITING: 0 CHILDREN: 
01/12/25 07:30:24 ---------------------------------------	<END>
01/12/25 07:30:24 Aborting DAG...
01/12/25 07:30:24 Writing Rescue DAG to dagman.dag.rescue001...
01/12/25 07:30:24 Removing submitted jobs...
01/12/25 07:30:24 Removing any/all submitted HTCondor jobs...
01/12/25 07:30:24 Running: /usr/bin/condor_rm -const DAGManJobId==25 -reason DAG' 'Abort:' 'DAG' 'is' 'exiting' 'and' 'writing' 'rescue' 'file.
01/12/25 07:30:24 Note: 0 total node deferrals because of -MaxJobs limit (0)
01/12/25 07:30:24 Note: 0 total node deferrals because of -MaxIdle limit (1000)
01/12/25 07:30:24 Note: 0 total node deferrals because of node category throttles
01/12/25 07:30:24 Note: 0 total PRE script deferrals because of -MaxPre limit (20) or DEFER
01/12/25 07:30:24 Note: 0 total POST script deferrals because of -MaxPost limit (20) or DEFER
01/12/25 07:30:24 Note: 0 total HOLD script deferrals because of -MaxHold limit (20) or DEFER
01/12/25 07:30:24 DAG status: 2 (DAG_STATUS_NODE_FAILED)
01/12/25 07:30:24 Of 2 nodes total:
01/12/25 07:30:24  Done     Pre   Queued    Post   Ready   Un-Ready   Failed   Futile
01/12/25 07:30:24   ===     ===      ===     ===     ===        ===      ===      ===
01/12/25 07:30:24     1       0        0       0       0          0        1        0
01/12/25 07:30:24 0 job proc(s) currently held
01/12/25 07:30:24 DAGMan Runtime Statistics: [EventCycleTimeAvg = 0.03817456960678101; EventCycleTimeCount = 4.0; EventCycleTimeMax = 0.116692066192627; EventCycleTimeMin = 2.717971801757812E-05; EventCycleTimeStd = 0.05501548387005386; EventCycleTimeSum = 0.152698278427124; LogProcessCycleTimeAvg = 0.05166494846343994; LogProcessCycleTimeCount = 2.0; LogProcessCycleTimeMax = 0.0674140453338623; LogProcessCycleTimeMin = 0.03591585159301758; LogProcessCycleTimeStd = 0.02227258638927897; LogProcessCycleTimeSum = 0.1033298969268799; SleepCycleTimeAvg = 5.005132138729095; SleepCycleTimeCount = 4.0; SleepCycleTimeMax = 5.00519585609436; SleepCycleTimeMin = 5.005088806152344; SleepCycleTimeStd = 4.998699152305067E-05; SleepCycleTimeSum = 20.02052855491638; SubmitCycleTimeAvg = 0.01391525268554688; SubmitCycleTimeCount = 5.0; SubmitCycleTimeMax = 0.0695641040802002; SubmitCycleTimeMin = 2.86102294921875E-06; SubmitCycleTimeStd = 0.03110865364722851; SubmitCycleTimeSum = 0.06957626342773438; ]
01/12/25 07:30:24 Wrote metrics file dagman.dag.metrics.
01/12/25 07:30:24 DAGMan Runtime Statistics: [EventCycleTimeAvg = 0.03817456960678101; EventCycleTimeCount = 4.0; EventCycleTimeMax = 0.116692066192627; EventCycleTimeMin = 2.717971801757812E-05; EventCycleTimeStd = 0.05501548387005386; EventCycleTimeSum = 0.152698278427124; LogProcessCycleTimeAvg = 0.05166494846343994; LogProcessCycleTimeCount = 2.0; LogProcessCycleTimeMax = 0.0674140453338623; LogProcessCycleTimeMin = 0.03591585159301758; LogProcessCycleTimeStd = 0.02227258638927897; LogProcessCycleTimeSum = 0.1033298969268799; SleepCycleTimeAvg = 5.005132138729095; SleepCycleTimeCount = 4.0; SleepCycleTimeMax = 5.00519585609436; SleepCycleTimeMin = 5.005088806152344; SleepCycleTimeStd = 4.998699152305067E-05; SleepCycleTimeSum = 20.02052855491638; SubmitCycleTimeAvg = 0.01391525268554688; SubmitCycleTimeCount = 5.0; SubmitCycleTimeMax = 0.0695641040802002; SubmitCycleTimeMin = 2.86102294921875E-06; SubmitCycleTimeStd = 0.03110865364722851; SubmitCycleTimeSum = 0.06957626342773438; ]
01/12/25 07:30:25 **** condor_scheduniv_exec.25.0 (condor_DAGMAN) pid 1845 EXITING WITH STATUS 1
01/12/25 07:38:14 ******************************************************
01/12/25 07:38:14 ** condor_scheduniv_exec.28.0 (CONDOR_DAGMAN) STARTING UP
01/12/25 07:38:14 ** /usr/bin/condor_dagman
01/12/25 07:38:14 ** SubsystemInfo: name=DAGMAN type=DAGMAN(9) class=CLIENT(2)
01/12/25 07:38:14 ** Configuration: subsystem:DAGMAN local:<NONE> class:CLIENT
01/12/25 07:38:14 ** $CondorVersion: 23.10.19 2025-01-03 BuildID: 777890 PackageID: 23.10.19-1+ubu24 GitSHA: 91176a00 $
01/12/25 07:38:14 ** $CondorPlatform: X86_64-Ubuntu_24.04 $
01/12/25 07:38:14 ** PID = 1888 RealUID = 1000
01/12/25 07:38:14 ** Log last touched 1/12 07:30:25
01/12/25 07:38:14 ******************************************************
01/12/25 07:38:14 Using config source: /etc/condor/condor_config
01/12/25 07:38:14 Using local config sources: 
01/12/25 07:38:14    /etc/condor/config.d/00-security
01/12/25 07:38:14    /etc/condor/config.d/01-submit.config
01/12/25 07:38:14    /etc/condor/config.d/10-stash-plugin.conf
01/12/25 07:38:14    /etc/condor/condor_config.local
01/12/25 07:38:14 config Macros = 75, Sorted = 75, StringBytes = 2325, TablesBytes = 2764
01/12/25 07:38:14 CLASSAD_CACHING is ENABLED
01/12/25 07:38:14 Daemon Log is logging: D_ALWAYS D_ERROR D_STATUS
01/12/25 07:38:14 DaemonCore: No command port requested.
01/12/25 07:38:14 DAGMAN_USE_STRICT setting: 1
01/12/25 07:38:14 DAGMAN_VERBOSITY setting: 3
01/12/25 07:38:14 DAGMAN_DEBUG_CACHE_SIZE setting: 5242880
01/12/25 07:38:14 DAGMAN_DEBUG_CACHE_ENABLE setting: False
01/12/25 07:38:14 DAGMAN_SUBMIT_DELAY setting: 0
01/12/25 07:38:14 DAGMAN_MAX_SUBMIT_ATTEMPTS setting: 6
01/12/25 07:38:14 DAGMAN_STARTUP_CYCLE_DETECT setting: False
01/12/25 07:38:14 DAGMAN_MAX_SUBMITS_PER_INTERVAL setting: 100
01/12/25 07:38:15 DAGMAN_AGGRESSIVE_SUBMIT setting: False
01/12/25 07:38:15 DAGMAN_USER_LOG_SCAN_INTERVAL setting: 5
01/12/25 07:38:15 DAGMAN_QUEUE_UPDATE_INTERVAL setting: 300
01/12/25 07:38:15 DAGMAN_DEFAULT_PRIORITY setting: 0
01/12/25 07:38:15 DAGMAN_SUPPRESS_NOTIFICATION setting: False
01/12/25 07:38:15 allow_events (DAGMAN_ALLOW_EVENTS) setting: 114
01/12/25 07:38:15 DAGMAN_RETRY_SUBMIT_FIRST setting: True
01/12/25 07:38:15 DAGMAN_RETRY_NODE_FIRST setting: False
01/12/25 07:38:15 DAGMAN_MAX_JOBS_IDLE setting: 1000
01/12/25 07:38:15 DAGMAN_MAX_JOBS_SUBMITTED setting: 0
01/12/25 07:38:15 DAGMAN_MAX_PRE_SCRIPTS setting: 20
01/12/25 07:38:15 DAGMAN_MAX_POST_SCRIPTS setting: 20
01/12/25 07:38:15 DAGMAN_MAX_HOLD_SCRIPTS setting: 20
01/12/25 07:38:15 DAGMAN_MUNGE_NODE_NAMES setting: True
01/12/25 07:38:15 DAGMAN_PROHIBIT_MULTI_JOBS setting: False
01/12/25 07:38:15 DAGMAN_SUBMIT_DEPTH_FIRST setting: False
01/12/25 07:38:15 DAGMAN_ALWAYS_RUN_POST setting: False
01/12/25 07:38:15 DAGMAN_CONDOR_SUBMIT_EXE setting: /usr/bin/condor_submit
01/12/25 07:38:15 DAGMAN_CONDOR_RM_EXE setting: /usr/bin/condor_rm
01/12/25 07:38:15 DAGMAN_USE_DIRECT_SUBMIT setting: True
01/12/25 07:38:15 DAGMAN_PRODUCE_JOB_CREDENTIALS setting: True
01/12/25 07:38:15 DAGMAN_DEFAULT_APPEND_VARS setting: False
01/12/25 07:38:15 DAGMAN_INHERIT_ATTRS_PREFIX setting: 
01/12/25 07:38:15 DAGMAN_INHERIT_ATTRS setting: 
01/12/25 07:38:15 DAGMAN_ABORT_DUPLICATES setting: True
01/12/25 07:38:15 DAGMAN_ABORT_ON_SCARY_SUBMIT setting: True
01/12/25 07:38:15 DAGMAN_PENDING_REPORT_INTERVAL setting: 600
01/12/25 07:38:15 DAGMAN_CHECK_QUEUE_INTERVAL setting: 28800
01/12/25 07:38:15 DAGMAN_AUTO_RESCUE setting: True
01/12/25 07:38:15 DAGMAN_MAX_RESCUE_NUM setting: 100
01/12/25 07:38:15 DAGMAN_WRITE_PARTIAL_RESCUE setting: True
01/12/25 07:38:15 DAGMAN_DEFAULT_NODE_LOG setting: @(DAG_DIR)/@(DAG_FILE).nodes.log
01/12/25 07:38:15 DAGMAN_GENERATE_SUBDAG_SUBMITS setting: True
01/12/25 07:38:15 DAGMAN_MAX_JOB_HOLDS setting: 100
01/12/25 07:38:15 DAGMAN_HOLD_CLAIM_TIME setting: 20
01/12/25 07:38:15 DAGMAN_SUPPRESS_JOB_LOGS setting: False
01/12/25 07:38:15 DAGMAN_REMOVE_NODE_JOBS setting: True
01/12/25 07:38:15 DAGMAN_REMOVE_JOBS_AFTER_LIMIT_CHANGE setting: False
01/12/25 07:38:15 DAGMAN will adjust edges after parsing
01/12/25 07:38:15 argv[0] == "condor_scheduniv_exec.28.0"
01/12/25 07:38:15 argv[1] == "-Lockfile"
01/12/25 07:38:15 argv[2] == "dagman.dag.lock"
01/12/25 07:38:15 argv[3] == "-Dag"
01/12/25 07:38:15 argv[4] == "dagman.dag"
01/12/25 07:38:15 argv[5] == "-MaxIdle"
01/12/25 07:38:15 argv[6] == "1000"
01/12/25 07:38:15 argv[7] == "-CsdVersion"
01/12/25 07:38:15 argv[8] == "$CondorVersion: 23.10.19 2025-01-03 BuildID: 777890 PackageID: 23.10.19-1+ubu24 GitSHA: 91176a00 $"
01/12/25 07:38:15 argv[9] == "-dagman"
01/12/25 07:38:15 argv[10] == "/usr/bin/condor_dagman"
01/12/25 07:38:15 argv[11] == "-AutoRescue"
01/12/25 07:38:15 argv[12] == "1"
01/12/25 07:38:15 argv[13] == "-DoRescueFrom"
01/12/25 07:38:15 argv[14] == "0"
01/12/25 07:38:15 argv[15] == "-force"
01/12/25 07:38:15 Can't open directory "/etc/condor/passwords.d" as PRIV_ROOT, errno: 13 (Permission denied)
01/12/25 07:38:15 Can't open directory "/etc/condor/passwords.d" as PRIV_ROOT, errno: 13 (Permission denied)
01/12/25 07:38:15 Workflow batch-id: <28.0>
01/12/25 07:38:15 Workflow batch-name: <dagman.dag+28>
01/12/25 07:38:15 Workflow accounting_group: <>
01/12/25 07:38:15 Workflow accounting_group_user: <>
01/12/25 07:38:15 Warning: failed to get attribute DAGNodeName
01/12/25 07:38:15 DAGMAN_LOG_ON_NFS_IS_ERROR setting: False
01/12/25 07:38:15 Default node log file is: </home/ubuntu/wqd7008_group_project/./dagman.dag.nodes.log>
01/12/25 07:38:15 DAG Lockfile will be written to dagman.dag.lock
01/12/25 07:38:15 DAG Input file is dagman.dag
01/12/25 07:38:15 Parsing 1 dagfiles
01/12/25 07:38:15 Parsing dagman.dag ...
01/12/25 07:38:15 Adjusting edges
01/12/25 07:38:15 Dag contains 2 total nodes
01/12/25 07:38:15 Bootstrapping...
01/12/25 07:38:15 Number of pre-completed nodes: 0
01/12/25 07:38:15 MultiLogFiles: truncating log file /home/ubuntu/wqd7008_group_project/./dagman.dag.nodes.log
01/12/25 07:38:15 DAG status: 0 (DAG_STATUS_OK)
01/12/25 07:38:15 Of 2 nodes total:
01/12/25 07:38:15  Done     Pre   Queued    Post   Ready   Un-Ready   Failed   Futile
01/12/25 07:38:15   ===     ===      ===     ===     ===        ===      ===      ===
01/12/25 07:38:15     0       0        0       0       2          0        0        0
01/12/25 07:38:15 0 job proc(s) currently held
01/12/25 07:38:15 DAGMan Runtime Statistics: [EventCycleTimeCount = 0.0; EventCycleTimeSum = 0.0; LogProcessCycleTimeCount = 0.0; LogProcessCycleTimeSum = 0.0; SleepCycleTimeCount = 0.0; SleepCycleTimeSum = 0.0; SubmitCycleTimeCount = 0.0; SubmitCycleTimeSum = 0.0; ]
01/12/25 07:38:15 Registering condor_event_timer...
01/12/25 07:38:16 Submitting HTCondor Node ImportJob job(s)...
01/12/25 07:38:16 Submitting node ImportJob from file import.sub using direct job submission
01/12/25 07:38:16 	assigned HTCondor ID (29.0.0)
01/12/25 07:38:16 Submitting HTCondor Node PreprocessJob job(s)...
01/12/25 07:38:16 Submitting node PreprocessJob from file preprocess.sub using direct job submission
01/12/25 07:38:16 	assigned HTCondor ID (30.0.0)
01/12/25 07:38:16 Just submitted 2 jobs this cycle...
01/12/25 07:38:16 DAG status: 0 (DAG_STATUS_OK)
01/12/25 07:38:16 Of 2 nodes total:
01/12/25 07:38:16  Done     Pre   Queued    Post   Ready   Un-Ready   Failed   Futile
01/12/25 07:38:16   ===     ===      ===     ===     ===        ===      ===      ===
01/12/25 07:38:16     0       0        2       0       0          0        0        0
01/12/25 07:38:16 0 job proc(s) currently held
01/12/25 07:38:16 DAGMan Runtime Statistics: [EventCycleTimeCount = 0.0; EventCycleTimeSum = 0.0; LogProcessCycleTimeCount = 0.0; LogProcessCycleTimeSum = 0.0; SleepCycleTimeCount = 0.0; SleepCycleTimeSum = 0.0; SubmitCycleTimeAvg = 0.06597805023193359; SubmitCycleTimeCount = 1.0; SubmitCycleTimeMax = 0.06597805023193359; SubmitCycleTimeMin = 0.06597805023193359; SubmitCycleTimeStd = 0.06597805023193359; SubmitCycleTimeSum = 0.06597805023193359; ]
01/12/25 07:38:21 Currently monitoring 1 HTCondor log file(s)
01/12/25 07:38:21 Reassigning the id of job ImportJob from (29.0.0) to (29.0.0)
01/12/25 07:38:21 Event: ULOG_SUBMIT for HTCondor Node ImportJob (29.0.0) {01/12/25 07:38:16}
01/12/25 07:38:21 Number of idle job procs: 1
01/12/25 07:38:21 Reassigning the id of job PreprocessJob from (30.0.0) to (30.0.0)
01/12/25 07:38:21 Event: ULOG_SUBMIT for HTCondor Node PreprocessJob (30.0.0) {01/12/25 07:38:16}
01/12/25 07:38:21 Number of idle job procs: 2
01/12/25 07:38:36 Currently monitoring 1 HTCondor log file(s)
01/12/25 07:38:36 Event: ULOG_EXECUTE for HTCondor Node PreprocessJob (30.0.0) {01/12/25 07:38:35}
01/12/25 07:38:36 Number of idle job procs: 1
01/12/25 07:38:36 Event: ULOG_EXECUTE for HTCondor Node ImportJob (29.0.0) {01/12/25 07:38:35}
01/12/25 07:38:36 Number of idle job procs: 0
01/12/25 07:38:36 Event: ULOG_JOB_TERMINATED for HTCondor Node ImportJob (29.0.0) {01/12/25 07:38:36}
01/12/25 07:38:36 Number of idle job procs: 0
01/12/25 07:38:36 Node ImportJob job proc (29.0.0) completed successfully.
01/12/25 07:38:36 Node ImportJob job completed
01/12/25 07:38:36 Event: ULOG_JOB_TERMINATED for HTCondor Node PreprocessJob (30.0.0) {01/12/25 07:38:36}
01/12/25 07:38:36 Number of idle job procs: 0
01/12/25 07:38:36 Node PreprocessJob job proc (30.0.0) failed with status 1.
01/12/25 07:38:36 DAG status: 2 (DAG_STATUS_NODE_FAILED)
01/12/25 07:38:36 Of 2 nodes total:
01/12/25 07:38:36  Done     Pre   Queued    Post   Ready   Un-Ready   Failed   Futile
01/12/25 07:38:36   ===     ===      ===     ===     ===        ===      ===      ===
01/12/25 07:38:36     1       0        0       0       0          0        1        0
01/12/25 07:38:36 0 job proc(s) currently held
01/12/25 07:38:36 DAGMan Runtime Statistics: [EventCycleTimeAvg = 0.03717470169067383; EventCycleTimeCount = 4.0; EventCycleTimeMax = 0.1140580177307129; EventCycleTimeMin = 2.694129943847656E-05; EventCycleTimeStd = 0.0537796341456617; EventCycleTimeSum = 0.1486988067626953; LogProcessCycleTimeAvg = 0.04707992076873779; LogProcessCycleTimeCount = 2.0; LogProcessCycleTimeMax = 0.05961489677429199; LogProcessCycleTimeMin = 0.03454494476318359; LogProcessCycleTimeStd = 0.01772713307107607; LogProcessCycleTimeSum = 0.09415984153747559; SleepCycleTimeAvg = 5.005142331123352; SleepCycleTimeCount = 4.0; SleepCycleTimeMax = 5.005472898483276; SleepCycleTimeMin = 5.004670143127441; SleepCycleTimeStd = 0.0003530904566054044; SleepCycleTimeSum = 20.02056932449341; SubmitCycleTimeAvg = 0.01319804191589355; SubmitCycleTimeCount = 5.0; SubmitCycleTimeMax = 0.06597805023193359; SubmitCycleTimeMin = 2.86102294921875E-06; SubmitCycleTimeStd = 0.02950492161209805; SubmitCycleTimeSum = 0.06599020957946777; ]
01/12/25 07:38:36 ERROR: the following job(s) failed:
01/12/25 07:38:36 ---------------------- Node ----------------------
01/12/25 07:38:36       Node Name: PreprocessJob
01/12/25 07:38:36            Noop: false
01/12/25 07:38:36          NodeID: 1
01/12/25 07:38:36     Node Status: STATUS_ERROR    
01/12/25 07:38:36 Node return val: 1
01/12/25 07:38:36           Error: Job proc (30.0.0) failed with status 1
01/12/25 07:38:36 Job Submit File: preprocess.sub
01/12/25 07:38:36  HTCondor Job ID: (30.0.0)
01/12/25 07:38:36 PARENTS:  WAITING: 0 CHILDREN: 
01/12/25 07:38:36 ---------------------------------------	<END>
01/12/25 07:38:36 Aborting DAG...
01/12/25 07:38:36 Writing Rescue DAG to dagman.dag.rescue001...
01/12/25 07:38:36 Removing submitted jobs...
01/12/25 07:38:36 Removing any/all submitted HTCondor jobs...
01/12/25 07:38:36 Running: /usr/bin/condor_rm -const DAGManJobId==28 -reason DAG' 'Abort:' 'DAG' 'is' 'exiting' 'and' 'writing' 'rescue' 'file.
01/12/25 07:38:36 Note: 0 total node deferrals because of -MaxJobs limit (0)
01/12/25 07:38:36 Note: 0 total node deferrals because of -MaxIdle limit (1000)
01/12/25 07:38:36 Note: 0 total node deferrals because of node category throttles
01/12/25 07:38:36 Note: 0 total PRE script deferrals because of -MaxPre limit (20) or DEFER
01/12/25 07:38:36 Note: 0 total POST script deferrals because of -MaxPost limit (20) or DEFER
01/12/25 07:38:36 Note: 0 total HOLD script deferrals because of -MaxHold limit (20) or DEFER
01/12/25 07:38:36 DAG status: 2 (DAG_STATUS_NODE_FAILED)
01/12/25 07:38:36 Of 2 nodes total:
01/12/25 07:38:36  Done     Pre   Queued    Post   Ready   Un-Ready   Failed   Futile
01/12/25 07:38:36   ===     ===      ===     ===     ===        ===      ===      ===
01/12/25 07:38:36     1       0        0       0       0          0        1        0
01/12/25 07:38:36 0 job proc(s) currently held
01/12/25 07:38:36 DAGMan Runtime Statistics: [EventCycleTimeAvg = 0.03717470169067383; EventCycleTimeCount = 4.0; EventCycleTimeMax = 0.1140580177307129; EventCycleTimeMin = 2.694129943847656E-05; EventCycleTimeStd = 0.0537796341456617; EventCycleTimeSum = 0.1486988067626953; LogProcessCycleTimeAvg = 0.04707992076873779; LogProcessCycleTimeCount = 2.0; LogProcessCycleTimeMax = 0.05961489677429199; LogProcessCycleTimeMin = 0.03454494476318359; LogProcessCycleTimeStd = 0.01772713307107607; LogProcessCycleTimeSum = 0.09415984153747559; SleepCycleTimeAvg = 5.005142331123352; SleepCycleTimeCount = 4.0; SleepCycleTimeMax = 5.005472898483276; SleepCycleTimeMin = 5.004670143127441; SleepCycleTimeStd = 0.0003530904566054044; SleepCycleTimeSum = 20.02056932449341; SubmitCycleTimeAvg = 0.01319804191589355; SubmitCycleTimeCount = 5.0; SubmitCycleTimeMax = 0.06597805023193359; SubmitCycleTimeMin = 2.86102294921875E-06; SubmitCycleTimeStd = 0.02950492161209805; SubmitCycleTimeSum = 0.06599020957946777; ]
01/12/25 07:38:36 Wrote metrics file dagman.dag.metrics.
01/12/25 07:38:36 DAGMan Runtime Statistics: [EventCycleTimeAvg = 0.03717470169067383; EventCycleTimeCount = 4.0; EventCycleTimeMax = 0.1140580177307129; EventCycleTimeMin = 2.694129943847656E-05; EventCycleTimeStd = 0.0537796341456617; EventCycleTimeSum = 0.1486988067626953; LogProcessCycleTimeAvg = 0.04707992076873779; LogProcessCycleTimeCount = 2.0; LogProcessCycleTimeMax = 0.05961489677429199; LogProcessCycleTimeMin = 0.03454494476318359; LogProcessCycleTimeStd = 0.01772713307107607; LogProcessCycleTimeSum = 0.09415984153747559; SleepCycleTimeAvg = 5.005142331123352; SleepCycleTimeCount = 4.0; SleepCycleTimeMax = 5.005472898483276; SleepCycleTimeMin = 5.004670143127441; SleepCycleTimeStd = 0.0003530904566054044; SleepCycleTimeSum = 20.02056932449341; SubmitCycleTimeAvg = 0.01319804191589355; SubmitCycleTimeCount = 5.0; SubmitCycleTimeMax = 0.06597805023193359; SubmitCycleTimeMin = 2.86102294921875E-06; SubmitCycleTimeStd = 0.02950492161209805; SubmitCycleTimeSum = 0.06599020957946777; ]
01/12/25 07:38:36 **** condor_scheduniv_exec.28.0 (condor_DAGMAN) pid 1888 EXITING WITH STATUS 1
01/12/25 09:12:40 ******************************************************
01/12/25 09:12:40 ** condor_scheduniv_exec.31.0 (CONDOR_DAGMAN) STARTING UP
01/12/25 09:12:40 ** /usr/bin/condor_dagman
01/12/25 09:12:40 ** SubsystemInfo: name=DAGMAN type=DAGMAN(9) class=CLIENT(2)
01/12/25 09:12:40 ** Configuration: subsystem:DAGMAN local:<NONE> class:CLIENT
01/12/25 09:12:40 ** $CondorVersion: 23.10.19 2025-01-03 BuildID: 777890 PackageID: 23.10.19-1+ubu24 GitSHA: 91176a00 $
01/12/25 09:12:40 ** $CondorPlatform: X86_64-Ubuntu_24.04 $
01/12/25 09:12:40 ** PID = 1178 RealUID = 1000
01/12/25 09:12:40 ** Log last touched 1/12 07:38:36
01/12/25 09:12:40 ******************************************************
01/12/25 09:12:40 Using config source: /etc/condor/condor_config
01/12/25 09:12:40 Using local config sources: 
01/12/25 09:12:40    /etc/condor/config.d/00-security
01/12/25 09:12:40    /etc/condor/config.d/01-submit.config
01/12/25 09:12:40    /etc/condor/config.d/10-stash-plugin.conf
01/12/25 09:12:40    /etc/condor/condor_config.local
01/12/25 09:12:40 config Macros = 75, Sorted = 75, StringBytes = 2325, TablesBytes = 2764
01/12/25 09:12:40 CLASSAD_CACHING is ENABLED
01/12/25 09:12:40 Daemon Log is logging: D_ALWAYS D_ERROR D_STATUS
01/12/25 09:12:40 DaemonCore: No command port requested.
01/12/25 09:12:40 DAGMAN_USE_STRICT setting: 1
01/12/25 09:12:40 DAGMAN_VERBOSITY setting: 3
01/12/25 09:12:40 DAGMAN_DEBUG_CACHE_SIZE setting: 5242880
01/12/25 09:12:40 DAGMAN_DEBUG_CACHE_ENABLE setting: False
01/12/25 09:12:40 DAGMAN_SUBMIT_DELAY setting: 0
01/12/25 09:12:40 DAGMAN_MAX_SUBMIT_ATTEMPTS setting: 6
01/12/25 09:12:40 DAGMAN_STARTUP_CYCLE_DETECT setting: False
01/12/25 09:12:40 DAGMAN_MAX_SUBMITS_PER_INTERVAL setting: 100
01/12/25 09:12:40 DAGMAN_AGGRESSIVE_SUBMIT setting: False
01/12/25 09:12:40 DAGMAN_USER_LOG_SCAN_INTERVAL setting: 5
01/12/25 09:12:40 DAGMAN_QUEUE_UPDATE_INTERVAL setting: 300
01/12/25 09:12:40 DAGMAN_DEFAULT_PRIORITY setting: 0
01/12/25 09:12:40 DAGMAN_SUPPRESS_NOTIFICATION setting: False
01/12/25 09:12:40 allow_events (DAGMAN_ALLOW_EVENTS) setting: 114
01/12/25 09:12:40 DAGMAN_RETRY_SUBMIT_FIRST setting: True
01/12/25 09:12:40 DAGMAN_RETRY_NODE_FIRST setting: False
01/12/25 09:12:40 DAGMAN_MAX_JOBS_IDLE setting: 1000
01/12/25 09:12:40 DAGMAN_MAX_JOBS_SUBMITTED setting: 0
01/12/25 09:12:40 DAGMAN_MAX_PRE_SCRIPTS setting: 20
01/12/25 09:12:40 DAGMAN_MAX_POST_SCRIPTS setting: 20
01/12/25 09:12:40 DAGMAN_MAX_HOLD_SCRIPTS setting: 20
01/12/25 09:12:40 DAGMAN_MUNGE_NODE_NAMES setting: True
01/12/25 09:12:40 DAGMAN_PROHIBIT_MULTI_JOBS setting: False
01/12/25 09:12:40 DAGMAN_SUBMIT_DEPTH_FIRST setting: False
01/12/25 09:12:40 DAGMAN_ALWAYS_RUN_POST setting: False
01/12/25 09:12:40 DAGMAN_CONDOR_SUBMIT_EXE setting: /usr/bin/condor_submit
01/12/25 09:12:40 DAGMAN_CONDOR_RM_EXE setting: /usr/bin/condor_rm
01/12/25 09:12:40 DAGMAN_USE_DIRECT_SUBMIT setting: True
01/12/25 09:12:40 DAGMAN_PRODUCE_JOB_CREDENTIALS setting: True
01/12/25 09:12:40 DAGMAN_DEFAULT_APPEND_VARS setting: False
01/12/25 09:12:40 DAGMAN_INHERIT_ATTRS_PREFIX setting: 
01/12/25 09:12:40 DAGMAN_INHERIT_ATTRS setting: 
01/12/25 09:12:40 DAGMAN_ABORT_DUPLICATES setting: True
01/12/25 09:12:40 DAGMAN_ABORT_ON_SCARY_SUBMIT setting: True
01/12/25 09:12:40 DAGMAN_PENDING_REPORT_INTERVAL setting: 600
01/12/25 09:12:40 DAGMAN_CHECK_QUEUE_INTERVAL setting: 28800
01/12/25 09:12:40 DAGMAN_AUTO_RESCUE setting: True
01/12/25 09:12:40 DAGMAN_MAX_RESCUE_NUM setting: 100
01/12/25 09:12:40 DAGMAN_WRITE_PARTIAL_RESCUE setting: True
01/12/25 09:12:40 DAGMAN_DEFAULT_NODE_LOG setting: @(DAG_DIR)/@(DAG_FILE).nodes.log
01/12/25 09:12:40 DAGMAN_GENERATE_SUBDAG_SUBMITS setting: True
01/12/25 09:12:40 DAGMAN_MAX_JOB_HOLDS setting: 100
01/12/25 09:12:40 DAGMAN_HOLD_CLAIM_TIME setting: 20
01/12/25 09:12:40 DAGMAN_SUPPRESS_JOB_LOGS setting: False
01/12/25 09:12:40 DAGMAN_REMOVE_NODE_JOBS setting: True
01/12/25 09:12:40 DAGMAN_REMOVE_JOBS_AFTER_LIMIT_CHANGE setting: False
01/12/25 09:12:40 DAGMAN will adjust edges after parsing
01/12/25 09:12:40 argv[0] == "condor_scheduniv_exec.31.0"
01/12/25 09:12:40 argv[1] == "-Lockfile"
01/12/25 09:12:40 argv[2] == "dagman.dag.lock"
01/12/25 09:12:40 argv[3] == "-Dag"
01/12/25 09:12:40 argv[4] == "dagman.dag"
01/12/25 09:12:40 argv[5] == "-MaxIdle"
01/12/25 09:12:40 argv[6] == "1000"
01/12/25 09:12:40 argv[7] == "-CsdVersion"
01/12/25 09:12:40 argv[8] == "$CondorVersion: 23.10.19 2025-01-03 BuildID: 777890 PackageID: 23.10.19-1+ubu24 GitSHA: 91176a00 $"
01/12/25 09:12:40 argv[9] == "-dagman"
01/12/25 09:12:40 argv[10] == "/usr/bin/condor_dagman"
01/12/25 09:12:40 argv[11] == "-AutoRescue"
01/12/25 09:12:40 argv[12] == "1"
01/12/25 09:12:40 argv[13] == "-DoRescueFrom"
01/12/25 09:12:40 argv[14] == "0"
01/12/25 09:12:40 argv[15] == "-force"
01/12/25 09:12:40 Can't open directory "/etc/condor/passwords.d" as PRIV_ROOT, errno: 13 (Permission denied)
01/12/25 09:12:40 Can't open directory "/etc/condor/passwords.d" as PRIV_ROOT, errno: 13 (Permission denied)
01/12/25 09:12:40 Workflow batch-id: <31.0>
01/12/25 09:12:40 Workflow batch-name: <dagman.dag+31>
01/12/25 09:12:40 Workflow accounting_group: <>
01/12/25 09:12:40 Workflow accounting_group_user: <>
01/12/25 09:12:40 Warning: failed to get attribute DAGNodeName
01/12/25 09:12:40 DAGMAN_LOG_ON_NFS_IS_ERROR setting: False
01/12/25 09:12:40 Default node log file is: </home/ubuntu/wqd7008_group_project/./dagman.dag.nodes.log>
01/12/25 09:12:40 DAG Lockfile will be written to dagman.dag.lock
01/12/25 09:12:40 DAG Input file is dagman.dag
01/12/25 09:12:40 Parsing 1 dagfiles
01/12/25 09:12:40 Parsing dagman.dag ...
01/12/25 09:12:40 Adjusting edges
01/12/25 09:12:40 Dag contains 2 total nodes
01/12/25 09:12:40 Bootstrapping...
01/12/25 09:12:40 Number of pre-completed nodes: 0
01/12/25 09:12:40 MultiLogFiles: truncating log file /home/ubuntu/wqd7008_group_project/./dagman.dag.nodes.log
01/12/25 09:12:40 DAG status: 0 (DAG_STATUS_OK)
01/12/25 09:12:40 Of 2 nodes total:
01/12/25 09:12:40  Done     Pre   Queued    Post   Ready   Un-Ready   Failed   Futile
01/12/25 09:12:40   ===     ===      ===     ===     ===        ===      ===      ===
01/12/25 09:12:40     0       0        0       0       2          0        0        0
01/12/25 09:12:40 0 job proc(s) currently held
01/12/25 09:12:40 DAGMan Runtime Statistics: [EventCycleTimeCount = 0.0; EventCycleTimeSum = 0.0; LogProcessCycleTimeCount = 0.0; LogProcessCycleTimeSum = 0.0; SleepCycleTimeCount = 0.0; SleepCycleTimeSum = 0.0; SubmitCycleTimeCount = 0.0; SubmitCycleTimeSum = 0.0; ]
01/12/25 09:12:40 Registering condor_event_timer...
01/12/25 09:12:41 Submitting HTCondor Node ImportJob job(s)...
01/12/25 09:12:41 Submitting node ImportJob from file import.sub using direct job submission
01/12/25 09:12:41 	assigned HTCondor ID (32.0.0)
01/12/25 09:12:41 Submitting HTCondor Node PreprocessJob job(s)...
01/12/25 09:12:41 Submitting node PreprocessJob from file preprocess.sub using direct job submission
01/12/25 09:12:41 	assigned HTCondor ID (33.0.0)
01/12/25 09:12:41 Just submitted 2 jobs this cycle...
01/12/25 09:12:41 DAG status: 0 (DAG_STATUS_OK)
01/12/25 09:12:41 Of 2 nodes total:
01/12/25 09:12:41  Done     Pre   Queued    Post   Ready   Un-Ready   Failed   Futile
01/12/25 09:12:41   ===     ===      ===     ===     ===        ===      ===      ===
01/12/25 09:12:41     0       0        2       0       0          0        0        0
01/12/25 09:12:41 0 job proc(s) currently held
01/12/25 09:12:41 DAGMan Runtime Statistics: [EventCycleTimeCount = 0.0; EventCycleTimeSum = 0.0; LogProcessCycleTimeCount = 0.0; LogProcessCycleTimeSum = 0.0; SleepCycleTimeCount = 0.0; SleepCycleTimeSum = 0.0; SubmitCycleTimeAvg = 0.08675384521484375; SubmitCycleTimeCount = 1.0; SubmitCycleTimeMax = 0.08675384521484375; SubmitCycleTimeMin = 0.08675384521484375; SubmitCycleTimeStd = 0.08675384521484375; SubmitCycleTimeSum = 0.08675384521484375; ]
01/12/25 09:12:46 Currently monitoring 1 HTCondor log file(s)
01/12/25 09:12:46 Reassigning the id of job ImportJob from (32.0.0) to (32.0.0)
01/12/25 09:12:46 Event: ULOG_SUBMIT for HTCondor Node ImportJob (32.0.0) {01/12/25 09:12:41}
01/12/25 09:12:46 Number of idle job procs: 1
01/12/25 09:12:46 Reassigning the id of job PreprocessJob from (33.0.0) to (33.0.0)
01/12/25 09:12:46 Event: ULOG_SUBMIT for HTCondor Node PreprocessJob (33.0.0) {01/12/25 09:12:41}
01/12/25 09:12:46 Number of idle job procs: 2
01/12/25 09:13:06 Currently monitoring 1 HTCondor log file(s)
01/12/25 09:13:07 Event: ULOG_EXECUTE for HTCondor Node PreprocessJob (33.0.0) {01/12/25 09:13:02}
01/12/25 09:13:07 Number of idle job procs: 1
01/12/25 09:13:07 Event: ULOG_EXECUTE for HTCondor Node ImportJob (32.0.0) {01/12/25 09:13:02}
01/12/25 09:13:07 Number of idle job procs: 0
01/12/25 09:13:07 Event: ULOG_JOB_TERMINATED for HTCondor Node ImportJob (32.0.0) {01/12/25 09:13:03}
01/12/25 09:13:07 Number of idle job procs: 0
01/12/25 09:13:07 Node ImportJob job proc (32.0.0) completed successfully.
01/12/25 09:13:07 Node ImportJob job completed
01/12/25 09:13:07 Event: ULOG_JOB_TERMINATED for HTCondor Node PreprocessJob (33.0.0) {01/12/25 09:13:06}
01/12/25 09:13:07 Number of idle job procs: 0
01/12/25 09:13:07 Node PreprocessJob job proc (33.0.0) completed successfully.
01/12/25 09:13:07 Node PreprocessJob job completed
01/12/25 09:13:07 DAG status: 0 (DAG_STATUS_OK)
01/12/25 09:13:07 Of 2 nodes total:
01/12/25 09:13:07  Done     Pre   Queued    Post   Ready   Un-Ready   Failed   Futile
01/12/25 09:13:07   ===     ===      ===     ===     ===        ===      ===      ===
01/12/25 09:13:07     2       0        0       0       0          0        0        0
01/12/25 09:13:07 0 job proc(s) currently held
01/12/25 09:13:07 DAGMan Runtime Statistics: [EventCycleTimeAvg = 0.0357940673828125; EventCycleTimeCount = 5.0; EventCycleTimeMax = 0.1353480815887451; EventCycleTimeMin = 2.908706665039062E-05; EventCycleTimeStd = 0.05849744525580184; EventCycleTimeSum = 0.1789703369140625; LogProcessCycleTimeAvg = 0.05328559875488281; LogProcessCycleTimeCount = 2.0; LogProcessCycleTimeMax = 0.06449699401855469; LogProcessCycleTimeMin = 0.04207420349121094; LogProcessCycleTimeStd = 0.01585530723501025; LogProcessCycleTimeSum = 0.1065711975097656; SleepCycleTimeAvg = 5.00434832572937; SleepCycleTimeCount = 5.0; SleepCycleTimeMax = 5.005565881729126; SleepCycleTimeMin = 5.000903844833374; SleepCycleTimeStd = 0.001936489465452491; SleepCycleTimeSum = 25.02174162864685; SubmitCycleTimeAvg = 0.01446235179901123; SubmitCycleTimeCount = 6.0; SubmitCycleTimeMax = 0.08675384521484375; SubmitCycleTimeMin = 2.86102294921875E-06; SubmitCycleTimeStd = 0.0354154543757994; SubmitCycleTimeSum = 0.08677411079406738; ]
01/12/25 09:13:07 All jobs Completed!
01/12/25 09:13:07 Note: 0 total node deferrals because of -MaxJobs limit (0)
01/12/25 09:13:07 Note: 0 total node deferrals because of -MaxIdle limit (1000)
01/12/25 09:13:07 Note: 0 total node deferrals because of node category throttles
01/12/25 09:13:07 Note: 0 total PRE script deferrals because of -MaxPre limit (20) or DEFER
01/12/25 09:13:07 Note: 0 total POST script deferrals because of -MaxPost limit (20) or DEFER
01/12/25 09:13:07 Note: 0 total HOLD script deferrals because of -MaxHold limit (20) or DEFER
01/12/25 09:13:07 DAG status: 0 (DAG_STATUS_OK)
01/12/25 09:13:07 Of 2 nodes total:
01/12/25 09:13:07  Done     Pre   Queued    Post   Ready   Un-Ready   Failed   Futile
01/12/25 09:13:07   ===     ===      ===     ===     ===        ===      ===      ===
01/12/25 09:13:07     2       0        0       0       0          0        0        0
01/12/25 09:13:07 0 job proc(s) currently held
01/12/25 09:13:07 DAGMan Runtime Statistics: [EventCycleTimeAvg = 0.0357940673828125; EventCycleTimeCount = 5.0; EventCycleTimeMax = 0.1353480815887451; EventCycleTimeMin = 2.908706665039062E-05; EventCycleTimeStd = 0.05849744525580184; EventCycleTimeSum = 0.1789703369140625; LogProcessCycleTimeAvg = 0.05328559875488281; LogProcessCycleTimeCount = 2.0; LogProcessCycleTimeMax = 0.06449699401855469; LogProcessCycleTimeMin = 0.04207420349121094; LogProcessCycleTimeStd = 0.01585530723501025; LogProcessCycleTimeSum = 0.1065711975097656; SleepCycleTimeAvg = 5.00434832572937; SleepCycleTimeCount = 5.0; SleepCycleTimeMax = 5.005565881729126; SleepCycleTimeMin = 5.000903844833374; SleepCycleTimeStd = 0.001936489465452491; SleepCycleTimeSum = 25.02174162864685; SubmitCycleTimeAvg = 0.01446235179901123; SubmitCycleTimeCount = 6.0; SubmitCycleTimeMax = 0.08675384521484375; SubmitCycleTimeMin = 2.86102294921875E-06; SubmitCycleTimeStd = 0.0354154543757994; SubmitCycleTimeSum = 0.08677411079406738; ]
01/12/25 09:13:07 Wrote metrics file dagman.dag.metrics.
01/12/25 09:13:07 DAGMan Runtime Statistics: [EventCycleTimeAvg = 0.0357940673828125; EventCycleTimeCount = 5.0; EventCycleTimeMax = 0.1353480815887451; EventCycleTimeMin = 2.908706665039062E-05; EventCycleTimeStd = 0.05849744525580184; EventCycleTimeSum = 0.1789703369140625; LogProcessCycleTimeAvg = 0.05328559875488281; LogProcessCycleTimeCount = 2.0; LogProcessCycleTimeMax = 0.06449699401855469; LogProcessCycleTimeMin = 0.04207420349121094; LogProcessCycleTimeStd = 0.01585530723501025; LogProcessCycleTimeSum = 0.1065711975097656; SleepCycleTimeAvg = 5.00434832572937; SleepCycleTimeCount = 5.0; SleepCycleTimeMax = 5.005565881729126; SleepCycleTimeMin = 5.000903844833374; SleepCycleTimeStd = 0.001936489465452491; SleepCycleTimeSum = 25.02174162864685; SubmitCycleTimeAvg = 0.01446235179901123; SubmitCycleTimeCount = 6.0; SubmitCycleTimeMax = 0.08675384521484375; SubmitCycleTimeMin = 2.86102294921875E-06; SubmitCycleTimeStd = 0.0354154543757994; SubmitCycleTimeSum = 0.08677411079406738; ]
01/12/25 09:13:07 **** condor_scheduniv_exec.31.0 (condor_DAGMAN) pid 1178 EXITING WITH STATUS 0
01/12/25 09:58:51 ******************************************************
01/12/25 09:58:51 ** condor_scheduniv_exec.34.0 (CONDOR_DAGMAN) STARTING UP
01/12/25 09:58:51 ** /usr/bin/condor_dagman
01/12/25 09:58:51 ** SubsystemInfo: name=DAGMAN type=DAGMAN(9) class=CLIENT(2)
01/12/25 09:58:51 ** Configuration: subsystem:DAGMAN local:<NONE> class:CLIENT
01/12/25 09:58:51 ** $CondorVersion: 23.10.19 2025-01-03 BuildID: 777890 PackageID: 23.10.19-1+ubu24 GitSHA: 91176a00 $
01/12/25 09:58:51 ** $CondorPlatform: X86_64-Ubuntu_24.04 $
01/12/25 09:58:51 ** PID = 1788 RealUID = 1000
01/12/25 09:58:51 ** Log last touched 1/12 09:13:07
01/12/25 09:58:51 ******************************************************
01/12/25 09:58:51 Using config source: /etc/condor/condor_config
01/12/25 09:58:51 Using local config sources: 
01/12/25 09:58:51    /etc/condor/config.d/00-security
01/12/25 09:58:51    /etc/condor/config.d/01-submit.config
01/12/25 09:58:51    /etc/condor/config.d/10-stash-plugin.conf
01/12/25 09:58:51    /etc/condor/condor_config.local
01/12/25 09:58:51 config Macros = 75, Sorted = 75, StringBytes = 2325, TablesBytes = 2764
01/12/25 09:58:51 CLASSAD_CACHING is ENABLED
01/12/25 09:58:51 Daemon Log is logging: D_ALWAYS D_ERROR D_STATUS
01/12/25 09:58:51 DaemonCore: No command port requested.
01/12/25 09:58:51 DAGMAN_USE_STRICT setting: 1
01/12/25 09:58:51 DAGMAN_VERBOSITY setting: 3
01/12/25 09:58:51 DAGMAN_DEBUG_CACHE_SIZE setting: 5242880
01/12/25 09:58:51 DAGMAN_DEBUG_CACHE_ENABLE setting: False
01/12/25 09:58:51 DAGMAN_SUBMIT_DELAY setting: 0
01/12/25 09:58:51 DAGMAN_MAX_SUBMIT_ATTEMPTS setting: 6
01/12/25 09:58:51 DAGMAN_STARTUP_CYCLE_DETECT setting: False
01/12/25 09:58:51 DAGMAN_MAX_SUBMITS_PER_INTERVAL setting: 100
01/12/25 09:58:51 DAGMAN_AGGRESSIVE_SUBMIT setting: False
01/12/25 09:58:51 DAGMAN_USER_LOG_SCAN_INTERVAL setting: 5
01/12/25 09:58:51 DAGMAN_QUEUE_UPDATE_INTERVAL setting: 300
01/12/25 09:58:51 DAGMAN_DEFAULT_PRIORITY setting: 0
01/12/25 09:58:51 DAGMAN_SUPPRESS_NOTIFICATION setting: False
01/12/25 09:58:51 allow_events (DAGMAN_ALLOW_EVENTS) setting: 114
01/12/25 09:58:51 DAGMAN_RETRY_SUBMIT_FIRST setting: True
01/12/25 09:58:51 DAGMAN_RETRY_NODE_FIRST setting: False
01/12/25 09:58:51 DAGMAN_MAX_JOBS_IDLE setting: 1000
01/12/25 09:58:51 DAGMAN_MAX_JOBS_SUBMITTED setting: 0
01/12/25 09:58:51 DAGMAN_MAX_PRE_SCRIPTS setting: 20
01/12/25 09:58:51 DAGMAN_MAX_POST_SCRIPTS setting: 20
01/12/25 09:58:51 DAGMAN_MAX_HOLD_SCRIPTS setting: 20
01/12/25 09:58:51 DAGMAN_MUNGE_NODE_NAMES setting: True
01/12/25 09:58:51 DAGMAN_PROHIBIT_MULTI_JOBS setting: False
01/12/25 09:58:51 DAGMAN_SUBMIT_DEPTH_FIRST setting: False
01/12/25 09:58:51 DAGMAN_ALWAYS_RUN_POST setting: False
01/12/25 09:58:51 DAGMAN_CONDOR_SUBMIT_EXE setting: /usr/bin/condor_submit
01/12/25 09:58:52 DAGMAN_CONDOR_RM_EXE setting: /usr/bin/condor_rm
01/12/25 09:58:52 DAGMAN_USE_DIRECT_SUBMIT setting: True
01/12/25 09:58:52 DAGMAN_PRODUCE_JOB_CREDENTIALS setting: True
01/12/25 09:58:52 DAGMAN_DEFAULT_APPEND_VARS setting: False
01/12/25 09:58:52 DAGMAN_INHERIT_ATTRS_PREFIX setting: 
01/12/25 09:58:52 DAGMAN_INHERIT_ATTRS setting: 
01/12/25 09:58:52 DAGMAN_ABORT_DUPLICATES setting: True
01/12/25 09:58:52 DAGMAN_ABORT_ON_SCARY_SUBMIT setting: True
01/12/25 09:58:52 DAGMAN_PENDING_REPORT_INTERVAL setting: 600
01/12/25 09:58:52 DAGMAN_CHECK_QUEUE_INTERVAL setting: 28800
01/12/25 09:58:52 DAGMAN_AUTO_RESCUE setting: True
01/12/25 09:58:52 DAGMAN_MAX_RESCUE_NUM setting: 100
01/12/25 09:58:52 DAGMAN_WRITE_PARTIAL_RESCUE setting: True
01/12/25 09:58:52 DAGMAN_DEFAULT_NODE_LOG setting: @(DAG_DIR)/@(DAG_FILE).nodes.log
01/12/25 09:58:52 DAGMAN_GENERATE_SUBDAG_SUBMITS setting: True
01/12/25 09:58:52 DAGMAN_MAX_JOB_HOLDS setting: 100
01/12/25 09:58:52 DAGMAN_HOLD_CLAIM_TIME setting: 20
01/12/25 09:58:52 DAGMAN_SUPPRESS_JOB_LOGS setting: False
01/12/25 09:58:52 DAGMAN_REMOVE_NODE_JOBS setting: True
01/12/25 09:58:52 DAGMAN_REMOVE_JOBS_AFTER_LIMIT_CHANGE setting: False
01/12/25 09:58:52 DAGMAN will adjust edges after parsing
01/12/25 09:58:52 argv[0] == "condor_scheduniv_exec.34.0"
01/12/25 09:58:52 argv[1] == "-Lockfile"
01/12/25 09:58:52 argv[2] == "dagman.dag.lock"
01/12/25 09:58:52 argv[3] == "-Dag"
01/12/25 09:58:52 argv[4] == "dagman.dag"
01/12/25 09:58:52 argv[5] == "-MaxIdle"
01/12/25 09:58:52 argv[6] == "1000"
01/12/25 09:58:52 argv[7] == "-CsdVersion"
01/12/25 09:58:52 argv[8] == "$CondorVersion: 23.10.19 2025-01-03 BuildID: 777890 PackageID: 23.10.19-1+ubu24 GitSHA: 91176a00 $"
01/12/25 09:58:52 argv[9] == "-dagman"
01/12/25 09:58:52 argv[10] == "/usr/bin/condor_dagman"
01/12/25 09:58:52 argv[11] == "-AutoRescue"
01/12/25 09:58:52 argv[12] == "1"
01/12/25 09:58:52 argv[13] == "-DoRescueFrom"
01/12/25 09:58:52 argv[14] == "0"
01/12/25 09:58:52 argv[15] == "-force"
01/12/25 09:58:52 Can't open directory "/etc/condor/passwords.d" as PRIV_ROOT, errno: 13 (Permission denied)
01/12/25 09:58:52 Can't open directory "/etc/condor/passwords.d" as PRIV_ROOT, errno: 13 (Permission denied)
01/12/25 09:58:52 Workflow batch-id: <34.0>
01/12/25 09:58:52 Workflow batch-name: <dagman.dag+34>
01/12/25 09:58:52 Workflow accounting_group: <>
01/12/25 09:58:52 Workflow accounting_group_user: <>
01/12/25 09:58:52 Warning: failed to get attribute DAGNodeName
01/12/25 09:58:52 DAGMAN_LOG_ON_NFS_IS_ERROR setting: False
01/12/25 09:58:52 Default node log file is: </home/ubuntu/wqd7008_group_project/./dagman.dag.nodes.log>
01/12/25 09:58:52 DAG Lockfile will be written to dagman.dag.lock
01/12/25 09:58:52 DAG Input file is dagman.dag
01/12/25 09:58:52 Parsing 1 dagfiles
01/12/25 09:58:52 Parsing dagman.dag ...
01/12/25 09:58:52 Adjusting edges
01/12/25 09:58:52 Dag contains 2 total nodes
01/12/25 09:58:52 Bootstrapping...
01/12/25 09:58:52 Number of pre-completed nodes: 0
01/12/25 09:58:52 MultiLogFiles: truncating log file /home/ubuntu/wqd7008_group_project/./dagman.dag.nodes.log
01/12/25 09:58:52 DAG status: 0 (DAG_STATUS_OK)
01/12/25 09:58:52 Of 2 nodes total:
01/12/25 09:58:52  Done     Pre   Queued    Post   Ready   Un-Ready   Failed   Futile
01/12/25 09:58:52   ===     ===      ===     ===     ===        ===      ===      ===
01/12/25 09:58:52     0       0        0       0       2          0        0        0
01/12/25 09:58:52 0 job proc(s) currently held
01/12/25 09:58:52 DAGMan Runtime Statistics: [EventCycleTimeCount = 0.0; EventCycleTimeSum = 0.0; LogProcessCycleTimeCount = 0.0; LogProcessCycleTimeSum = 0.0; SleepCycleTimeCount = 0.0; SleepCycleTimeSum = 0.0; SubmitCycleTimeCount = 0.0; SubmitCycleTimeSum = 0.0; ]
01/12/25 09:58:52 Registering condor_event_timer...
01/12/25 09:58:53 Submitting HTCondor Node ImportJob job(s)...
01/12/25 09:58:53 Submitting node ImportJob from file import.sub using direct job submission
01/12/25 09:58:53 	assigned HTCondor ID (35.0.0)
01/12/25 09:58:53 Submitting HTCondor Node PreprocessJob job(s)...
01/12/25 09:58:53 Submitting node PreprocessJob from file preprocess.sub using direct job submission
01/12/25 09:58:53 	assigned HTCondor ID (36.0.0)
01/12/25 09:58:53 Just submitted 2 jobs this cycle...
01/12/25 09:58:53 DAG status: 0 (DAG_STATUS_OK)
01/12/25 09:58:53 Of 2 nodes total:
01/12/25 09:58:53  Done     Pre   Queued    Post   Ready   Un-Ready   Failed   Futile
01/12/25 09:58:53   ===     ===      ===     ===     ===        ===      ===      ===
01/12/25 09:58:53     0       0        2       0       0          0        0        0
01/12/25 09:58:53 0 job proc(s) currently held
01/12/25 09:58:53 DAGMan Runtime Statistics: [EventCycleTimeCount = 0.0; EventCycleTimeSum = 0.0; LogProcessCycleTimeCount = 0.0; LogProcessCycleTimeSum = 0.0; SleepCycleTimeCount = 0.0; SleepCycleTimeSum = 0.0; SubmitCycleTimeAvg = 0.08632493019104004; SubmitCycleTimeCount = 1.0; SubmitCycleTimeMax = 0.08632493019104004; SubmitCycleTimeMin = 0.08632493019104004; SubmitCycleTimeStd = 0.08632493019104004; SubmitCycleTimeSum = 0.08632493019104004; ]
01/12/25 09:58:58 Currently monitoring 1 HTCondor log file(s)
01/12/25 09:58:58 Reassigning the id of job ImportJob from (35.0.0) to (35.0.0)
01/12/25 09:58:58 Event: ULOG_SUBMIT for HTCondor Node ImportJob (35.0.0) {01/12/25 09:58:53}
01/12/25 09:58:58 Number of idle job procs: 1
01/12/25 09:58:58 Reassigning the id of job PreprocessJob from (36.0.0) to (36.0.0)
01/12/25 09:58:58 Event: ULOG_SUBMIT for HTCondor Node PreprocessJob (36.0.0) {01/12/25 09:58:53}
01/12/25 09:58:58 Number of idle job procs: 2
01/12/25 09:59:13 Currently monitoring 1 HTCondor log file(s)
01/12/25 09:59:13 Event: ULOG_EXECUTE for HTCondor Node PreprocessJob (36.0.0) {01/12/25 09:59:12}
01/12/25 09:59:13 Number of idle job procs: 1
01/12/25 09:59:13 Event: ULOG_EXECUTE for HTCondor Node ImportJob (35.0.0) {01/12/25 09:59:12}
01/12/25 09:59:13 Number of idle job procs: 0
01/12/25 09:59:13 Event: ULOG_JOB_TERMINATED for HTCondor Node ImportJob (35.0.0) {01/12/25 09:59:13}
01/12/25 09:59:13 Number of idle job procs: 0
01/12/25 09:59:13 Node ImportJob job proc (35.0.0) completed successfully.
01/12/25 09:59:13 Node ImportJob job completed
01/12/25 09:59:13 DAG status: 0 (DAG_STATUS_OK)
01/12/25 09:59:13 Of 2 nodes total:
01/12/25 09:59:13  Done     Pre   Queued    Post   Ready   Un-Ready   Failed   Futile
01/12/25 09:59:13   ===     ===      ===     ===     ===        ===      ===      ===
01/12/25 09:59:13     1       0        1       0       0          0        0        0
01/12/25 09:59:13 0 job proc(s) currently held
01/12/25 09:59:13 DAGMan Runtime Statistics: [EventCycleTimeAvg = 0.04545396566390991; EventCycleTimeCount = 4.0; EventCycleTimeMax = 0.1331889629364014; EventCycleTimeMin = 2.908706665039062E-05; EventCycleTimeStd = 0.06280576655387329; EventCycleTimeSum = 0.1818158626556396; LogProcessCycleTimeAvg = 0.04731154441833496; LogProcessCycleTimeCount = 2.0; LogProcessCycleTimeMax = 0.04853510856628418; LogProcessCycleTimeMin = 0.04608798027038574; LogProcessCycleTimeStd = 0.001730381012463265; LogProcessCycleTimeSum = 0.09462308883666992; SleepCycleTimeAvg = 5.00525975227356; SleepCycleTimeCount = 4.0; SleepCycleTimeMax = 5.005473136901855; SleepCycleTimeMin = 5.0050950050354; SleepCycleTimeStd = 0.0001830202846599495; SleepCycleTimeSum = 20.02103900909424; SubmitCycleTimeAvg = 0.0172675609588623; SubmitCycleTimeCount = 5.0; SubmitCycleTimeMax = 0.08632493019104004; SubmitCycleTimeMin = 1.9073486328125E-06; SubmitCycleTimeStd = 0.03860424299810428; SubmitCycleTimeSum = 0.08633780479431152; ]
01/12/25 09:59:18 Currently monitoring 1 HTCondor log file(s)
01/12/25 09:59:18 Event: ULOG_JOB_TERMINATED for HTCondor Node PreprocessJob (36.0.0) {01/12/25 09:59:15}
01/12/25 09:59:18 Number of idle job procs: 0
01/12/25 09:59:18 Node PreprocessJob job proc (36.0.0) failed with status 1.
01/12/25 09:59:18 DAG status: 2 (DAG_STATUS_NODE_FAILED)
01/12/25 09:59:18 Of 2 nodes total:
01/12/25 09:59:18  Done     Pre   Queued    Post   Ready   Un-Ready   Failed   Futile
01/12/25 09:59:18   ===     ===      ===     ===     ===        ===      ===      ===
01/12/25 09:59:18     1       0        0       0       0          0        1        0
01/12/25 09:59:18 0 job proc(s) currently held
01/12/25 09:59:18 DAGMan Runtime Statistics: [EventCycleTimeAvg = 0.05160536766052246; EventCycleTimeCount = 5.0; EventCycleTimeMax = 0.1331889629364014; EventCycleTimeMin = 2.908706665039062E-05; EventCycleTimeStd = 0.0561036715994093; EventCycleTimeSum = 0.2580268383026123; LogProcessCycleTimeAvg = 0.0370487372080485; LogProcessCycleTimeCount = 3.0; LogProcessCycleTimeMax = 0.04853510856628418; LogProcessCycleTimeMin = 0.01652312278747559; LogProcessCycleTimeStd = 0.01781776486349143; LogProcessCycleTimeSum = 0.1111462116241455; SleepCycleTimeAvg = 5.005250597000122; SleepCycleTimeCount = 5.0; SleepCycleTimeMax = 5.005473136901855; SleepCycleTimeMin = 5.0050950050354; SleepCycleTimeStd = 0.000159816803760314; SleepCycleTimeSum = 25.02625298500061; SubmitCycleTimeAvg = 0.01439011096954346; SubmitCycleTimeCount = 6.0; SubmitCycleTimeMax = 0.08632493019104004; SubmitCycleTimeMin = 1.9073486328125E-06; SubmitCycleTimeStd = 0.03524072037588808; SubmitCycleTimeSum = 0.08634066581726074; ]
01/12/25 09:59:18 ERROR: the following job(s) failed:
01/12/25 09:59:18 ---------------------- Node ----------------------
01/12/25 09:59:18       Node Name: PreprocessJob
01/12/25 09:59:18            Noop: false
01/12/25 09:59:18          NodeID: 1
01/12/25 09:59:18     Node Status: STATUS_ERROR    
01/12/25 09:59:18 Node return val: 1
01/12/25 09:59:18           Error: Job proc (36.0.0) failed with status 1
01/12/25 09:59:18 Job Submit File: preprocess.sub
01/12/25 09:59:18  HTCondor Job ID: (36.0.0)
01/12/25 09:59:18 PARENTS:  WAITING: 0 CHILDREN: 
01/12/25 09:59:18 ---------------------------------------	<END>
01/12/25 09:59:18 Aborting DAG...
01/12/25 09:59:18 Writing Rescue DAG to dagman.dag.rescue001...
01/12/25 09:59:18 Removing submitted jobs...
01/12/25 09:59:18 Removing any/all submitted HTCondor jobs...
01/12/25 09:59:18 Running: /usr/bin/condor_rm -const DAGManJobId==34 -reason DAG' 'Abort:' 'DAG' 'is' 'exiting' 'and' 'writing' 'rescue' 'file.
01/12/25 09:59:18 Note: 0 total node deferrals because of -MaxJobs limit (0)
01/12/25 09:59:18 Note: 0 total node deferrals because of -MaxIdle limit (1000)
01/12/25 09:59:18 Note: 0 total node deferrals because of node category throttles
01/12/25 09:59:18 Note: 0 total PRE script deferrals because of -MaxPre limit (20) or DEFER
01/12/25 09:59:18 Note: 0 total POST script deferrals because of -MaxPost limit (20) or DEFER
01/12/25 09:59:18 Note: 0 total HOLD script deferrals because of -MaxHold limit (20) or DEFER
01/12/25 09:59:18 DAG status: 2 (DAG_STATUS_NODE_FAILED)
01/12/25 09:59:18 Of 2 nodes total:
01/12/25 09:59:18  Done     Pre   Queued    Post   Ready   Un-Ready   Failed   Futile
01/12/25 09:59:18   ===     ===      ===     ===     ===        ===      ===      ===
01/12/25 09:59:18     1       0        0       0       0          0        1        0
01/12/25 09:59:18 0 job proc(s) currently held
01/12/25 09:59:18 DAGMan Runtime Statistics: [EventCycleTimeAvg = 0.05160536766052246; EventCycleTimeCount = 5.0; EventCycleTimeMax = 0.1331889629364014; EventCycleTimeMin = 2.908706665039062E-05; EventCycleTimeStd = 0.0561036715994093; EventCycleTimeSum = 0.2580268383026123; LogProcessCycleTimeAvg = 0.0370487372080485; LogProcessCycleTimeCount = 3.0; LogProcessCycleTimeMax = 0.04853510856628418; LogProcessCycleTimeMin = 0.01652312278747559; LogProcessCycleTimeStd = 0.01781776486349143; LogProcessCycleTimeSum = 0.1111462116241455; SleepCycleTimeAvg = 5.005250597000122; SleepCycleTimeCount = 5.0; SleepCycleTimeMax = 5.005473136901855; SleepCycleTimeMin = 5.0050950050354; SleepCycleTimeStd = 0.000159816803760314; SleepCycleTimeSum = 25.02625298500061; SubmitCycleTimeAvg = 0.01439011096954346; SubmitCycleTimeCount = 6.0; SubmitCycleTimeMax = 0.08632493019104004; SubmitCycleTimeMin = 1.9073486328125E-06; SubmitCycleTimeStd = 0.03524072037588808; SubmitCycleTimeSum = 0.08634066581726074; ]
01/12/25 09:59:18 Wrote metrics file dagman.dag.metrics.
01/12/25 09:59:18 DAGMan Runtime Statistics: [EventCycleTimeAvg = 0.05160536766052246; EventCycleTimeCount = 5.0; EventCycleTimeMax = 0.1331889629364014; EventCycleTimeMin = 2.908706665039062E-05; EventCycleTimeStd = 0.0561036715994093; EventCycleTimeSum = 0.2580268383026123; LogProcessCycleTimeAvg = 0.0370487372080485; LogProcessCycleTimeCount = 3.0; LogProcessCycleTimeMax = 0.04853510856628418; LogProcessCycleTimeMin = 0.01652312278747559; LogProcessCycleTimeStd = 0.01781776486349143; LogProcessCycleTimeSum = 0.1111462116241455; SleepCycleTimeAvg = 5.005250597000122; SleepCycleTimeCount = 5.0; SleepCycleTimeMax = 5.005473136901855; SleepCycleTimeMin = 5.0050950050354; SleepCycleTimeStd = 0.000159816803760314; SleepCycleTimeSum = 25.02625298500061; SubmitCycleTimeAvg = 0.01439011096954346; SubmitCycleTimeCount = 6.0; SubmitCycleTimeMax = 0.08632493019104004; SubmitCycleTimeMin = 1.9073486328125E-06; SubmitCycleTimeStd = 0.03524072037588808; SubmitCycleTimeSum = 0.08634066581726074; ]
01/12/25 09:59:18 **** condor_scheduniv_exec.34.0 (condor_DAGMAN) pid 1788 EXITING WITH STATUS 1
01/12/25 10:01:42 ******************************************************
01/12/25 10:01:42 ** condor_scheduniv_exec.37.0 (CONDOR_DAGMAN) STARTING UP
01/12/25 10:01:42 ** /usr/bin/condor_dagman
01/12/25 10:01:42 ** SubsystemInfo: name=DAGMAN type=DAGMAN(9) class=CLIENT(2)
01/12/25 10:01:42 ** Configuration: subsystem:DAGMAN local:<NONE> class:CLIENT
01/12/25 10:01:42 ** $CondorVersion: 23.10.19 2025-01-03 BuildID: 777890 PackageID: 23.10.19-1+ubu24 GitSHA: 91176a00 $
01/12/25 10:01:42 ** $CondorPlatform: X86_64-Ubuntu_24.04 $
01/12/25 10:01:42 ** PID = 1818 RealUID = 1000
01/12/25 10:01:42 ** Log last touched 1/12 09:59:18
01/12/25 10:01:42 ******************************************************
01/12/25 10:01:42 Using config source: /etc/condor/condor_config
01/12/25 10:01:42 Using local config sources: 
01/12/25 10:01:42    /etc/condor/config.d/00-security
01/12/25 10:01:42    /etc/condor/config.d/01-submit.config
01/12/25 10:01:42    /etc/condor/config.d/10-stash-plugin.conf
01/12/25 10:01:42    /etc/condor/condor_config.local
01/12/25 10:01:42 config Macros = 75, Sorted = 75, StringBytes = 2325, TablesBytes = 2764
01/12/25 10:01:42 CLASSAD_CACHING is ENABLED
01/12/25 10:01:42 Daemon Log is logging: D_ALWAYS D_ERROR D_STATUS
01/12/25 10:01:42 DaemonCore: No command port requested.
01/12/25 10:01:42 DAGMAN_USE_STRICT setting: 1
01/12/25 10:01:42 DAGMAN_VERBOSITY setting: 3
01/12/25 10:01:42 DAGMAN_DEBUG_CACHE_SIZE setting: 5242880
01/12/25 10:01:42 DAGMAN_DEBUG_CACHE_ENABLE setting: False
01/12/25 10:01:42 DAGMAN_SUBMIT_DELAY setting: 0
01/12/25 10:01:42 DAGMAN_MAX_SUBMIT_ATTEMPTS setting: 6
01/12/25 10:01:42 DAGMAN_STARTUP_CYCLE_DETECT setting: False
01/12/25 10:01:42 DAGMAN_MAX_SUBMITS_PER_INTERVAL setting: 100
01/12/25 10:01:42 DAGMAN_AGGRESSIVE_SUBMIT setting: False
01/12/25 10:01:42 DAGMAN_USER_LOG_SCAN_INTERVAL setting: 5
01/12/25 10:01:42 DAGMAN_QUEUE_UPDATE_INTERVAL setting: 300
01/12/25 10:01:42 DAGMAN_DEFAULT_PRIORITY setting: 0
01/12/25 10:01:42 DAGMAN_SUPPRESS_NOTIFICATION setting: False
01/12/25 10:01:42 allow_events (DAGMAN_ALLOW_EVENTS) setting: 114
01/12/25 10:01:42 DAGMAN_RETRY_SUBMIT_FIRST setting: True
01/12/25 10:01:42 DAGMAN_RETRY_NODE_FIRST setting: False
01/12/25 10:01:42 DAGMAN_MAX_JOBS_IDLE setting: 1000
01/12/25 10:01:42 DAGMAN_MAX_JOBS_SUBMITTED setting: 0
01/12/25 10:01:42 DAGMAN_MAX_PRE_SCRIPTS setting: 20
01/12/25 10:01:42 DAGMAN_MAX_POST_SCRIPTS setting: 20
01/12/25 10:01:42 DAGMAN_MAX_HOLD_SCRIPTS setting: 20
01/12/25 10:01:42 DAGMAN_MUNGE_NODE_NAMES setting: True
01/12/25 10:01:42 DAGMAN_PROHIBIT_MULTI_JOBS setting: False
01/12/25 10:01:42 DAGMAN_SUBMIT_DEPTH_FIRST setting: False
01/12/25 10:01:42 DAGMAN_ALWAYS_RUN_POST setting: False
01/12/25 10:01:42 DAGMAN_CONDOR_SUBMIT_EXE setting: /usr/bin/condor_submit
01/12/25 10:01:42 DAGMAN_CONDOR_RM_EXE setting: /usr/bin/condor_rm
01/12/25 10:01:42 DAGMAN_USE_DIRECT_SUBMIT setting: True
01/12/25 10:01:42 DAGMAN_PRODUCE_JOB_CREDENTIALS setting: True
01/12/25 10:01:42 DAGMAN_DEFAULT_APPEND_VARS setting: False
01/12/25 10:01:42 DAGMAN_INHERIT_ATTRS_PREFIX setting: 
01/12/25 10:01:42 DAGMAN_INHERIT_ATTRS setting: 
01/12/25 10:01:42 DAGMAN_ABORT_DUPLICATES setting: True
01/12/25 10:01:42 DAGMAN_ABORT_ON_SCARY_SUBMIT setting: True
01/12/25 10:01:42 DAGMAN_PENDING_REPORT_INTERVAL setting: 600
01/12/25 10:01:42 DAGMAN_CHECK_QUEUE_INTERVAL setting: 28800
01/12/25 10:01:42 DAGMAN_AUTO_RESCUE setting: True
01/12/25 10:01:42 DAGMAN_MAX_RESCUE_NUM setting: 100
01/12/25 10:01:42 DAGMAN_WRITE_PARTIAL_RESCUE setting: True
01/12/25 10:01:42 DAGMAN_DEFAULT_NODE_LOG setting: @(DAG_DIR)/@(DAG_FILE).nodes.log
01/12/25 10:01:42 DAGMAN_GENERATE_SUBDAG_SUBMITS setting: True
01/12/25 10:01:42 DAGMAN_MAX_JOB_HOLDS setting: 100
01/12/25 10:01:42 DAGMAN_HOLD_CLAIM_TIME setting: 20
01/12/25 10:01:42 DAGMAN_SUPPRESS_JOB_LOGS setting: False
01/12/25 10:01:42 DAGMAN_REMOVE_NODE_JOBS setting: True
01/12/25 10:01:42 DAGMAN_REMOVE_JOBS_AFTER_LIMIT_CHANGE setting: False
01/12/25 10:01:42 DAGMAN will adjust edges after parsing
01/12/25 10:01:42 argv[0] == "condor_scheduniv_exec.37.0"
01/12/25 10:01:42 argv[1] == "-Lockfile"
01/12/25 10:01:42 argv[2] == "dagman.dag.lock"
01/12/25 10:01:42 argv[3] == "-Dag"
01/12/25 10:01:42 argv[4] == "dagman.dag"
01/12/25 10:01:42 argv[5] == "-MaxIdle"
01/12/25 10:01:42 argv[6] == "1000"
01/12/25 10:01:42 argv[7] == "-CsdVersion"
01/12/25 10:01:42 argv[8] == "$CondorVersion: 23.10.19 2025-01-03 BuildID: 777890 PackageID: 23.10.19-1+ubu24 GitSHA: 91176a00 $"
01/12/25 10:01:42 argv[9] == "-dagman"
01/12/25 10:01:42 argv[10] == "/usr/bin/condor_dagman"
01/12/25 10:01:42 argv[11] == "-AutoRescue"
01/12/25 10:01:42 argv[12] == "1"
01/12/25 10:01:42 argv[13] == "-DoRescueFrom"
01/12/25 10:01:42 argv[14] == "0"
01/12/25 10:01:42 argv[15] == "-force"
01/12/25 10:01:42 Can't open directory "/etc/condor/passwords.d" as PRIV_ROOT, errno: 13 (Permission denied)
01/12/25 10:01:42 Can't open directory "/etc/condor/passwords.d" as PRIV_ROOT, errno: 13 (Permission denied)
01/12/25 10:01:42 Workflow batch-id: <37.0>
01/12/25 10:01:42 Workflow batch-name: <dagman.dag+37>
01/12/25 10:01:42 Workflow accounting_group: <>
01/12/25 10:01:42 Workflow accounting_group_user: <>
01/12/25 10:01:42 Warning: failed to get attribute DAGNodeName
01/12/25 10:01:42 DAGMAN_LOG_ON_NFS_IS_ERROR setting: False
01/12/25 10:01:42 Default node log file is: </home/ubuntu/wqd7008_group_project/./dagman.dag.nodes.log>
01/12/25 10:01:42 DAG Lockfile will be written to dagman.dag.lock
01/12/25 10:01:42 DAG Input file is dagman.dag
01/12/25 10:01:42 Parsing 1 dagfiles
01/12/25 10:01:42 Parsing dagman.dag ...
01/12/25 10:01:42 Adjusting edges
01/12/25 10:01:42 Dag contains 2 total nodes
01/12/25 10:01:42 Bootstrapping...
01/12/25 10:01:42 Number of pre-completed nodes: 0
01/12/25 10:01:42 MultiLogFiles: truncating log file /home/ubuntu/wqd7008_group_project/./dagman.dag.nodes.log
01/12/25 10:01:42 DAG status: 0 (DAG_STATUS_OK)
01/12/25 10:01:42 Of 2 nodes total:
01/12/25 10:01:42  Done     Pre   Queued    Post   Ready   Un-Ready   Failed   Futile
01/12/25 10:01:42   ===     ===      ===     ===     ===        ===      ===      ===
01/12/25 10:01:42     0       0        0       0       2          0        0        0
01/12/25 10:01:42 0 job proc(s) currently held
01/12/25 10:01:42 DAGMan Runtime Statistics: [EventCycleTimeCount = 0.0; EventCycleTimeSum = 0.0; LogProcessCycleTimeCount = 0.0; LogProcessCycleTimeSum = 0.0; SleepCycleTimeCount = 0.0; SleepCycleTimeSum = 0.0; SubmitCycleTimeCount = 0.0; SubmitCycleTimeSum = 0.0; ]
01/12/25 10:01:42 Registering condor_event_timer...
01/12/25 10:01:43 Submitting HTCondor Node ImportJob job(s)...
01/12/25 10:01:43 Submitting node ImportJob from file import.sub using direct job submission
01/12/25 10:01:43 	assigned HTCondor ID (38.0.0)
01/12/25 10:01:43 Submitting HTCondor Node PreprocessJob job(s)...
01/12/25 10:01:43 Submitting node PreprocessJob from file preprocess.sub using direct job submission
01/12/25 10:01:43 	assigned HTCondor ID (39.0.0)
01/12/25 10:01:43 Just submitted 2 jobs this cycle...
01/12/25 10:01:43 DAG status: 0 (DAG_STATUS_OK)
01/12/25 10:01:43 Of 2 nodes total:
01/12/25 10:01:43  Done     Pre   Queued    Post   Ready   Un-Ready   Failed   Futile
01/12/25 10:01:43   ===     ===      ===     ===     ===        ===      ===      ===
01/12/25 10:01:43     0       0        2       0       0          0        0        0
01/12/25 10:01:43 0 job proc(s) currently held
01/12/25 10:01:43 DAGMan Runtime Statistics: [EventCycleTimeCount = 0.0; EventCycleTimeSum = 0.0; LogProcessCycleTimeCount = 0.0; LogProcessCycleTimeSum = 0.0; SleepCycleTimeCount = 0.0; SleepCycleTimeSum = 0.0; SubmitCycleTimeAvg = 0.09027409553527832; SubmitCycleTimeCount = 1.0; SubmitCycleTimeMax = 0.09027409553527832; SubmitCycleTimeMin = 0.09027409553527832; SubmitCycleTimeStd = 0.09027409553527832; SubmitCycleTimeSum = 0.09027409553527832; ]
01/12/25 10:01:48 Currently monitoring 1 HTCondor log file(s)
01/12/25 10:01:48 Reassigning the id of job ImportJob from (38.0.0) to (38.0.0)
01/12/25 10:01:48 Event: ULOG_SUBMIT for HTCondor Node ImportJob (38.0.0) {01/12/25 10:01:43}
01/12/25 10:01:48 Number of idle job procs: 1
01/12/25 10:01:48 Reassigning the id of job PreprocessJob from (39.0.0) to (39.0.0)
01/12/25 10:01:48 Event: ULOG_SUBMIT for HTCondor Node PreprocessJob (39.0.0) {01/12/25 10:01:43}
01/12/25 10:01:48 Number of idle job procs: 2
01/12/25 10:02:09 Currently monitoring 1 HTCondor log file(s)
01/12/25 10:02:09 Event: ULOG_EXECUTE for HTCondor Node PreprocessJob (39.0.0) {01/12/25 10:02:04}
01/12/25 10:02:09 Number of idle job procs: 1
01/12/25 10:02:09 Event: ULOG_EXECUTE for HTCondor Node ImportJob (38.0.0) {01/12/25 10:02:04}
01/12/25 10:02:09 Number of idle job procs: 0
01/12/25 10:02:09 Event: ULOG_JOB_TERMINATED for HTCondor Node ImportJob (38.0.0) {01/12/25 10:02:04}
01/12/25 10:02:09 Number of idle job procs: 0
01/12/25 10:02:09 Node ImportJob job proc (38.0.0) completed successfully.
01/12/25 10:02:09 Node ImportJob job completed
01/12/25 10:02:09 Event: ULOG_JOB_TERMINATED for HTCondor Node PreprocessJob (39.0.0) {01/12/25 10:02:06}
01/12/25 10:02:09 Number of idle job procs: 0
01/12/25 10:02:09 Node PreprocessJob job proc (39.0.0) failed with status 1.
01/12/25 10:02:09 DAG status: 2 (DAG_STATUS_NODE_FAILED)
01/12/25 10:02:09 Of 2 nodes total:
01/12/25 10:02:09  Done     Pre   Queued    Post   Ready   Un-Ready   Failed   Futile
01/12/25 10:02:09   ===     ===      ===     ===     ===        ===      ===      ===
01/12/25 10:02:09     1       0        0       0       0          0        1        0
01/12/25 10:02:09 0 job proc(s) currently held
01/12/25 10:02:09 DAGMan Runtime Statistics: [EventCycleTimeAvg = 0.03676371574401856; EventCycleTimeCount = 5.0; EventCycleTimeMax = 0.1395208835601807; EventCycleTimeMin = 2.884864807128906E-05; EventCycleTimeStd = 0.06054473879218535; EventCycleTimeSum = 0.1838185787200928; LogProcessCycleTimeAvg = 0.05293750762939453; LogProcessCycleTimeCount = 2.0; LogProcessCycleTimeMax = 0.06169605255126953; LogProcessCycleTimeMin = 0.04417896270751953; LogProcessCycleTimeStd = 0.01238645301516962; LogProcessCycleTimeSum = 0.1058750152587891; SleepCycleTimeAvg = 5.005211687088012; SleepCycleTimeCount = 5.0; SleepCycleTimeMax = 5.005358219146729; SleepCycleTimeMin = 5.0050950050354; SleepCycleTimeStd = 9.857096391806706E-05; SleepCycleTimeSum = 25.02605843544006; SubmitCycleTimeAvg = 0.01504834493001302; SubmitCycleTimeCount = 6.0; SubmitCycleTimeMax = 0.09027409553527832; SubmitCycleTimeMin = 2.86102294921875E-06; SubmitCycleTimeStd = 0.03685294090280555; SubmitCycleTimeSum = 0.09029006958007812; ]
01/12/25 10:02:09 ERROR: the following job(s) failed:
01/12/25 10:02:09 ---------------------- Node ----------------------
01/12/25 10:02:09       Node Name: PreprocessJob
01/12/25 10:02:09            Noop: false
01/12/25 10:02:09          NodeID: 1
01/12/25 10:02:09     Node Status: STATUS_ERROR    
01/12/25 10:02:09 Node return val: 1
01/12/25 10:02:09           Error: Job proc (39.0.0) failed with status 1
01/12/25 10:02:09 Job Submit File: preprocess.sub
01/12/25 10:02:09  HTCondor Job ID: (39.0.0)
01/12/25 10:02:09 PARENTS:  WAITING: 0 CHILDREN: 
01/12/25 10:02:09 ---------------------------------------	<END>
01/12/25 10:02:09 Aborting DAG...
01/12/25 10:02:09 Writing Rescue DAG to dagman.dag.rescue001...
01/12/25 10:02:09 Removing submitted jobs...
01/12/25 10:02:09 Removing any/all submitted HTCondor jobs...
01/12/25 10:02:09 Running: /usr/bin/condor_rm -const DAGManJobId==37 -reason DAG' 'Abort:' 'DAG' 'is' 'exiting' 'and' 'writing' 'rescue' 'file.
01/12/25 10:02:09 Note: 0 total node deferrals because of -MaxJobs limit (0)
01/12/25 10:02:09 Note: 0 total node deferrals because of -MaxIdle limit (1000)
01/12/25 10:02:09 Note: 0 total node deferrals because of node category throttles
01/12/25 10:02:09 Note: 0 total PRE script deferrals because of -MaxPre limit (20) or DEFER
01/12/25 10:02:09 Note: 0 total POST script deferrals because of -MaxPost limit (20) or DEFER
01/12/25 10:02:09 Note: 0 total HOLD script deferrals because of -MaxHold limit (20) or DEFER
01/12/25 10:02:09 DAG status: 2 (DAG_STATUS_NODE_FAILED)
01/12/25 10:02:09 Of 2 nodes total:
01/12/25 10:02:09  Done     Pre   Queued    Post   Ready   Un-Ready   Failed   Futile
01/12/25 10:02:09   ===     ===      ===     ===     ===        ===      ===      ===
01/12/25 10:02:09     1       0        0       0       0          0        1        0
01/12/25 10:02:09 0 job proc(s) currently held
01/12/25 10:02:09 DAGMan Runtime Statistics: [EventCycleTimeAvg = 0.03676371574401856; EventCycleTimeCount = 5.0; EventCycleTimeMax = 0.1395208835601807; EventCycleTimeMin = 2.884864807128906E-05; EventCycleTimeStd = 0.06054473879218535; EventCycleTimeSum = 0.1838185787200928; LogProcessCycleTimeAvg = 0.05293750762939453; LogProcessCycleTimeCount = 2.0; LogProcessCycleTimeMax = 0.06169605255126953; LogProcessCycleTimeMin = 0.04417896270751953; LogProcessCycleTimeStd = 0.01238645301516962; LogProcessCycleTimeSum = 0.1058750152587891; SleepCycleTimeAvg = 5.005211687088012; SleepCycleTimeCount = 5.0; SleepCycleTimeMax = 5.005358219146729; SleepCycleTimeMin = 5.0050950050354; SleepCycleTimeStd = 9.857096391806706E-05; SleepCycleTimeSum = 25.02605843544006; SubmitCycleTimeAvg = 0.01504834493001302; SubmitCycleTimeCount = 6.0; SubmitCycleTimeMax = 0.09027409553527832; SubmitCycleTimeMin = 2.86102294921875E-06; SubmitCycleTimeStd = 0.03685294090280555; SubmitCycleTimeSum = 0.09029006958007812; ]
01/12/25 10:02:09 Wrote metrics file dagman.dag.metrics.
01/12/25 10:02:09 DAGMan Runtime Statistics: [EventCycleTimeAvg = 0.03676371574401856; EventCycleTimeCount = 5.0; EventCycleTimeMax = 0.1395208835601807; EventCycleTimeMin = 2.884864807128906E-05; EventCycleTimeStd = 0.06054473879218535; EventCycleTimeSum = 0.1838185787200928; LogProcessCycleTimeAvg = 0.05293750762939453; LogProcessCycleTimeCount = 2.0; LogProcessCycleTimeMax = 0.06169605255126953; LogProcessCycleTimeMin = 0.04417896270751953; LogProcessCycleTimeStd = 0.01238645301516962; LogProcessCycleTimeSum = 0.1058750152587891; SleepCycleTimeAvg = 5.005211687088012; SleepCycleTimeCount = 5.0; SleepCycleTimeMax = 5.005358219146729; SleepCycleTimeMin = 5.0050950050354; SleepCycleTimeStd = 9.857096391806706E-05; SleepCycleTimeSum = 25.02605843544006; SubmitCycleTimeAvg = 0.01504834493001302; SubmitCycleTimeCount = 6.0; SubmitCycleTimeMax = 0.09027409553527832; SubmitCycleTimeMin = 2.86102294921875E-06; SubmitCycleTimeStd = 0.03685294090280555; SubmitCycleTimeSum = 0.09029006958007812; ]
01/12/25 10:02:09 **** condor_scheduniv_exec.37.0 (condor_DAGMAN) pid 1818 EXITING WITH STATUS 1
01/12/25 10:10:39 ******************************************************
01/12/25 10:10:39 ** condor_scheduniv_exec.40.0 (CONDOR_DAGMAN) STARTING UP
01/12/25 10:10:39 ** /usr/bin/condor_dagman
01/12/25 10:10:39 ** SubsystemInfo: name=DAGMAN type=DAGMAN(9) class=CLIENT(2)
01/12/25 10:10:39 ** Configuration: subsystem:DAGMAN local:<NONE> class:CLIENT
01/12/25 10:10:39 ** $CondorVersion: 23.10.19 2025-01-03 BuildID: 777890 PackageID: 23.10.19-1+ubu24 GitSHA: 91176a00 $
01/12/25 10:10:39 ** $CondorPlatform: X86_64-Ubuntu_24.04 $
01/12/25 10:10:39 ** PID = 1857 RealUID = 1000
01/12/25 10:10:39 ** Log last touched 1/12 10:02:09
01/12/25 10:10:39 ******************************************************
01/12/25 10:10:39 Using config source: /etc/condor/condor_config
01/12/25 10:10:39 Using local config sources: 
01/12/25 10:10:39    /etc/condor/config.d/00-security
01/12/25 10:10:39    /etc/condor/config.d/01-submit.config
01/12/25 10:10:39    /etc/condor/config.d/10-stash-plugin.conf
01/12/25 10:10:39    /etc/condor/condor_config.local
01/12/25 10:10:39 config Macros = 75, Sorted = 75, StringBytes = 2325, TablesBytes = 2764
01/12/25 10:10:39 CLASSAD_CACHING is ENABLED
01/12/25 10:10:39 Daemon Log is logging: D_ALWAYS D_ERROR D_STATUS
01/12/25 10:10:39 DaemonCore: No command port requested.
01/12/25 10:10:39 DAGMAN_USE_STRICT setting: 1
01/12/25 10:10:39 DAGMAN_VERBOSITY setting: 3
01/12/25 10:10:39 DAGMAN_DEBUG_CACHE_SIZE setting: 5242880
01/12/25 10:10:39 DAGMAN_DEBUG_CACHE_ENABLE setting: False
01/12/25 10:10:39 DAGMAN_SUBMIT_DELAY setting: 0
01/12/25 10:10:39 DAGMAN_MAX_SUBMIT_ATTEMPTS setting: 6
01/12/25 10:10:39 DAGMAN_STARTUP_CYCLE_DETECT setting: False
01/12/25 10:10:39 DAGMAN_MAX_SUBMITS_PER_INTERVAL setting: 100
01/12/25 10:10:39 DAGMAN_AGGRESSIVE_SUBMIT setting: False
01/12/25 10:10:39 DAGMAN_USER_LOG_SCAN_INTERVAL setting: 5
01/12/25 10:10:39 DAGMAN_QUEUE_UPDATE_INTERVAL setting: 300
01/12/25 10:10:39 DAGMAN_DEFAULT_PRIORITY setting: 0
01/12/25 10:10:39 DAGMAN_SUPPRESS_NOTIFICATION setting: False
01/12/25 10:10:39 allow_events (DAGMAN_ALLOW_EVENTS) setting: 114
01/12/25 10:10:39 DAGMAN_RETRY_SUBMIT_FIRST setting: True
01/12/25 10:10:39 DAGMAN_RETRY_NODE_FIRST setting: False
01/12/25 10:10:39 DAGMAN_MAX_JOBS_IDLE setting: 1000
01/12/25 10:10:39 DAGMAN_MAX_JOBS_SUBMITTED setting: 0
01/12/25 10:10:39 DAGMAN_MAX_PRE_SCRIPTS setting: 20
01/12/25 10:10:39 DAGMAN_MAX_POST_SCRIPTS setting: 20
01/12/25 10:10:39 DAGMAN_MAX_HOLD_SCRIPTS setting: 20
01/12/25 10:10:39 DAGMAN_MUNGE_NODE_NAMES setting: True
01/12/25 10:10:39 DAGMAN_PROHIBIT_MULTI_JOBS setting: False
01/12/25 10:10:39 DAGMAN_SUBMIT_DEPTH_FIRST setting: False
01/12/25 10:10:39 DAGMAN_ALWAYS_RUN_POST setting: False
01/12/25 10:10:39 DAGMAN_CONDOR_SUBMIT_EXE setting: /usr/bin/condor_submit
01/12/25 10:10:39 DAGMAN_CONDOR_RM_EXE setting: /usr/bin/condor_rm
01/12/25 10:10:39 DAGMAN_USE_DIRECT_SUBMIT setting: True
01/12/25 10:10:39 DAGMAN_PRODUCE_JOB_CREDENTIALS setting: True
01/12/25 10:10:39 DAGMAN_DEFAULT_APPEND_VARS setting: False
01/12/25 10:10:40 DAGMAN_INHERIT_ATTRS_PREFIX setting: 
01/12/25 10:10:40 DAGMAN_INHERIT_ATTRS setting: 
01/12/25 10:10:40 DAGMAN_ABORT_DUPLICATES setting: True
01/12/25 10:10:40 DAGMAN_ABORT_ON_SCARY_SUBMIT setting: True
01/12/25 10:10:40 DAGMAN_PENDING_REPORT_INTERVAL setting: 600
01/12/25 10:10:40 DAGMAN_CHECK_QUEUE_INTERVAL setting: 28800
01/12/25 10:10:40 DAGMAN_AUTO_RESCUE setting: True
01/12/25 10:10:40 DAGMAN_MAX_RESCUE_NUM setting: 100
01/12/25 10:10:40 DAGMAN_WRITE_PARTIAL_RESCUE setting: True
01/12/25 10:10:40 DAGMAN_DEFAULT_NODE_LOG setting: @(DAG_DIR)/@(DAG_FILE).nodes.log
01/12/25 10:10:40 DAGMAN_GENERATE_SUBDAG_SUBMITS setting: True
01/12/25 10:10:40 DAGMAN_MAX_JOB_HOLDS setting: 100
01/12/25 10:10:40 DAGMAN_HOLD_CLAIM_TIME setting: 20
01/12/25 10:10:40 DAGMAN_SUPPRESS_JOB_LOGS setting: False
01/12/25 10:10:40 DAGMAN_REMOVE_NODE_JOBS setting: True
01/12/25 10:10:40 DAGMAN_REMOVE_JOBS_AFTER_LIMIT_CHANGE setting: False
01/12/25 10:10:40 DAGMAN will adjust edges after parsing
01/12/25 10:10:40 argv[0] == "condor_scheduniv_exec.40.0"
01/12/25 10:10:40 argv[1] == "-Lockfile"
01/12/25 10:10:40 argv[2] == "dagman.dag.lock"
01/12/25 10:10:40 argv[3] == "-Dag"
01/12/25 10:10:40 argv[4] == "dagman.dag"
01/12/25 10:10:40 argv[5] == "-MaxIdle"
01/12/25 10:10:40 argv[6] == "1000"
01/12/25 10:10:40 argv[7] == "-CsdVersion"
01/12/25 10:10:40 argv[8] == "$CondorVersion: 23.10.19 2025-01-03 BuildID: 777890 PackageID: 23.10.19-1+ubu24 GitSHA: 91176a00 $"
01/12/25 10:10:40 argv[9] == "-dagman"
01/12/25 10:10:40 argv[10] == "/usr/bin/condor_dagman"
01/12/25 10:10:40 argv[11] == "-AutoRescue"
01/12/25 10:10:40 argv[12] == "1"
01/12/25 10:10:40 argv[13] == "-DoRescueFrom"
01/12/25 10:10:40 argv[14] == "0"
01/12/25 10:10:40 argv[15] == "-force"
01/12/25 10:10:40 Can't open directory "/etc/condor/passwords.d" as PRIV_ROOT, errno: 13 (Permission denied)
01/12/25 10:10:40 Can't open directory "/etc/condor/passwords.d" as PRIV_ROOT, errno: 13 (Permission denied)
01/12/25 10:10:40 Workflow batch-id: <40.0>
01/12/25 10:10:40 Workflow batch-name: <dagman.dag+40>
01/12/25 10:10:40 Workflow accounting_group: <>
01/12/25 10:10:40 Workflow accounting_group_user: <>
01/12/25 10:10:40 Warning: failed to get attribute DAGNodeName
01/12/25 10:10:40 DAGMAN_LOG_ON_NFS_IS_ERROR setting: False
01/12/25 10:10:40 Default node log file is: </home/ubuntu/wqd7008_group_project/./dagman.dag.nodes.log>
01/12/25 10:10:40 DAG Lockfile will be written to dagman.dag.lock
01/12/25 10:10:40 DAG Input file is dagman.dag
01/12/25 10:10:40 Parsing 1 dagfiles
01/12/25 10:10:40 Parsing dagman.dag ...
01/12/25 10:10:40 Adjusting edges
01/12/25 10:10:40 Dag contains 3 total nodes
01/12/25 10:10:40 Bootstrapping...
01/12/25 10:10:40 Number of pre-completed nodes: 0
01/12/25 10:10:40 MultiLogFiles: truncating log file /home/ubuntu/wqd7008_group_project/./dagman.dag.nodes.log
01/12/25 10:10:40 DAG status: 0 (DAG_STATUS_OK)
01/12/25 10:10:40 Of 3 nodes total:
01/12/25 10:10:40  Done     Pre   Queued    Post   Ready   Un-Ready   Failed   Futile
01/12/25 10:10:40   ===     ===      ===     ===     ===        ===      ===      ===
01/12/25 10:10:40     0       0        0       0       3          0        0        0
01/12/25 10:10:40 0 job proc(s) currently held
01/12/25 10:10:40 DAGMan Runtime Statistics: [EventCycleTimeCount = 0.0; EventCycleTimeSum = 0.0; LogProcessCycleTimeCount = 0.0; LogProcessCycleTimeSum = 0.0; SleepCycleTimeCount = 0.0; SleepCycleTimeSum = 0.0; SubmitCycleTimeCount = 0.0; SubmitCycleTimeSum = 0.0; ]
01/12/25 10:10:40 Registering condor_event_timer...
01/12/25 10:10:41 Submitting HTCondor Node ImportJob job(s)...
01/12/25 10:10:41 Submitting node ImportJob from file import.sub using direct job submission
01/12/25 10:10:41 	assigned HTCondor ID (41.0.0)
01/12/25 10:10:41 Submitting HTCondor Node PreprocessJob job(s)...
01/12/25 10:10:41 Submitting node PreprocessJob from file preprocess.sub using direct job submission
01/12/25 10:10:41 	assigned HTCondor ID (42.0.0)
01/12/25 10:10:41 Submitting HTCondor Node EDAJob job(s)...
01/12/25 10:10:41 Submitting node EDAJob from file eda.sub using direct job submission
01/12/25 10:10:41 ERROR: submit attempt failed, errno=2 No such file or directory
01/12/25 10:10:41 could not open submit file : eda.sub - can't open file eda.sub: No such file or directory
01/12/25 10:10:41 Submit warning: Submit:0:the line 'batch_id = 40.0' was unused by DAGMAN. Is it a typo?
|Submit:0:the line 'batch_name = dagman.dag+40' was unused by DAGMAN. Is it a typo?
|Submit:0:the line 'DAG_PARENT_NAMES = ' was unused by DAGMAN. Is it a typo?
01/12/25 10:10:41 Job submit try 1/6 failed, will try again in >= 1 second.
01/12/25 10:10:41 Just submitted 2 jobs this cycle...
01/12/25 10:10:41 DAG status: 0 (DAG_STATUS_OK)
01/12/25 10:10:41 Of 3 nodes total:
01/12/25 10:10:41  Done     Pre   Queued    Post   Ready   Un-Ready   Failed   Futile
01/12/25 10:10:41   ===     ===      ===     ===     ===        ===      ===      ===
01/12/25 10:10:41     0       0        2       0       1          0        0        0
01/12/25 10:10:41 0 job proc(s) currently held
01/12/25 10:10:41 DAGMan Runtime Statistics: [EventCycleTimeCount = 0.0; EventCycleTimeSum = 0.0; LogProcessCycleTimeCount = 0.0; LogProcessCycleTimeSum = 0.0; SleepCycleTimeCount = 0.0; SleepCycleTimeSum = 0.0; SubmitCycleTimeAvg = 0.122636079788208; SubmitCycleTimeCount = 1.0; SubmitCycleTimeMax = 0.122636079788208; SubmitCycleTimeMin = 0.122636079788208; SubmitCycleTimeStd = 0.122636079788208; SubmitCycleTimeSum = 0.122636079788208; ]
01/12/25 10:10:46 Submitting HTCondor Node EDAJob job(s)...
01/12/25 10:10:46 Submitting node EDAJob from file eda.sub using direct job submission
01/12/25 10:10:46 ERROR: submit attempt failed, errno=2 No such file or directory
01/12/25 10:10:46 could not open submit file : eda.sub - can't open file eda.sub: No such file or directory
01/12/25 10:10:46 Submit warning: Submit:0:the line 'batch_id = 40.0' was unused by DAGMAN. Is it a typo?
|Submit:0:the line 'batch_name = dagman.dag+40' was unused by DAGMAN. Is it a typo?
|Submit:0:the line 'DAG_PARENT_NAMES = ' was unused by DAGMAN. Is it a typo?
01/12/25 10:10:46 Job submit try 2/6 failed, will try again in >= 2 seconds.
01/12/25 10:10:46 Currently monitoring 1 HTCondor log file(s)
01/12/25 10:10:46 Reassigning the id of job ImportJob from (41.0.0) to (41.0.0)
01/12/25 10:10:46 Event: ULOG_SUBMIT for HTCondor Node ImportJob (41.0.0) {01/12/25 10:10:41}
01/12/25 10:10:46 Number of idle job procs: 1
01/12/25 10:10:46 Reassigning the id of job PreprocessJob from (42.0.0) to (42.0.0)
01/12/25 10:10:46 Event: ULOG_SUBMIT for HTCondor Node PreprocessJob (42.0.0) {01/12/25 10:10:41}
01/12/25 10:10:46 Number of idle job procs: 2
01/12/25 10:10:51 Submitting HTCondor Node EDAJob job(s)...
01/12/25 10:10:51 Submitting node EDAJob from file eda.sub using direct job submission
01/12/25 10:10:51 ERROR: submit attempt failed, errno=2 No such file or directory
01/12/25 10:10:51 could not open submit file : eda.sub - can't open file eda.sub: No such file or directory
01/12/25 10:10:51 Submit warning: Submit:0:the line 'batch_id = 40.0' was unused by DAGMAN. Is it a typo?
|Submit:0:the line 'batch_name = dagman.dag+40' was unused by DAGMAN. Is it a typo?
|Submit:0:the line 'DAG_PARENT_NAMES = ' was unused by DAGMAN. Is it a typo?
01/12/25 10:10:51 Job submit try 3/6 failed, will try again in >= 4 seconds.
01/12/25 10:10:56 Submitting HTCondor Node EDAJob job(s)...
01/12/25 10:10:56 Submitting node EDAJob from file eda.sub using direct job submission
01/12/25 10:10:56 ERROR: submit attempt failed, errno=2 No such file or directory
01/12/25 10:10:56 could not open submit file : eda.sub - can't open file eda.sub: No such file or directory
01/12/25 10:10:56 Submit warning: Submit:0:the line 'batch_id = 40.0' was unused by DAGMAN. Is it a typo?
|Submit:0:the line 'batch_name = dagman.dag+40' was unused by DAGMAN. Is it a typo?
|Submit:0:the line 'DAG_PARENT_NAMES = ' was unused by DAGMAN. Is it a typo?
01/12/25 10:10:56 Job submit try 4/6 failed, will try again in >= 8 seconds.
01/12/25 10:11:02 Currently monitoring 1 HTCondor log file(s)
01/12/25 10:11:02 Event: ULOG_EXECUTE for HTCondor Node PreprocessJob (42.0.0) {01/12/25 10:11:00}
01/12/25 10:11:02 Number of idle job procs: 1
01/12/25 10:11:02 Event: ULOG_EXECUTE for HTCondor Node ImportJob (41.0.0) {01/12/25 10:11:00}
01/12/25 10:11:02 Number of idle job procs: 0
01/12/25 10:11:02 Event: ULOG_JOB_TERMINATED for HTCondor Node ImportJob (41.0.0) {01/12/25 10:11:01}
01/12/25 10:11:02 Number of idle job procs: 0
01/12/25 10:11:02 Node ImportJob job proc (41.0.0) completed successfully.
01/12/25 10:11:02 Node ImportJob job completed
01/12/25 10:11:02 DAG status: 0 (DAG_STATUS_OK)
01/12/25 10:11:02 Of 3 nodes total:
01/12/25 10:11:02  Done     Pre   Queued    Post   Ready   Un-Ready   Failed   Futile
01/12/25 10:11:02   ===     ===      ===     ===     ===        ===      ===      ===
01/12/25 10:11:02     1       0        1       0       1          0        0        0
01/12/25 10:11:02 0 job proc(s) currently held
01/12/25 10:11:02 DAGMan Runtime Statistics: [EventCycleTimeAvg = 0.08358824253082275; EventCycleTimeCount = 4.0; EventCycleTimeMax = 0.1712119579315186; EventCycleTimeMin = 0.03913307189941406; EventCycleTimeStd = 0.0621609797346226; EventCycleTimeSum = 0.334352970123291; LogProcessCycleTimeAvg = 0.0438544750213623; LogProcessCycleTimeCount = 2.0; LogProcessCycleTimeMax = 0.04388189315795898; LogProcessCycleTimeMin = 0.04382705688476562; LogProcessCycleTimeStd = 3.877510063002251E-05; LogProcessCycleTimeSum = 0.08770895004272461; SleepCycleTimeAvg = 5.005123972892761; SleepCycleTimeCount = 4.0; SleepCycleTimeMax = 5.005213975906372; SleepCycleTimeMin = 5.005084991455078; SleepCycleTimeStd = 6.044447829250648E-05; SleepCycleTimeSum = 20.02049589157104; SubmitCycleTimeAvg = 0.2485874176025391; SubmitCycleTimeCount = 5.0; SubmitCycleTimeMax = 1.001074075698853; SubmitCycleTimeMin = 0.03910493850708008; SubmitCycleTimeStd = 0.4221817996173777; SubmitCycleTimeSum = 1.242937088012695; ]
01/12/25 10:11:07 Submitting HTCondor Node EDAJob job(s)...
01/12/25 10:11:07 Submitting node EDAJob from file eda.sub using direct job submission
01/12/25 10:11:07 ERROR: submit attempt failed, errno=2 No such file or directory
01/12/25 10:11:07 could not open submit file : eda.sub - can't open file eda.sub: No such file or directory
01/12/25 10:11:07 Submit warning: Submit:0:the line 'batch_id = 40.0' was unused by DAGMAN. Is it a typo?
|Submit:0:the line 'batch_name = dagman.dag+40' was unused by DAGMAN. Is it a typo?
|Submit:0:the line 'DAG_PARENT_NAMES = ' was unused by DAGMAN. Is it a typo?
01/12/25 10:11:07 Job submit try 5/6 failed, will try again in >= 16 seconds.
01/12/25 10:11:07 Currently monitoring 1 HTCondor log file(s)
01/12/25 10:11:07 Event: ULOG_JOB_TERMINATED for HTCondor Node PreprocessJob (42.0.0) {01/12/25 10:11:03}
01/12/25 10:11:07 Number of idle job procs: 0
01/12/25 10:11:07 Node PreprocessJob job proc (42.0.0) failed with status 1.
01/12/25 10:11:07 DAG status: 2 (DAG_STATUS_NODE_FAILED)
01/12/25 10:11:07 Of 3 nodes total:
01/12/25 10:11:07  Done     Pre   Queued    Post   Ready   Un-Ready   Failed   Futile
01/12/25 10:11:07   ===     ===      ===     ===     ===        ===      ===      ===
01/12/25 10:11:07     1       0        0       0       1          0        1        0
01/12/25 10:11:07 0 job proc(s) currently held
01/12/25 10:11:07 DAGMan Runtime Statistics: [EventCycleTimeAvg = 0.2834926128387451; EventCycleTimeCount = 5.0; EventCycleTimeMax = 1.083110094070435; EventCycleTimeMin = 0.03913307189941406; EventCycleTimeStd = 0.4502296934812395; EventCycleTimeSum = 1.417463064193726; LogProcessCycleTimeAvg = 0.03427298863728841; LogProcessCycleTimeCount = 3.0; LogProcessCycleTimeMax = 0.04388189315795898; LogProcessCycleTimeMin = 0.01511001586914062; LogProcessCycleTimeStd = 0.01659564387840359; LogProcessCycleTimeSum = 0.1028189659118652; SleepCycleTimeAvg = 5.005117750167846; SleepCycleTimeCount = 5.0; SleepCycleTimeMax = 5.005213975906372; SleepCycleTimeMin = 5.005084991455078; SleepCycleTimeStd = 5.416422670354998E-05; SleepCycleTimeSum = 25.02558875083923; SubmitCycleTimeAvg = 0.2117711702982585; SubmitCycleTimeCount = 6.0; SubmitCycleTimeMax = 1.001074075698853; SubmitCycleTimeMin = 0.02768993377685547; SubmitCycleTimeStd = 0.3882300786079742; SubmitCycleTimeSum = 1.270627021789551; ]
01/12/25 10:11:24 Submitting HTCondor Node EDAJob job(s)...
01/12/25 10:11:24 Submitting node EDAJob from file eda.sub using direct job submission
01/12/25 10:11:24 ERROR: submit attempt failed, errno=2 No such file or directory
01/12/25 10:11:24 could not open submit file : eda.sub - can't open file eda.sub: No such file or directory
01/12/25 10:11:24 Submit warning: Submit:0:the line 'batch_id = 40.0' was unused by DAGMAN. Is it a typo?
|Submit:0:the line 'batch_name = dagman.dag+40' was unused by DAGMAN. Is it a typo?
|Submit:0:the line 'DAG_PARENT_NAMES = ' was unused by DAGMAN. Is it a typo?
01/12/25 10:11:24 Node submit failed after 6 tries.
01/12/25 10:11:24 Shortcutting node EDAJob retries because of submit failure(s)
01/12/25 10:11:24 DAG status: 2 (DAG_STATUS_NODE_FAILED)
01/12/25 10:11:24 Of 3 nodes total:
01/12/25 10:11:24  Done     Pre   Queued    Post   Ready   Un-Ready   Failed   Futile
01/12/25 10:11:25   ===     ===      ===     ===     ===        ===      ===      ===
01/12/25 10:11:25     1       0        0       0       0          0        2        0
01/12/25 10:11:25 0 job proc(s) currently held
01/12/25 10:11:25 DAGMan Runtime Statistics: [EventCycleTimeAvg = 0.4369812607765198; EventCycleTimeCount = 8.0; EventCycleTimeMax = 1.083110094070435; EventCycleTimeMin = 0.03913307189941406; EventCycleTimeStd = 0.4921646978494869; EventCycleTimeSum = 3.495850086212158; LogProcessCycleTimeAvg = 0.03427298863728841; LogProcessCycleTimeCount = 3.0; LogProcessCycleTimeMax = 0.04388189315795898; LogProcessCycleTimeMin = 0.01511001586914062; LogProcessCycleTimeStd = 0.01659564387840359; LogProcessCycleTimeSum = 0.1028189659118652; SleepCycleTimeAvg = 5.005149722099304; SleepCycleTimeCount = 8.0; SleepCycleTimeMax = 5.005311012268066; SleepCycleTimeMin = 5.005084991455078; SleepCycleTimeStd = 8.235598348354029E-05; SleepCycleTimeSum = 40.04119777679443; SubmitCycleTimeAvg = 0.3670232560899522; SubmitCycleTimeCount = 9.0; SubmitCycleTimeMax = 1.001254081726074; SubmitCycleTimeMin = 0.02768993377685547; SubmitCycleTimeStd = 0.4764319971790045; SubmitCycleTimeSum = 3.30320930480957; ]
01/12/25 10:11:25 ERROR: the following job(s) failed:
01/12/25 10:11:25 ---------------------- Node ----------------------
01/12/25 10:11:25       Node Name: PreprocessJob
01/12/25 10:11:25            Noop: false
01/12/25 10:11:25          NodeID: 1
01/12/25 10:11:25     Node Status: STATUS_ERROR    
01/12/25 10:11:25 Node return val: 1
01/12/25 10:11:25           Error: Job proc (42.0.0) failed with status 1
01/12/25 10:11:25 Job Submit File: preprocess.sub
01/12/25 10:11:25  HTCondor Job ID: (42.0.0)
01/12/25 10:11:25 PARENTS:  WAITING: 0 CHILDREN: 
01/12/25 10:11:25 ---------------------- Node ----------------------
01/12/25 10:11:25       Node Name: EDAJob
01/12/25 10:11:25            Noop: false
01/12/25 10:11:25          NodeID: 2
01/12/25 10:11:25     Node Status: STATUS_ERROR    
01/12/25 10:11:25 Node return val: -1
01/12/25 10:11:25           Error: Job submit failed
01/12/25 10:11:25 Job Submit File: eda.sub
01/12/25 10:11:25  HTCondor Job ID: [not yet submitted]
01/12/25 10:11:25 PARENTS:  WAITING: 0 CHILDREN: 
01/12/25 10:11:25 ---------------------------------------	<END>
01/12/25 10:11:25 Aborting DAG...
01/12/25 10:11:25 Writing Rescue DAG to dagman.dag.rescue001...
01/12/25 10:11:25 Removing submitted jobs...
01/12/25 10:11:25 Removing any/all submitted HTCondor jobs...
01/12/25 10:11:25 Running: /usr/bin/condor_rm -const DAGManJobId==40 -reason DAG' 'Abort:' 'DAG' 'is' 'exiting' 'and' 'writing' 'rescue' 'file.
01/12/25 10:11:25 Note: 0 total node deferrals because of -MaxJobs limit (0)
01/12/25 10:11:25 Note: 0 total node deferrals because of -MaxIdle limit (1000)
01/12/25 10:11:25 Note: 0 total node deferrals because of node category throttles
01/12/25 10:11:25 Note: 0 total PRE script deferrals because of -MaxPre limit (20) or DEFER
01/12/25 10:11:25 Note: 0 total POST script deferrals because of -MaxPost limit (20) or DEFER
01/12/25 10:11:25 Note: 0 total HOLD script deferrals because of -MaxHold limit (20) or DEFER
01/12/25 10:11:25 DAG status: 2 (DAG_STATUS_NODE_FAILED)
01/12/25 10:11:25 Of 3 nodes total:
01/12/25 10:11:25  Done     Pre   Queued    Post   Ready   Un-Ready   Failed   Futile
01/12/25 10:11:25   ===     ===      ===     ===     ===        ===      ===      ===
01/12/25 10:11:25     1       0        0       0       0          0        2        0
01/12/25 10:11:25 0 job proc(s) currently held
01/12/25 10:11:25 DAGMan Runtime Statistics: [EventCycleTimeAvg = 0.4369812607765198; EventCycleTimeCount = 8.0; EventCycleTimeMax = 1.083110094070435; EventCycleTimeMin = 0.03913307189941406; EventCycleTimeStd = 0.4921646978494869; EventCycleTimeSum = 3.495850086212158; LogProcessCycleTimeAvg = 0.03427298863728841; LogProcessCycleTimeCount = 3.0; LogProcessCycleTimeMax = 0.04388189315795898; LogProcessCycleTimeMin = 0.01511001586914062; LogProcessCycleTimeStd = 0.01659564387840359; LogProcessCycleTimeSum = 0.1028189659118652; SleepCycleTimeAvg = 5.005149722099304; SleepCycleTimeCount = 8.0; SleepCycleTimeMax = 5.005311012268066; SleepCycleTimeMin = 5.005084991455078; SleepCycleTimeStd = 8.235598348354029E-05; SleepCycleTimeSum = 40.04119777679443; SubmitCycleTimeAvg = 0.3670232560899522; SubmitCycleTimeCount = 9.0; SubmitCycleTimeMax = 1.001254081726074; SubmitCycleTimeMin = 0.02768993377685547; SubmitCycleTimeStd = 0.4764319971790045; SubmitCycleTimeSum = 3.30320930480957; ]
01/12/25 10:11:25 Wrote metrics file dagman.dag.metrics.
01/12/25 10:11:25 DAGMan Runtime Statistics: [EventCycleTimeAvg = 0.4369812607765198; EventCycleTimeCount = 8.0; EventCycleTimeMax = 1.083110094070435; EventCycleTimeMin = 0.03913307189941406; EventCycleTimeStd = 0.4921646978494869; EventCycleTimeSum = 3.495850086212158; LogProcessCycleTimeAvg = 0.03427298863728841; LogProcessCycleTimeCount = 3.0; LogProcessCycleTimeMax = 0.04388189315795898; LogProcessCycleTimeMin = 0.01511001586914062; LogProcessCycleTimeStd = 0.01659564387840359; LogProcessCycleTimeSum = 0.1028189659118652; SleepCycleTimeAvg = 5.005149722099304; SleepCycleTimeCount = 8.0; SleepCycleTimeMax = 5.005311012268066; SleepCycleTimeMin = 5.005084991455078; SleepCycleTimeStd = 8.235598348354029E-05; SleepCycleTimeSum = 40.04119777679443; SubmitCycleTimeAvg = 0.3670232560899522; SubmitCycleTimeCount = 9.0; SubmitCycleTimeMax = 1.001254081726074; SubmitCycleTimeMin = 0.02768993377685547; SubmitCycleTimeStd = 0.4764319971790045; SubmitCycleTimeSum = 3.30320930480957; ]
01/12/25 10:11:25 **** condor_scheduniv_exec.40.0 (condor_DAGMAN) pid 1857 EXITING WITH STATUS 1
01/12/25 10:19:33 ******************************************************
01/12/25 10:19:33 ** condor_scheduniv_exec.43.0 (CONDOR_DAGMAN) STARTING UP
01/12/25 10:19:33 ** /usr/bin/condor_dagman
01/12/25 10:19:33 ** SubsystemInfo: name=DAGMAN type=DAGMAN(9) class=CLIENT(2)
01/12/25 10:19:33 ** Configuration: subsystem:DAGMAN local:<NONE> class:CLIENT
01/12/25 10:19:33 ** $CondorVersion: 23.10.19 2025-01-03 BuildID: 777890 PackageID: 23.10.19-1+ubu24 GitSHA: 91176a00 $
01/12/25 10:19:33 ** $CondorPlatform: X86_64-Ubuntu_24.04 $
01/12/25 10:19:33 ** PID = 1902 RealUID = 1000
01/12/25 10:19:33 ** Log last touched 1/12 10:11:25
01/12/25 10:19:33 ******************************************************
01/12/25 10:19:33 Using config source: /etc/condor/condor_config
01/12/25 10:19:33 Using local config sources: 
01/12/25 10:19:33    /etc/condor/config.d/00-security
01/12/25 10:19:33    /etc/condor/config.d/01-submit.config
01/12/25 10:19:33    /etc/condor/config.d/10-stash-plugin.conf
01/12/25 10:19:33    /etc/condor/condor_config.local
01/12/25 10:19:33 config Macros = 75, Sorted = 75, StringBytes = 2325, TablesBytes = 2764
01/12/25 10:19:33 CLASSAD_CACHING is ENABLED
01/12/25 10:19:33 Daemon Log is logging: D_ALWAYS D_ERROR D_STATUS
01/12/25 10:19:33 DaemonCore: No command port requested.
01/12/25 10:19:33 DAGMAN_USE_STRICT setting: 1
01/12/25 10:19:33 DAGMAN_VERBOSITY setting: 3
01/12/25 10:19:33 DAGMAN_DEBUG_CACHE_SIZE setting: 5242880
01/12/25 10:19:33 DAGMAN_DEBUG_CACHE_ENABLE setting: False
01/12/25 10:19:33 DAGMAN_SUBMIT_DELAY setting: 0
01/12/25 10:19:33 DAGMAN_MAX_SUBMIT_ATTEMPTS setting: 6
01/12/25 10:19:33 DAGMAN_STARTUP_CYCLE_DETECT setting: False
01/12/25 10:19:33 DAGMAN_MAX_SUBMITS_PER_INTERVAL setting: 100
01/12/25 10:19:33 DAGMAN_AGGRESSIVE_SUBMIT setting: False
01/12/25 10:19:33 DAGMAN_USER_LOG_SCAN_INTERVAL setting: 5
01/12/25 10:19:33 DAGMAN_QUEUE_UPDATE_INTERVAL setting: 300
01/12/25 10:19:33 DAGMAN_DEFAULT_PRIORITY setting: 0
01/12/25 10:19:33 DAGMAN_SUPPRESS_NOTIFICATION setting: False
01/12/25 10:19:33 allow_events (DAGMAN_ALLOW_EVENTS) setting: 114
01/12/25 10:19:33 DAGMAN_RETRY_SUBMIT_FIRST setting: True
01/12/25 10:19:33 DAGMAN_RETRY_NODE_FIRST setting: False
01/12/25 10:19:33 DAGMAN_MAX_JOBS_IDLE setting: 1000
01/12/25 10:19:33 DAGMAN_MAX_JOBS_SUBMITTED setting: 0
01/12/25 10:19:33 DAGMAN_MAX_PRE_SCRIPTS setting: 20
01/12/25 10:19:33 DAGMAN_MAX_POST_SCRIPTS setting: 20
01/12/25 10:19:33 DAGMAN_MAX_HOLD_SCRIPTS setting: 20
01/12/25 10:19:33 DAGMAN_MUNGE_NODE_NAMES setting: True
01/12/25 10:19:33 DAGMAN_PROHIBIT_MULTI_JOBS setting: False
01/12/25 10:19:33 DAGMAN_SUBMIT_DEPTH_FIRST setting: False
01/12/25 10:19:33 DAGMAN_ALWAYS_RUN_POST setting: False
01/12/25 10:19:33 DAGMAN_CONDOR_SUBMIT_EXE setting: /usr/bin/condor_submit
01/12/25 10:19:33 DAGMAN_CONDOR_RM_EXE setting: /usr/bin/condor_rm
01/12/25 10:19:33 DAGMAN_USE_DIRECT_SUBMIT setting: True
01/12/25 10:19:33 DAGMAN_PRODUCE_JOB_CREDENTIALS setting: True
01/12/25 10:19:33 DAGMAN_DEFAULT_APPEND_VARS setting: False
01/12/25 10:19:33 DAGMAN_INHERIT_ATTRS_PREFIX setting: 
01/12/25 10:19:33 DAGMAN_INHERIT_ATTRS setting: 
01/12/25 10:19:33 DAGMAN_ABORT_DUPLICATES setting: True
01/12/25 10:19:33 DAGMAN_ABORT_ON_SCARY_SUBMIT setting: True
01/12/25 10:19:33 DAGMAN_PENDING_REPORT_INTERVAL setting: 600
01/12/25 10:19:33 DAGMAN_CHECK_QUEUE_INTERVAL setting: 28800
01/12/25 10:19:33 DAGMAN_AUTO_RESCUE setting: True
01/12/25 10:19:33 DAGMAN_MAX_RESCUE_NUM setting: 100
01/12/25 10:19:33 DAGMAN_WRITE_PARTIAL_RESCUE setting: True
01/12/25 10:19:33 DAGMAN_DEFAULT_NODE_LOG setting: @(DAG_DIR)/@(DAG_FILE).nodes.log
01/12/25 10:19:33 DAGMAN_GENERATE_SUBDAG_SUBMITS setting: True
01/12/25 10:19:33 DAGMAN_MAX_JOB_HOLDS setting: 100
01/12/25 10:19:33 DAGMAN_HOLD_CLAIM_TIME setting: 20
01/12/25 10:19:33 DAGMAN_SUPPRESS_JOB_LOGS setting: False
01/12/25 10:19:33 DAGMAN_REMOVE_NODE_JOBS setting: True
01/12/25 10:19:33 DAGMAN_REMOVE_JOBS_AFTER_LIMIT_CHANGE setting: False
01/12/25 10:19:33 DAGMAN will adjust edges after parsing
01/12/25 10:19:33 argv[0] == "condor_scheduniv_exec.43.0"
01/12/25 10:19:33 argv[1] == "-Lockfile"
01/12/25 10:19:33 argv[2] == "dagman.dag.lock"
01/12/25 10:19:33 argv[3] == "-Dag"
01/12/25 10:19:33 argv[4] == "dagman.dag"
01/12/25 10:19:33 argv[5] == "-MaxIdle"
01/12/25 10:19:33 argv[6] == "1000"
01/12/25 10:19:33 argv[7] == "-CsdVersion"
01/12/25 10:19:33 argv[8] == "$CondorVersion: 23.10.19 2025-01-03 BuildID: 777890 PackageID: 23.10.19-1+ubu24 GitSHA: 91176a00 $"
01/12/25 10:19:33 argv[9] == "-dagman"
01/12/25 10:19:33 argv[10] == "/usr/bin/condor_dagman"
01/12/25 10:19:33 argv[11] == "-AutoRescue"
01/12/25 10:19:33 argv[12] == "1"
01/12/25 10:19:33 argv[13] == "-DoRescueFrom"
01/12/25 10:19:33 argv[14] == "0"
01/12/25 10:19:33 argv[15] == "-force"
01/12/25 10:19:33 Can't open directory "/etc/condor/passwords.d" as PRIV_ROOT, errno: 13 (Permission denied)
01/12/25 10:19:33 Can't open directory "/etc/condor/passwords.d" as PRIV_ROOT, errno: 13 (Permission denied)
01/12/25 10:19:33 Workflow batch-id: <43.0>
01/12/25 10:19:33 Workflow batch-name: <dagman.dag+43>
01/12/25 10:19:33 Workflow accounting_group: <>
01/12/25 10:19:33 Workflow accounting_group_user: <>
01/12/25 10:19:33 Warning: failed to get attribute DAGNodeName
01/12/25 10:19:33 DAGMAN_LOG_ON_NFS_IS_ERROR setting: False
01/12/25 10:19:33 Default node log file is: </home/ubuntu/wqd7008_group_project/./dagman.dag.nodes.log>
01/12/25 10:19:33 DAG Lockfile will be written to dagman.dag.lock
01/12/25 10:19:33 DAG Input file is dagman.dag
01/12/25 10:19:33 Parsing 1 dagfiles
01/12/25 10:19:33 Parsing dagman.dag ...
01/12/25 10:19:33 Adjusting edges
01/12/25 10:19:33 Dag contains 3 total nodes
01/12/25 10:19:33 Bootstrapping...
01/12/25 10:19:33 Number of pre-completed nodes: 0
01/12/25 10:19:33 MultiLogFiles: truncating log file /home/ubuntu/wqd7008_group_project/./dagman.dag.nodes.log
01/12/25 10:19:33 DAG status: 0 (DAG_STATUS_OK)
01/12/25 10:19:33 Of 3 nodes total:
01/12/25 10:19:33  Done     Pre   Queued    Post   Ready   Un-Ready   Failed   Futile
01/12/25 10:19:33   ===     ===      ===     ===     ===        ===      ===      ===
01/12/25 10:19:33     0       0        0       0       3          0        0        0
01/12/25 10:19:33 0 job proc(s) currently held
01/12/25 10:19:33 DAGMan Runtime Statistics: [EventCycleTimeCount = 0.0; EventCycleTimeSum = 0.0; LogProcessCycleTimeCount = 0.0; LogProcessCycleTimeSum = 0.0; SleepCycleTimeCount = 0.0; SleepCycleTimeSum = 0.0; SubmitCycleTimeCount = 0.0; SubmitCycleTimeSum = 0.0; ]
01/12/25 10:19:33 Registering condor_event_timer...
01/12/25 10:19:34 Submitting HTCondor Node ImportJob job(s)...
01/12/25 10:19:34 Submitting node ImportJob from file import.sub using direct job submission
01/12/25 10:19:34 	assigned HTCondor ID (44.0.0)
01/12/25 10:19:34 Submitting HTCondor Node PreprocessJob job(s)...
01/12/25 10:19:34 Submitting node PreprocessJob from file preprocess.sub using direct job submission
01/12/25 10:19:35 	assigned HTCondor ID (45.0.0)
01/12/25 10:19:35 Submitting HTCondor Node EDAJob job(s)...
01/12/25 10:19:35 Submitting node EDAJob from file eda.sub using direct job submission
01/12/25 10:19:35 ERROR: submit attempt failed, errno=2 No such file or directory
01/12/25 10:19:35 could not open submit file : eda.sub - can't open file eda.sub: No such file or directory
01/12/25 10:19:35 Submit warning: Submit:0:the line 'batch_id = 43.0' was unused by DAGMAN. Is it a typo?
|Submit:0:the line 'batch_name = dagman.dag+43' was unused by DAGMAN. Is it a typo?
|Submit:0:the line 'DAG_PARENT_NAMES = ' was unused by DAGMAN. Is it a typo?
01/12/25 10:19:35 Job submit try 1/6 failed, will try again in >= 1 second.
01/12/25 10:19:35 Just submitted 2 jobs this cycle...
01/12/25 10:19:35 DAG status: 0 (DAG_STATUS_OK)
01/12/25 10:19:35 Of 3 nodes total:
01/12/25 10:19:35  Done     Pre   Queued    Post   Ready   Un-Ready   Failed   Futile
01/12/25 10:19:35   ===     ===      ===     ===     ===        ===      ===      ===
01/12/25 10:19:35     0       0        2       0       1          0        0        0
01/12/25 10:19:35 0 job proc(s) currently held
01/12/25 10:19:35 DAGMan Runtime Statistics: [EventCycleTimeCount = 0.0; EventCycleTimeSum = 0.0; LogProcessCycleTimeCount = 0.0; LogProcessCycleTimeSum = 0.0; SleepCycleTimeCount = 0.0; SleepCycleTimeSum = 0.0; SubmitCycleTimeAvg = 0.1064610481262207; SubmitCycleTimeCount = 1.0; SubmitCycleTimeMax = 0.1064610481262207; SubmitCycleTimeMin = 0.1064610481262207; SubmitCycleTimeStd = 0.1064610481262207; SubmitCycleTimeSum = 0.1064610481262207; ]
01/12/25 10:19:40 Submitting HTCondor Node EDAJob job(s)...
01/12/25 10:19:40 Submitting node EDAJob from file eda.sub using direct job submission
01/12/25 10:19:40 ERROR: submit attempt failed, errno=2 No such file or directory
01/12/25 10:19:40 could not open submit file : eda.sub - can't open file eda.sub: No such file or directory
01/12/25 10:19:40 Submit warning: Submit:0:the line 'batch_id = 43.0' was unused by DAGMAN. Is it a typo?
|Submit:0:the line 'batch_name = dagman.dag+43' was unused by DAGMAN. Is it a typo?
|Submit:0:the line 'DAG_PARENT_NAMES = ' was unused by DAGMAN. Is it a typo?
01/12/25 10:19:40 Job submit try 2/6 failed, will try again in >= 2 seconds.
01/12/25 10:19:40 Currently monitoring 1 HTCondor log file(s)
01/12/25 10:19:40 Reassigning the id of job ImportJob from (44.0.0) to (44.0.0)
01/12/25 10:19:40 Event: ULOG_SUBMIT for HTCondor Node ImportJob (44.0.0) {01/12/25 10:19:34}
01/12/25 10:19:40 Number of idle job procs: 1
01/12/25 10:19:40 Reassigning the id of job PreprocessJob from (45.0.0) to (45.0.0)
01/12/25 10:19:40 Event: ULOG_SUBMIT for HTCondor Node PreprocessJob (45.0.0) {01/12/25 10:19:35}
01/12/25 10:19:40 Number of idle job procs: 2
01/12/25 10:19:45 Submitting HTCondor Node EDAJob job(s)...
01/12/25 10:19:45 Submitting node EDAJob from file eda.sub using direct job submission
01/12/25 10:19:45 ERROR: submit attempt failed, errno=2 No such file or directory
01/12/25 10:19:45 could not open submit file : eda.sub - can't open file eda.sub: No such file or directory
01/12/25 10:19:45 Submit warning: Submit:0:the line 'batch_id = 43.0' was unused by DAGMAN. Is it a typo?
|Submit:0:the line 'batch_name = dagman.dag+43' was unused by DAGMAN. Is it a typo?
|Submit:0:the line 'DAG_PARENT_NAMES = ' was unused by DAGMAN. Is it a typo?
01/12/25 10:19:45 Job submit try 3/6 failed, will try again in >= 4 seconds.
01/12/25 10:19:50 Submitting HTCondor Node EDAJob job(s)...
01/12/25 10:19:50 Submitting node EDAJob from file eda.sub using direct job submission
01/12/25 10:19:50 ERROR: submit attempt failed, errno=2 No such file or directory
01/12/25 10:19:50 could not open submit file : eda.sub - can't open file eda.sub: No such file or directory
01/12/25 10:19:50 Submit warning: Submit:0:the line 'batch_id = 43.0' was unused by DAGMAN. Is it a typo?
|Submit:0:the line 'batch_name = dagman.dag+43' was unused by DAGMAN. Is it a typo?
|Submit:0:the line 'DAG_PARENT_NAMES = ' was unused by DAGMAN. Is it a typo?
01/12/25 10:19:50 Job submit try 4/6 failed, will try again in >= 8 seconds.
01/12/25 10:19:56 Currently monitoring 1 HTCondor log file(s)
01/12/25 10:19:56 Event: ULOG_EXECUTE for HTCondor Node PreprocessJob (45.0.0) {01/12/25 10:19:54}
01/12/25 10:19:56 Number of idle job procs: 1
01/12/25 10:19:56 Event: ULOG_EXECUTE for HTCondor Node ImportJob (44.0.0) {01/12/25 10:19:54}
01/12/25 10:19:56 Number of idle job procs: 0
01/12/25 10:19:56 Event: ULOG_JOB_TERMINATED for HTCondor Node ImportJob (44.0.0) {01/12/25 10:19:54}
01/12/25 10:19:56 Number of idle job procs: 0
01/12/25 10:19:56 Node ImportJob job proc (44.0.0) completed successfully.
01/12/25 10:19:56 Node ImportJob job completed
01/12/25 10:19:56 DAG status: 0 (DAG_STATUS_OK)
01/12/25 10:19:56 Of 3 nodes total:
01/12/25 10:19:56  Done     Pre   Queued    Post   Ready   Un-Ready   Failed   Futile
01/12/25 10:19:56   ===     ===      ===     ===     ===        ===      ===      ===
01/12/25 10:19:56     1       0        1       0       1          0        0        0
01/12/25 10:19:56 0 job proc(s) currently held
01/12/25 10:19:56 DAGMan Runtime Statistics: [EventCycleTimeAvg = 0.07101148366928101; EventCycleTimeCount = 4.0; EventCycleTimeMax = 0.1485531330108643; EventCycleTimeMin = 0.0331878662109375; EventCycleTimeStd = 0.05366873329946868; EventCycleTimeSum = 0.284045934677124; LogProcessCycleTimeAvg = 0.0432964563369751; LogProcessCycleTimeCount = 2.0; LogProcessCycleTimeMax = 0.05337285995483398; LogProcessCycleTimeMin = 0.03322005271911621; LogProcessCycleTimeStd = 0.01425018665632136; LogProcessCycleTimeSum = 0.0865929126739502; SleepCycleTimeAvg = 5.004128277301788; SleepCycleTimeCount = 4.0; SleepCycleTimeMax = 5.005289077758789; SleepCycleTimeMin = 5.000933885574341; SleepCycleTimeStd = 0.002130993817018022; SleepCycleTimeSum = 20.01651310920715; SubmitCycleTimeAvg = 0.2419661998748779; SubmitCycleTimeCount = 5.0; SubmitCycleTimeMax = 1.001178979873657; SubmitCycleTimeMin = 0.03220391273498535; SubmitCycleTimeStd = 0.4255725590749082; SubmitCycleTimeSum = 1.20983099937439; ]
01/12/25 10:20:01 Submitting HTCondor Node EDAJob job(s)...
01/12/25 10:20:01 Submitting node EDAJob from file eda.sub using direct job submission
01/12/25 10:20:01 ERROR: submit attempt failed, errno=2 No such file or directory
01/12/25 10:20:01 could not open submit file : eda.sub - can't open file eda.sub: No such file or directory
01/12/25 10:20:01 Submit warning: Submit:0:the line 'batch_id = 43.0' was unused by DAGMAN. Is it a typo?
|Submit:0:the line 'batch_name = dagman.dag+43' was unused by DAGMAN. Is it a typo?
|Submit:0:the line 'DAG_PARENT_NAMES = ' was unused by DAGMAN. Is it a typo?
01/12/25 10:20:01 Job submit try 5/6 failed, will try again in >= 16 seconds.
01/12/25 10:20:01 Currently monitoring 1 HTCondor log file(s)
01/12/25 10:20:01 Event: ULOG_JOB_TERMINATED for HTCondor Node PreprocessJob (45.0.0) {01/12/25 10:19:56}
01/12/25 10:20:01 Number of idle job procs: 0
01/12/25 10:20:01 Node PreprocessJob job proc (45.0.0) failed with status 1.
01/12/25 10:20:01 DAG status: 2 (DAG_STATUS_NODE_FAILED)
01/12/25 10:20:01 Of 3 nodes total:
01/12/25 10:20:01  Done     Pre   Queued    Post   Ready   Un-Ready   Failed   Futile
01/12/25 10:20:01   ===     ===      ===     ===     ===        ===      ===      ===
01/12/25 10:20:01     1       0        0       0       1          0        1        0
01/12/25 10:20:01 0 job proc(s) currently held
01/12/25 10:20:01 DAGMan Runtime Statistics: [EventCycleTimeAvg = 0.2758103847503662; EventCycleTimeCount = 5.0; EventCycleTimeMax = 1.095005989074707; EventCycleTimeMin = 0.0331878662109375; EventCycleTimeStd = 0.4602968597770115; EventCycleTimeSum = 1.379051923751831; LogProcessCycleTimeAvg = 0.03454828262329102; LogProcessCycleTimeCount = 3.0; LogProcessCycleTimeMax = 0.05337285995483398; LogProcessCycleTimeMin = 0.01705193519592285; LogProcessCycleTimeStd = 0.0181968552185365; LogProcessCycleTimeSum = 0.103644847869873; SleepCycleTimeAvg = 5.004341840744019; SleepCycleTimeCount = 5.0; SleepCycleTimeMax = 5.005289077758789; SleepCycleTimeMin = 5.000933885574341; SleepCycleTimeStd = 0.001906278496288748; SleepCycleTimeSum = 25.02170920372009; SubmitCycleTimeAvg = 0.2062153418858846; SubmitCycleTimeCount = 6.0; SubmitCycleTimeMax = 1.001178979873657; SubmitCycleTimeMin = 0.02746105194091797; SubmitCycleTimeStd = 0.3905871804242274; SubmitCycleTimeSum = 1.237292051315308; ]
01/12/25 10:20:18 Submitting HTCondor Node EDAJob job(s)...
01/12/25 10:20:18 Submitting node EDAJob from file eda.sub using direct job submission
01/12/25 10:20:18 ERROR: submit attempt failed, errno=2 No such file or directory
01/12/25 10:20:18 could not open submit file : eda.sub - can't open file eda.sub: No such file or directory
01/12/25 10:20:18 Submit warning: Submit:0:the line 'batch_id = 43.0' was unused by DAGMAN. Is it a typo?
|Submit:0:the line 'batch_name = dagman.dag+43' was unused by DAGMAN. Is it a typo?
|Submit:0:the line 'DAG_PARENT_NAMES = ' was unused by DAGMAN. Is it a typo?
01/12/25 10:20:18 Node submit failed after 6 tries.
01/12/25 10:20:18 Shortcutting node EDAJob retries because of submit failure(s)
01/12/25 10:20:18 DAG status: 2 (DAG_STATUS_NODE_FAILED)
01/12/25 10:20:18 Of 3 nodes total:
01/12/25 10:20:18  Done     Pre   Queued    Post   Ready   Un-Ready   Failed   Futile
01/12/25 10:20:18   ===     ===      ===     ===     ===        ===      ===      ===
01/12/25 10:20:18     1       0        0       0       0          0        2        0
01/12/25 10:20:18 0 job proc(s) currently held
01/12/25 10:20:18 DAGMan Runtime Statistics: [EventCycleTimeAvg = 0.4334442317485809; EventCycleTimeCount = 8.0; EventCycleTimeMax = 1.095005989074707; EventCycleTimeMin = 0.0331878662109375; EventCycleTimeStd = 0.4981698221382306; EventCycleTimeSum = 3.467553853988647; LogProcessCycleTimeAvg = 0.03454828262329102; LogProcessCycleTimeCount = 3.0; LogProcessCycleTimeMax = 0.05337285995483398; LogProcessCycleTimeMin = 0.01705193519592285; LogProcessCycleTimeStd = 0.0181968552185365; LogProcessCycleTimeSum = 0.103644847869873; SleepCycleTimeAvg = 5.004629164934158; SleepCycleTimeCount = 8.0; SleepCycleTimeMax = 5.005289077758789; SleepCycleTimeMin = 5.000933885574341; SleepCycleTimeStd = 0.001494577858875215; SleepCycleTimeSum = 40.03703331947327; SubmitCycleTimeAvg = 0.364347775777181; SubmitCycleTimeCount = 9.0; SubmitCycleTimeMax = 1.001355886459351; SubmitCycleTimeMin = 0.02746105194091797; SubmitCycleTimeStd = 0.4782254866993112; SubmitCycleTimeSum = 3.279129981994629; ]
01/12/25 10:20:18 ERROR: the following job(s) failed:
01/12/25 10:20:18 ---------------------- Node ----------------------
01/12/25 10:20:18       Node Name: PreprocessJob
01/12/25 10:20:18            Noop: false
01/12/25 10:20:18          NodeID: 1
01/12/25 10:20:18     Node Status: STATUS_ERROR    
01/12/25 10:20:18 Node return val: 1
01/12/25 10:20:18           Error: Job proc (45.0.0) failed with status 1
01/12/25 10:20:18 Job Submit File: preprocess.sub
01/12/25 10:20:18  HTCondor Job ID: (45.0.0)
01/12/25 10:20:18 PARENTS:  WAITING: 0 CHILDREN: 
01/12/25 10:20:18 ---------------------- Node ----------------------
01/12/25 10:20:18       Node Name: EDAJob
01/12/25 10:20:18            Noop: false
01/12/25 10:20:18          NodeID: 2
01/12/25 10:20:18     Node Status: STATUS_ERROR    
01/12/25 10:20:18 Node return val: -1
01/12/25 10:20:18           Error: Job submit failed
01/12/25 10:20:18 Job Submit File: eda.sub
01/12/25 10:20:18  HTCondor Job ID: [not yet submitted]
01/12/25 10:20:18 PARENTS:  WAITING: 0 CHILDREN: 
01/12/25 10:20:18 ---------------------------------------	<END>
01/12/25 10:20:18 Aborting DAG...
01/12/25 10:20:18 Writing Rescue DAG to dagman.dag.rescue001...
01/12/25 10:20:18 Removing submitted jobs...
01/12/25 10:20:18 Removing any/all submitted HTCondor jobs...
01/12/25 10:20:18 Running: /usr/bin/condor_rm -const DAGManJobId==43 -reason DAG' 'Abort:' 'DAG' 'is' 'exiting' 'and' 'writing' 'rescue' 'file.
01/12/25 10:20:18 Note: 0 total node deferrals because of -MaxJobs limit (0)
01/12/25 10:20:18 Note: 0 total node deferrals because of -MaxIdle limit (1000)
01/12/25 10:20:18 Note: 0 total node deferrals because of node category throttles
01/12/25 10:20:18 Note: 0 total PRE script deferrals because of -MaxPre limit (20) or DEFER
01/12/25 10:20:18 Note: 0 total POST script deferrals because of -MaxPost limit (20) or DEFER
01/12/25 10:20:18 Note: 0 total HOLD script deferrals because of -MaxHold limit (20) or DEFER
01/12/25 10:20:18 DAG status: 2 (DAG_STATUS_NODE_FAILED)
01/12/25 10:20:18 Of 3 nodes total:
01/12/25 10:20:18  Done     Pre   Queued    Post   Ready   Un-Ready   Failed   Futile
01/12/25 10:20:18   ===     ===      ===     ===     ===        ===      ===      ===
01/12/25 10:20:18     1       0        0       0       0          0        2        0
01/12/25 10:20:18 0 job proc(s) currently held
01/12/25 10:20:18 DAGMan Runtime Statistics: [EventCycleTimeAvg = 0.4334442317485809; EventCycleTimeCount = 8.0; EventCycleTimeMax = 1.095005989074707; EventCycleTimeMin = 0.0331878662109375; EventCycleTimeStd = 0.4981698221382306; EventCycleTimeSum = 3.467553853988647; LogProcessCycleTimeAvg = 0.03454828262329102; LogProcessCycleTimeCount = 3.0; LogProcessCycleTimeMax = 0.05337285995483398; LogProcessCycleTimeMin = 0.01705193519592285; LogProcessCycleTimeStd = 0.0181968552185365; LogProcessCycleTimeSum = 0.103644847869873; SleepCycleTimeAvg = 5.004629164934158; SleepCycleTimeCount = 8.0; SleepCycleTimeMax = 5.005289077758789; SleepCycleTimeMin = 5.000933885574341; SleepCycleTimeStd = 0.001494577858875215; SleepCycleTimeSum = 40.03703331947327; SubmitCycleTimeAvg = 0.364347775777181; SubmitCycleTimeCount = 9.0; SubmitCycleTimeMax = 1.001355886459351; SubmitCycleTimeMin = 0.02746105194091797; SubmitCycleTimeStd = 0.4782254866993112; SubmitCycleTimeSum = 3.279129981994629; ]
01/12/25 10:20:18 Wrote metrics file dagman.dag.metrics.
01/12/25 10:20:18 DAGMan Runtime Statistics: [EventCycleTimeAvg = 0.4334442317485809; EventCycleTimeCount = 8.0; EventCycleTimeMax = 1.095005989074707; EventCycleTimeMin = 0.0331878662109375; EventCycleTimeStd = 0.4981698221382306; EventCycleTimeSum = 3.467553853988647; LogProcessCycleTimeAvg = 0.03454828262329102; LogProcessCycleTimeCount = 3.0; LogProcessCycleTimeMax = 0.05337285995483398; LogProcessCycleTimeMin = 0.01705193519592285; LogProcessCycleTimeStd = 0.0181968552185365; LogProcessCycleTimeSum = 0.103644847869873; SleepCycleTimeAvg = 5.004629164934158; SleepCycleTimeCount = 8.0; SleepCycleTimeMax = 5.005289077758789; SleepCycleTimeMin = 5.000933885574341; SleepCycleTimeStd = 0.001494577858875215; SleepCycleTimeSum = 40.03703331947327; SubmitCycleTimeAvg = 0.364347775777181; SubmitCycleTimeCount = 9.0; SubmitCycleTimeMax = 1.001355886459351; SubmitCycleTimeMin = 0.02746105194091797; SubmitCycleTimeStd = 0.4782254866993112; SubmitCycleTimeSum = 3.279129981994629; ]
01/12/25 10:20:18 **** condor_scheduniv_exec.43.0 (condor_DAGMAN) pid 1902 EXITING WITH STATUS 1
01/12/25 10:42:46 ******************************************************
01/12/25 10:42:46 ** condor_scheduniv_exec.46.0 (CONDOR_DAGMAN) STARTING UP
01/12/25 10:42:46 ** /usr/bin/condor_dagman
01/12/25 10:42:46 ** SubsystemInfo: name=DAGMAN type=DAGMAN(9) class=CLIENT(2)
01/12/25 10:42:46 ** Configuration: subsystem:DAGMAN local:<NONE> class:CLIENT
01/12/25 10:42:46 ** $CondorVersion: 23.10.19 2025-01-03 BuildID: 777890 PackageID: 23.10.19-1+ubu24 GitSHA: 91176a00 $
01/12/25 10:42:46 ** $CondorPlatform: X86_64-Ubuntu_24.04 $
01/12/25 10:42:46 ** PID = 1989 RealUID = 1000
01/12/25 10:42:46 ** Log last touched 1/12 10:20:18
01/12/25 10:42:46 ******************************************************
01/12/25 10:42:46 Using config source: /etc/condor/condor_config
01/12/25 10:42:46 Using local config sources: 
01/12/25 10:42:46    /etc/condor/config.d/00-security
01/12/25 10:42:46    /etc/condor/config.d/01-submit.config
01/12/25 10:42:46    /etc/condor/config.d/10-stash-plugin.conf
01/12/25 10:42:46    /etc/condor/condor_config.local
01/12/25 10:42:46 config Macros = 75, Sorted = 75, StringBytes = 2325, TablesBytes = 2764
01/12/25 10:42:46 CLASSAD_CACHING is ENABLED
01/12/25 10:42:46 Daemon Log is logging: D_ALWAYS D_ERROR D_STATUS
01/12/25 10:42:46 DaemonCore: No command port requested.
01/12/25 10:42:46 DAGMAN_USE_STRICT setting: 1
01/12/25 10:42:46 DAGMAN_VERBOSITY setting: 3
01/12/25 10:42:46 DAGMAN_DEBUG_CACHE_SIZE setting: 5242880
01/12/25 10:42:46 DAGMAN_DEBUG_CACHE_ENABLE setting: False
01/12/25 10:42:46 DAGMAN_SUBMIT_DELAY setting: 0
01/12/25 10:42:46 DAGMAN_MAX_SUBMIT_ATTEMPTS setting: 6
01/12/25 10:42:46 DAGMAN_STARTUP_CYCLE_DETECT setting: False
01/12/25 10:42:46 DAGMAN_MAX_SUBMITS_PER_INTERVAL setting: 100
01/12/25 10:42:46 DAGMAN_AGGRESSIVE_SUBMIT setting: False
01/12/25 10:42:47 DAGMAN_USER_LOG_SCAN_INTERVAL setting: 5
01/12/25 10:42:47 DAGMAN_QUEUE_UPDATE_INTERVAL setting: 300
01/12/25 10:42:47 DAGMAN_DEFAULT_PRIORITY setting: 0
01/12/25 10:42:47 DAGMAN_SUPPRESS_NOTIFICATION setting: False
01/12/25 10:42:47 allow_events (DAGMAN_ALLOW_EVENTS) setting: 114
01/12/25 10:42:47 DAGMAN_RETRY_SUBMIT_FIRST setting: True
01/12/25 10:42:47 DAGMAN_RETRY_NODE_FIRST setting: False
01/12/25 10:42:47 DAGMAN_MAX_JOBS_IDLE setting: 1000
01/12/25 10:42:47 DAGMAN_MAX_JOBS_SUBMITTED setting: 0
01/12/25 10:42:47 DAGMAN_MAX_PRE_SCRIPTS setting: 20
01/12/25 10:42:47 DAGMAN_MAX_POST_SCRIPTS setting: 20
01/12/25 10:42:47 DAGMAN_MAX_HOLD_SCRIPTS setting: 20
01/12/25 10:42:47 DAGMAN_MUNGE_NODE_NAMES setting: True
01/12/25 10:42:47 DAGMAN_PROHIBIT_MULTI_JOBS setting: False
01/12/25 10:42:47 DAGMAN_SUBMIT_DEPTH_FIRST setting: False
01/12/25 10:42:47 DAGMAN_ALWAYS_RUN_POST setting: False
01/12/25 10:42:47 DAGMAN_CONDOR_SUBMIT_EXE setting: /usr/bin/condor_submit
01/12/25 10:42:47 DAGMAN_CONDOR_RM_EXE setting: /usr/bin/condor_rm
01/12/25 10:42:47 DAGMAN_USE_DIRECT_SUBMIT setting: True
01/12/25 10:42:47 DAGMAN_PRODUCE_JOB_CREDENTIALS setting: True
01/12/25 10:42:47 DAGMAN_DEFAULT_APPEND_VARS setting: False
01/12/25 10:42:47 DAGMAN_INHERIT_ATTRS_PREFIX setting: 
01/12/25 10:42:47 DAGMAN_INHERIT_ATTRS setting: 
01/12/25 10:42:47 DAGMAN_ABORT_DUPLICATES setting: True
01/12/25 10:42:47 DAGMAN_ABORT_ON_SCARY_SUBMIT setting: True
01/12/25 10:42:47 DAGMAN_PENDING_REPORT_INTERVAL setting: 600
01/12/25 10:42:47 DAGMAN_CHECK_QUEUE_INTERVAL setting: 28800
01/12/25 10:42:47 DAGMAN_AUTO_RESCUE setting: True
01/12/25 10:42:47 DAGMAN_MAX_RESCUE_NUM setting: 100
01/12/25 10:42:47 DAGMAN_WRITE_PARTIAL_RESCUE setting: True
01/12/25 10:42:47 DAGMAN_DEFAULT_NODE_LOG setting: @(DAG_DIR)/@(DAG_FILE).nodes.log
01/12/25 10:42:47 DAGMAN_GENERATE_SUBDAG_SUBMITS setting: True
01/12/25 10:42:47 DAGMAN_MAX_JOB_HOLDS setting: 100
01/12/25 10:42:47 DAGMAN_HOLD_CLAIM_TIME setting: 20
01/12/25 10:42:47 DAGMAN_SUPPRESS_JOB_LOGS setting: False
01/12/25 10:42:47 DAGMAN_REMOVE_NODE_JOBS setting: True
01/12/25 10:42:47 DAGMAN_REMOVE_JOBS_AFTER_LIMIT_CHANGE setting: False
01/12/25 10:42:47 DAGMAN will adjust edges after parsing
01/12/25 10:42:47 argv[0] == "condor_scheduniv_exec.46.0"
01/12/25 10:42:47 argv[1] == "-Lockfile"
01/12/25 10:42:47 argv[2] == "dagman.dag.lock"
01/12/25 10:42:47 argv[3] == "-Dag"
01/12/25 10:42:47 argv[4] == "dagman.dag"
01/12/25 10:42:47 argv[5] == "-MaxIdle"
01/12/25 10:42:47 argv[6] == "1000"
01/12/25 10:42:47 argv[7] == "-CsdVersion"
01/12/25 10:42:47 argv[8] == "$CondorVersion: 23.10.19 2025-01-03 BuildID: 777890 PackageID: 23.10.19-1+ubu24 GitSHA: 91176a00 $"
01/12/25 10:42:47 argv[9] == "-dagman"
01/12/25 10:42:47 argv[10] == "/usr/bin/condor_dagman"
01/12/25 10:42:47 argv[11] == "-AutoRescue"
01/12/25 10:42:47 argv[12] == "1"
01/12/25 10:42:47 argv[13] == "-DoRescueFrom"
01/12/25 10:42:47 argv[14] == "0"
01/12/25 10:42:47 argv[15] == "-force"
01/12/25 10:42:47 Can't open directory "/etc/condor/passwords.d" as PRIV_ROOT, errno: 13 (Permission denied)
01/12/25 10:42:47 Can't open directory "/etc/condor/passwords.d" as PRIV_ROOT, errno: 13 (Permission denied)
01/12/25 10:42:47 Workflow batch-id: <46.0>
01/12/25 10:42:47 Workflow batch-name: <dagman.dag+46>
01/12/25 10:42:47 Workflow accounting_group: <>
01/12/25 10:42:47 Workflow accounting_group_user: <>
01/12/25 10:42:47 Warning: failed to get attribute DAGNodeName
01/12/25 10:42:47 DAGMAN_LOG_ON_NFS_IS_ERROR setting: False
01/12/25 10:42:47 Default node log file is: </home/ubuntu/wqd7008_group_project/./dagman.dag.nodes.log>
01/12/25 10:42:47 DAG Lockfile will be written to dagman.dag.lock
01/12/25 10:42:47 DAG Input file is dagman.dag
01/12/25 10:42:47 Parsing 1 dagfiles
01/12/25 10:42:47 Parsing dagman.dag ...
01/12/25 10:42:47 Adjusting edges
01/12/25 10:42:47 Dag contains 3 total nodes
01/12/25 10:42:47 Bootstrapping...
01/12/25 10:42:47 Number of pre-completed nodes: 0
01/12/25 10:42:47 MultiLogFiles: truncating log file /home/ubuntu/wqd7008_group_project/./dagman.dag.nodes.log
01/12/25 10:42:47 DAG status: 0 (DAG_STATUS_OK)
01/12/25 10:42:47 Of 3 nodes total:
01/12/25 10:42:47  Done     Pre   Queued    Post   Ready   Un-Ready   Failed   Futile
01/12/25 10:42:47   ===     ===      ===     ===     ===        ===      ===      ===
01/12/25 10:42:47     0       0        0       0       1          2        0        0
01/12/25 10:42:47 0 job proc(s) currently held
01/12/25 10:42:47 DAGMan Runtime Statistics: [EventCycleTimeCount = 0.0; EventCycleTimeSum = 0.0; LogProcessCycleTimeCount = 0.0; LogProcessCycleTimeSum = 0.0; SleepCycleTimeCount = 0.0; SleepCycleTimeSum = 0.0; SubmitCycleTimeCount = 0.0; SubmitCycleTimeSum = 0.0; ]
01/12/25 10:42:47 Registering condor_event_timer...
01/12/25 10:42:48 Submitting HTCondor Node ImportJob job(s)...
01/12/25 10:42:48 Submitting node ImportJob from file import.sub using direct job submission
01/12/25 10:42:48 	assigned HTCondor ID (47.0.0)
01/12/25 10:42:48 Just submitted 1 job this cycle...
01/12/25 10:42:48 DAG status: 0 (DAG_STATUS_OK)
01/12/25 10:42:48 Of 3 nodes total:
01/12/25 10:42:48  Done     Pre   Queued    Post   Ready   Un-Ready   Failed   Futile
01/12/25 10:42:48   ===     ===      ===     ===     ===        ===      ===      ===
01/12/25 10:42:48     0       0        1       0       0          2        0        0
01/12/25 10:42:48 0 job proc(s) currently held
01/12/25 10:42:48 DAGMan Runtime Statistics: [EventCycleTimeCount = 0.0; EventCycleTimeSum = 0.0; LogProcessCycleTimeCount = 0.0; LogProcessCycleTimeSum = 0.0; SleepCycleTimeCount = 0.0; SleepCycleTimeSum = 0.0; SubmitCycleTimeAvg = 0.04014706611633301; SubmitCycleTimeCount = 1.0; SubmitCycleTimeMax = 0.04014706611633301; SubmitCycleTimeMin = 0.04014706611633301; SubmitCycleTimeStd = 0.04014706611633301; SubmitCycleTimeSum = 0.04014706611633301; ]
01/12/25 10:42:53 Currently monitoring 1 HTCondor log file(s)
01/12/25 10:42:53 Reassigning the id of job ImportJob from (47.0.0) to (47.0.0)
01/12/25 10:42:53 Event: ULOG_SUBMIT for HTCondor Node ImportJob (47.0.0) {01/12/25 10:42:48}
01/12/25 10:42:53 Number of idle job procs: 1
01/12/25 10:43:08 Currently monitoring 1 HTCondor log file(s)
01/12/25 10:43:08 Event: ULOG_EXECUTE for HTCondor Node ImportJob (47.0.0) {01/12/25 10:43:07}
01/12/25 10:43:08 Number of idle job procs: 0
01/12/25 10:43:08 Event: ULOG_JOB_TERMINATED for HTCondor Node ImportJob (47.0.0) {01/12/25 10:43:08}
01/12/25 10:43:08 Number of idle job procs: 0
01/12/25 10:43:08 Node ImportJob job proc (47.0.0) completed successfully.
01/12/25 10:43:08 Node ImportJob job completed
01/12/25 10:43:08 DAG status: 0 (DAG_STATUS_OK)
01/12/25 10:43:08 Of 3 nodes total:
01/12/25 10:43:08  Done     Pre   Queued    Post   Ready   Un-Ready   Failed   Futile
01/12/25 10:43:08   ===     ===      ===     ===     ===        ===      ===      ===
01/12/25 10:43:08     1       0        0       0       1          1        0        0
01/12/25 10:43:08 0 job proc(s) currently held
01/12/25 10:43:08 DAGMan Runtime Statistics: [EventCycleTimeAvg = 0.02437347173690796; EventCycleTimeCount = 4.0; EventCycleTimeMax = 0.07570910453796387; EventCycleTimeMin = 2.384185791015625E-05; EventCycleTimeStd = 0.03572159129910737; EventCycleTimeSum = 0.09749388694763184; LogProcessCycleTimeAvg = 0.02537155151367188; LogProcessCycleTimeCount = 2.0; LogProcessCycleTimeMax = 0.02903509140014648; LogProcessCycleTimeMin = 0.02170801162719727; LogProcessCycleTimeStd = 0.005181027793747181; LogProcessCycleTimeSum = 0.05074310302734375; SleepCycleTimeAvg = 5.005155563354492; SleepCycleTimeCount = 4.0; SleepCycleTimeMax = 5.005311012268066; SleepCycleTimeMin = 5.005066156387329; SleepCycleTimeStd = 0.0001104278745757092; SleepCycleTimeSum = 20.02062225341797; SubmitCycleTimeAvg = 0.0080322265625; SubmitCycleTimeCount = 5.0; SubmitCycleTimeMax = 0.04014706611633301; SubmitCycleTimeMin = 2.86102294921875E-06; SubmitCycleTimeStd = 0.01795274109042995; SubmitCycleTimeSum = 0.0401611328125; ]
01/12/25 10:43:13 Submitting HTCondor Node PreprocessJob job(s)...
01/12/25 10:43:13 Submitting node PreprocessJob from file preprocess.sub using direct job submission
01/12/25 10:43:13 	assigned HTCondor ID (48.0.0)
01/12/25 10:43:13 Just submitted 1 job this cycle...
01/12/25 10:43:13 DAG status: 0 (DAG_STATUS_OK)
01/12/25 10:43:13 Of 3 nodes total:
01/12/25 10:43:13  Done     Pre   Queued    Post   Ready   Un-Ready   Failed   Futile
01/12/25 10:43:13   ===     ===      ===     ===     ===        ===      ===      ===
01/12/25 10:43:13     1       0        1       0       0          1        0        0
01/12/25 10:43:13 0 job proc(s) currently held
01/12/25 10:43:13 DAGMan Runtime Statistics: [EventCycleTimeAvg = 0.03309917449951172; EventCycleTimeCount = 5.0; EventCycleTimeMax = 0.07570910453796387; EventCycleTimeMin = 2.384185791015625E-05; EventCycleTimeStd = 0.03657476598984472; EventCycleTimeSum = 0.1654958724975586; LogProcessCycleTimeAvg = 0.02537155151367188; LogProcessCycleTimeCount = 2.0; LogProcessCycleTimeMax = 0.02903509140014648; LogProcessCycleTimeMin = 0.02170801162719727; LogProcessCycleTimeStd = 0.005181027793747181; LogProcessCycleTimeSum = 0.05074310302734375; SleepCycleTimeAvg = 5.005142641067505; SleepCycleTimeCount = 5.0; SleepCycleTimeMax = 5.005311012268066; SleepCycleTimeMin = 5.005066156387329; SleepCycleTimeStd = 9.990327025102831E-05; SleepCycleTimeSum = 25.02571320533752; SubmitCycleTimeAvg = 0.01223202546437581; SubmitCycleTimeCount = 6.0; SubmitCycleTimeMax = 0.04014706611633301; SubmitCycleTimeMin = 2.86102294921875E-06; SubmitCycleTimeStd = 0.01907014931837696; SubmitCycleTimeSum = 0.07339215278625488; ]
01/12/25 10:43:18 Currently monitoring 1 HTCondor log file(s)
01/12/25 10:43:18 Reassigning the id of job PreprocessJob from (48.0.0) to (48.0.0)
01/12/25 10:43:18 Event: ULOG_SUBMIT for HTCondor Node PreprocessJob (48.0.0) {01/12/25 10:43:13}
01/12/25 10:43:18 Number of idle job procs: 1
01/12/25 10:43:18 Event: ULOG_EXECUTE for HTCondor Node PreprocessJob (48.0.0) {01/12/25 10:43:14}
01/12/25 10:43:18 Number of idle job procs: 0
01/12/25 10:43:18 Event: ULOG_JOB_TERMINATED for HTCondor Node PreprocessJob (48.0.0) {01/12/25 10:43:17}
01/12/25 10:43:18 Number of idle job procs: 0
01/12/25 10:43:18 Node PreprocessJob job proc (48.0.0) failed with status 1.
01/12/25 10:43:18 DAG status: 2 (DAG_STATUS_NODE_FAILED)
01/12/25 10:43:18 Of 3 nodes total:
01/12/25 10:43:18  Done     Pre   Queued    Post   Ready   Un-Ready   Failed   Futile
01/12/25 10:43:18   ===     ===      ===     ===     ===        ===      ===      ===
01/12/25 10:43:18     1       0        0       0       0          0        1        1
01/12/25 10:43:18 0 job proc(s) currently held
01/12/25 10:43:18 DAGMan Runtime Statistics: [EventCycleTimeAvg = 0.03944595654805502; EventCycleTimeCount = 6.0; EventCycleTimeMax = 0.07570910453796387; EventCycleTimeMin = 2.384185791015625E-05; EventCycleTimeStd = 0.03621961706036923; EventCycleTimeSum = 0.2366757392883301; LogProcessCycleTimeAvg = 0.02979834874471029; LogProcessCycleTimeCount = 3.0; LogProcessCycleTimeMax = 0.03865194320678711; LogProcessCycleTimeMin = 0.02170801162719727; LogProcessCycleTimeStd = 0.008497712967262342; LogProcessCycleTimeSum = 0.08939504623413086; SleepCycleTimeAvg = 5.00513490041097; SleepCycleTimeCount = 6.0; SleepCycleTimeMax = 5.005311012268066; SleepCycleTimeMin = 5.005066156387329; SleepCycleTimeStd = 9.134571566437104E-05; SleepCycleTimeSum = 30.03080940246582; SubmitCycleTimeAvg = 0.01048503603254046; SubmitCycleTimeCount = 7.0; SubmitCycleTimeMax = 0.04014706611633301; SubmitCycleTimeMin = 2.86102294921875E-06; SubmitCycleTimeStd = 0.01801173599940527; SubmitCycleTimeSum = 0.0733952522277832; ]
01/12/25 10:43:18 ERROR: the following job(s) failed:
01/12/25 10:43:18 ---------------------- Node ----------------------
01/12/25 10:43:18       Node Name: PreprocessJob
01/12/25 10:43:18            Noop: false
01/12/25 10:43:18          NodeID: 1
01/12/25 10:43:18     Node Status: STATUS_ERROR    
01/12/25 10:43:18 Node return val: 1
01/12/25 10:43:18           Error: Job proc (48.0.0) failed with status 1
01/12/25 10:43:18 Job Submit File: preprocess.sub
01/12/25 10:43:18  HTCondor Job ID: (48.0.0)
01/12/25 10:43:18 PARENTS: ImportJob WAITING: 0 CHILDREN: EDAJob
01/12/25 10:43:18 ---------------------------------------	<END>
01/12/25 10:43:18 Aborting DAG...
01/12/25 10:43:18 Writing Rescue DAG to dagman.dag.rescue001...
01/12/25 10:43:18 Removing submitted jobs...
01/12/25 10:43:18 Removing any/all submitted HTCondor jobs...
01/12/25 10:43:18 Running: /usr/bin/condor_rm -const DAGManJobId==46 -reason DAG' 'Abort:' 'DAG' 'is' 'exiting' 'and' 'writing' 'rescue' 'file.
01/12/25 10:43:18 Note: 0 total node deferrals because of -MaxJobs limit (0)
01/12/25 10:43:18 Note: 0 total node deferrals because of -MaxIdle limit (1000)
01/12/25 10:43:18 Note: 0 total node deferrals because of node category throttles
01/12/25 10:43:18 Note: 0 total PRE script deferrals because of -MaxPre limit (20) or DEFER
01/12/25 10:43:18 Note: 0 total POST script deferrals because of -MaxPost limit (20) or DEFER
01/12/25 10:43:18 Note: 0 total HOLD script deferrals because of -MaxHold limit (20) or DEFER
01/12/25 10:43:18 DAG status: 2 (DAG_STATUS_NODE_FAILED)
01/12/25 10:43:18 Of 3 nodes total:
01/12/25 10:43:18  Done     Pre   Queued    Post   Ready   Un-Ready   Failed   Futile
01/12/25 10:43:18   ===     ===      ===     ===     ===        ===      ===      ===
01/12/25 10:43:18     1       0        0       0       0          0        1        1
01/12/25 10:43:18 0 job proc(s) currently held
01/12/25 10:43:18 DAGMan Runtime Statistics: [EventCycleTimeAvg = 0.03944595654805502; EventCycleTimeCount = 6.0; EventCycleTimeMax = 0.07570910453796387; EventCycleTimeMin = 2.384185791015625E-05; EventCycleTimeStd = 0.03621961706036923; EventCycleTimeSum = 0.2366757392883301; LogProcessCycleTimeAvg = 0.02979834874471029; LogProcessCycleTimeCount = 3.0; LogProcessCycleTimeMax = 0.03865194320678711; LogProcessCycleTimeMin = 0.02170801162719727; LogProcessCycleTimeStd = 0.008497712967262342; LogProcessCycleTimeSum = 0.08939504623413086; SleepCycleTimeAvg = 5.00513490041097; SleepCycleTimeCount = 6.0; SleepCycleTimeMax = 5.005311012268066; SleepCycleTimeMin = 5.005066156387329; SleepCycleTimeStd = 9.134571566437104E-05; SleepCycleTimeSum = 30.03080940246582; SubmitCycleTimeAvg = 0.01048503603254046; SubmitCycleTimeCount = 7.0; SubmitCycleTimeMax = 0.04014706611633301; SubmitCycleTimeMin = 2.86102294921875E-06; SubmitCycleTimeStd = 0.01801173599940527; SubmitCycleTimeSum = 0.0733952522277832; ]
01/12/25 10:43:18 Wrote metrics file dagman.dag.metrics.
01/12/25 10:43:18 DAGMan Runtime Statistics: [EventCycleTimeAvg = 0.03944595654805502; EventCycleTimeCount = 6.0; EventCycleTimeMax = 0.07570910453796387; EventCycleTimeMin = 2.384185791015625E-05; EventCycleTimeStd = 0.03621961706036923; EventCycleTimeSum = 0.2366757392883301; LogProcessCycleTimeAvg = 0.02979834874471029; LogProcessCycleTimeCount = 3.0; LogProcessCycleTimeMax = 0.03865194320678711; LogProcessCycleTimeMin = 0.02170801162719727; LogProcessCycleTimeStd = 0.008497712967262342; LogProcessCycleTimeSum = 0.08939504623413086; SleepCycleTimeAvg = 5.00513490041097; SleepCycleTimeCount = 6.0; SleepCycleTimeMax = 5.005311012268066; SleepCycleTimeMin = 5.005066156387329; SleepCycleTimeStd = 9.134571566437104E-05; SleepCycleTimeSum = 30.03080940246582; SubmitCycleTimeAvg = 0.01048503603254046; SubmitCycleTimeCount = 7.0; SubmitCycleTimeMax = 0.04014706611633301; SubmitCycleTimeMin = 2.86102294921875E-06; SubmitCycleTimeStd = 0.01801173599940527; SubmitCycleTimeSum = 0.0733952522277832; ]
01/12/25 10:43:18 **** condor_scheduniv_exec.46.0 (condor_DAGMAN) pid 1989 EXITING WITH STATUS 1
01/12/25 10:44:19 ******************************************************
01/12/25 10:44:19 ** condor_scheduniv_exec.49.0 (CONDOR_DAGMAN) STARTING UP
01/12/25 10:44:19 ** /usr/bin/condor_dagman
01/12/25 10:44:19 ** SubsystemInfo: name=DAGMAN type=DAGMAN(9) class=CLIENT(2)
01/12/25 10:44:19 ** Configuration: subsystem:DAGMAN local:<NONE> class:CLIENT
01/12/25 10:44:19 ** $CondorVersion: 23.10.19 2025-01-03 BuildID: 777890 PackageID: 23.10.19-1+ubu24 GitSHA: 91176a00 $
01/12/25 10:44:19 ** $CondorPlatform: X86_64-Ubuntu_24.04 $
01/12/25 10:44:19 ** PID = 2015 RealUID = 1000
01/12/25 10:44:20 ** Log last touched 1/12 10:43:18
01/12/25 10:44:20 ******************************************************
01/12/25 10:44:20 Using config source: /etc/condor/condor_config
01/12/25 10:44:20 Using local config sources: 
01/12/25 10:44:20    /etc/condor/config.d/00-security
01/12/25 10:44:20    /etc/condor/config.d/01-submit.config
01/12/25 10:44:20    /etc/condor/config.d/10-stash-plugin.conf
01/12/25 10:44:20    /etc/condor/condor_config.local
01/12/25 10:44:20 config Macros = 75, Sorted = 75, StringBytes = 2325, TablesBytes = 2764
01/12/25 10:44:20 CLASSAD_CACHING is ENABLED
01/12/25 10:44:20 Daemon Log is logging: D_ALWAYS D_ERROR D_STATUS
01/12/25 10:44:20 DaemonCore: No command port requested.
01/12/25 10:44:20 DAGMAN_USE_STRICT setting: 1
01/12/25 10:44:20 DAGMAN_VERBOSITY setting: 3
01/12/25 10:44:20 DAGMAN_DEBUG_CACHE_SIZE setting: 5242880
01/12/25 10:44:20 DAGMAN_DEBUG_CACHE_ENABLE setting: False
01/12/25 10:44:20 DAGMAN_SUBMIT_DELAY setting: 0
01/12/25 10:44:20 DAGMAN_MAX_SUBMIT_ATTEMPTS setting: 6
01/12/25 10:44:20 DAGMAN_STARTUP_CYCLE_DETECT setting: False
01/12/25 10:44:20 DAGMAN_MAX_SUBMITS_PER_INTERVAL setting: 100
01/12/25 10:44:20 DAGMAN_AGGRESSIVE_SUBMIT setting: False
01/12/25 10:44:20 DAGMAN_USER_LOG_SCAN_INTERVAL setting: 5
01/12/25 10:44:20 DAGMAN_QUEUE_UPDATE_INTERVAL setting: 300
01/12/25 10:44:20 DAGMAN_DEFAULT_PRIORITY setting: 0
01/12/25 10:44:20 DAGMAN_SUPPRESS_NOTIFICATION setting: False
01/12/25 10:44:20 allow_events (DAGMAN_ALLOW_EVENTS) setting: 114
01/12/25 10:44:20 DAGMAN_RETRY_SUBMIT_FIRST setting: True
01/12/25 10:44:20 DAGMAN_RETRY_NODE_FIRST setting: False
01/12/25 10:44:20 DAGMAN_MAX_JOBS_IDLE setting: 1000
01/12/25 10:44:20 DAGMAN_MAX_JOBS_SUBMITTED setting: 0
01/12/25 10:44:20 DAGMAN_MAX_PRE_SCRIPTS setting: 20
01/12/25 10:44:20 DAGMAN_MAX_POST_SCRIPTS setting: 20
01/12/25 10:44:20 DAGMAN_MAX_HOLD_SCRIPTS setting: 20
01/12/25 10:44:20 DAGMAN_MUNGE_NODE_NAMES setting: True
01/12/25 10:44:20 DAGMAN_PROHIBIT_MULTI_JOBS setting: False
01/12/25 10:44:20 DAGMAN_SUBMIT_DEPTH_FIRST setting: False
01/12/25 10:44:20 DAGMAN_ALWAYS_RUN_POST setting: False
01/12/25 10:44:20 DAGMAN_CONDOR_SUBMIT_EXE setting: /usr/bin/condor_submit
01/12/25 10:44:20 DAGMAN_CONDOR_RM_EXE setting: /usr/bin/condor_rm
01/12/25 10:44:20 DAGMAN_USE_DIRECT_SUBMIT setting: True
01/12/25 10:44:20 DAGMAN_PRODUCE_JOB_CREDENTIALS setting: True
01/12/25 10:44:20 DAGMAN_DEFAULT_APPEND_VARS setting: False
01/12/25 10:44:20 DAGMAN_INHERIT_ATTRS_PREFIX setting: 
01/12/25 10:44:20 DAGMAN_INHERIT_ATTRS setting: 
01/12/25 10:44:20 DAGMAN_ABORT_DUPLICATES setting: True
01/12/25 10:44:20 DAGMAN_ABORT_ON_SCARY_SUBMIT setting: True
01/12/25 10:44:20 DAGMAN_PENDING_REPORT_INTERVAL setting: 600
01/12/25 10:44:20 DAGMAN_CHECK_QUEUE_INTERVAL setting: 28800
01/12/25 10:44:20 DAGMAN_AUTO_RESCUE setting: True
01/12/25 10:44:20 DAGMAN_MAX_RESCUE_NUM setting: 100
01/12/25 10:44:20 DAGMAN_WRITE_PARTIAL_RESCUE setting: True
01/12/25 10:44:20 DAGMAN_DEFAULT_NODE_LOG setting: @(DAG_DIR)/@(DAG_FILE).nodes.log
01/12/25 10:44:20 DAGMAN_GENERATE_SUBDAG_SUBMITS setting: True
01/12/25 10:44:20 DAGMAN_MAX_JOB_HOLDS setting: 100
01/12/25 10:44:20 DAGMAN_HOLD_CLAIM_TIME setting: 20
01/12/25 10:44:20 DAGMAN_SUPPRESS_JOB_LOGS setting: False
01/12/25 10:44:20 DAGMAN_REMOVE_NODE_JOBS setting: True
01/12/25 10:44:20 DAGMAN_REMOVE_JOBS_AFTER_LIMIT_CHANGE setting: False
01/12/25 10:44:20 DAGMAN will adjust edges after parsing
01/12/25 10:44:20 argv[0] == "condor_scheduniv_exec.49.0"
01/12/25 10:44:20 argv[1] == "-Lockfile"
01/12/25 10:44:20 argv[2] == "dagman.dag.lock"
01/12/25 10:44:20 argv[3] == "-Dag"
01/12/25 10:44:20 argv[4] == "dagman.dag"
01/12/25 10:44:20 argv[5] == "-MaxIdle"
01/12/25 10:44:20 argv[6] == "1000"
01/12/25 10:44:20 argv[7] == "-CsdVersion"
01/12/25 10:44:20 argv[8] == "$CondorVersion: 23.10.19 2025-01-03 BuildID: 777890 PackageID: 23.10.19-1+ubu24 GitSHA: 91176a00 $"
01/12/25 10:44:20 argv[9] == "-dagman"
01/12/25 10:44:20 argv[10] == "/usr/bin/condor_dagman"
01/12/25 10:44:20 argv[11] == "-AutoRescue"
01/12/25 10:44:20 argv[12] == "1"
01/12/25 10:44:20 argv[13] == "-DoRescueFrom"
01/12/25 10:44:20 argv[14] == "0"
01/12/25 10:44:20 argv[15] == "-force"
01/12/25 10:44:20 Can't open directory "/etc/condor/passwords.d" as PRIV_ROOT, errno: 13 (Permission denied)
01/12/25 10:44:20 Can't open directory "/etc/condor/passwords.d" as PRIV_ROOT, errno: 13 (Permission denied)
01/12/25 10:44:20 Workflow batch-id: <49.0>
01/12/25 10:44:20 Workflow batch-name: <dagman.dag+49>
01/12/25 10:44:20 Workflow accounting_group: <>
01/12/25 10:44:20 Workflow accounting_group_user: <>
01/12/25 10:44:20 Warning: failed to get attribute DAGNodeName
01/12/25 10:44:20 DAGMAN_LOG_ON_NFS_IS_ERROR setting: False
01/12/25 10:44:20 Default node log file is: </home/ubuntu/wqd7008_group_project/./dagman.dag.nodes.log>
01/12/25 10:44:20 DAG Lockfile will be written to dagman.dag.lock
01/12/25 10:44:20 DAG Input file is dagman.dag
01/12/25 10:44:20 Parsing 1 dagfiles
01/12/25 10:44:20 Parsing dagman.dag ...
01/12/25 10:44:20 Adjusting edges
01/12/25 10:44:20 Dag contains 3 total nodes
01/12/25 10:44:20 Bootstrapping...
01/12/25 10:44:20 Number of pre-completed nodes: 0
01/12/25 10:44:20 MultiLogFiles: truncating log file /home/ubuntu/wqd7008_group_project/./dagman.dag.nodes.log
01/12/25 10:44:20 DAG status: 0 (DAG_STATUS_OK)
01/12/25 10:44:20 Of 3 nodes total:
01/12/25 10:44:20  Done     Pre   Queued    Post   Ready   Un-Ready   Failed   Futile
01/12/25 10:44:20   ===     ===      ===     ===     ===        ===      ===      ===
01/12/25 10:44:20     0       0        0       0       1          2        0        0
01/12/25 10:44:20 0 job proc(s) currently held
01/12/25 10:44:20 DAGMan Runtime Statistics: [EventCycleTimeCount = 0.0; EventCycleTimeSum = 0.0; LogProcessCycleTimeCount = 0.0; LogProcessCycleTimeSum = 0.0; SleepCycleTimeCount = 0.0; SleepCycleTimeSum = 0.0; SubmitCycleTimeCount = 0.0; SubmitCycleTimeSum = 0.0; ]
01/12/25 10:44:20 Registering condor_event_timer...
01/12/25 10:44:21 Submitting HTCondor Node ImportJob job(s)...
01/12/25 10:44:21 Submitting node ImportJob from file import.sub using direct job submission
01/12/25 10:44:21 	assigned HTCondor ID (50.0.0)
01/12/25 10:44:21 Just submitted 1 job this cycle...
01/12/25 10:44:21 DAG status: 0 (DAG_STATUS_OK)
01/12/25 10:44:21 Of 3 nodes total:
01/12/25 10:44:21  Done     Pre   Queued    Post   Ready   Un-Ready   Failed   Futile
01/12/25 10:44:21   ===     ===      ===     ===     ===        ===      ===      ===
01/12/25 10:44:21     0       0        1       0       0          2        0        0
01/12/25 10:44:21 0 job proc(s) currently held
01/12/25 10:44:21 DAGMan Runtime Statistics: [EventCycleTimeCount = 0.0; EventCycleTimeSum = 0.0; LogProcessCycleTimeCount = 0.0; LogProcessCycleTimeSum = 0.0; SleepCycleTimeCount = 0.0; SleepCycleTimeSum = 0.0; SubmitCycleTimeAvg = 0.04336309432983398; SubmitCycleTimeCount = 1.0; SubmitCycleTimeMax = 0.04336309432983398; SubmitCycleTimeMin = 0.04336309432983398; SubmitCycleTimeStd = 0.04336309432983398; SubmitCycleTimeSum = 0.04336309432983398; ]
01/12/25 10:44:26 Currently monitoring 1 HTCondor log file(s)
01/12/25 10:44:26 Reassigning the id of job ImportJob from (50.0.0) to (50.0.0)
01/12/25 10:44:26 Event: ULOG_SUBMIT for HTCondor Node ImportJob (50.0.0) {01/12/25 10:44:21}
01/12/25 10:44:26 Number of idle job procs: 1
01/12/25 10:44:41 Currently monitoring 1 HTCondor log file(s)
01/12/25 10:44:41 Event: ULOG_EXECUTE for HTCondor Node ImportJob (50.0.0) {01/12/25 10:44:40}
01/12/25 10:44:41 Number of idle job procs: 0
01/12/25 10:44:41 Event: ULOG_JOB_TERMINATED for HTCondor Node ImportJob (50.0.0) {01/12/25 10:44:41}
01/12/25 10:44:41 Number of idle job procs: 0
01/12/25 10:44:41 Node ImportJob job proc (50.0.0) completed successfully.
01/12/25 10:44:41 Node ImportJob job completed
01/12/25 10:44:41 DAG status: 0 (DAG_STATUS_OK)
01/12/25 10:44:41 Of 3 nodes total:
01/12/25 10:44:41  Done     Pre   Queued    Post   Ready   Un-Ready   Failed   Futile
01/12/25 10:44:41   ===     ===      ===     ===     ===        ===      ===      ===
01/12/25 10:44:41     1       0        0       0       1          1        0        0
01/12/25 10:44:41 0 job proc(s) currently held
01/12/25 10:44:41 DAGMan Runtime Statistics: [EventCycleTimeAvg = 0.03047245740890503; EventCycleTimeCount = 4.0; EventCycleTimeMax = 0.09283089637756348; EventCycleTimeMin = 3.004074096679688E-05; EventCycleTimeStd = 0.04375666752224682; EventCycleTimeSum = 0.1218898296356201; LogProcessCycleTimeAvg = 0.02970302104949951; LogProcessCycleTimeCount = 2.0; LogProcessCycleTimeMax = 0.03044390678405762; LogProcessCycleTimeMin = 0.02896213531494141; LogProcessCycleTimeStd = 0.001047770653980826; LogProcessCycleTimeSum = 0.05940604209899902; SleepCycleTimeAvg = 5.005144059658051; SleepCycleTimeCount = 4.0; SleepCycleTimeMax = 5.005263090133667; SleepCycleTimeMin = 5.0050950050354; SleepCycleTimeStd = 8.022289204109807E-05; SleepCycleTimeSum = 20.0205762386322; SubmitCycleTimeAvg = 0.008674955368041993; SubmitCycleTimeCount = 5.0; SubmitCycleTimeMax = 0.04336309432983398; SubmitCycleTimeMin = 2.86102294921875E-06; SubmitCycleTimeStd = 0.01939125918315629; SubmitCycleTimeSum = 0.04337477684020996; ]
01/12/25 10:44:46 Submitting HTCondor Node PreprocessJob job(s)...
01/12/25 10:44:46 Submitting node PreprocessJob from file preprocess.sub using direct job submission
01/12/25 10:44:46 	assigned HTCondor ID (51.0.0)
01/12/25 10:44:46 Just submitted 1 job this cycle...
01/12/25 10:44:46 DAG status: 0 (DAG_STATUS_OK)
01/12/25 10:44:46 Of 3 nodes total:
01/12/25 10:44:46  Done     Pre   Queued    Post   Ready   Un-Ready   Failed   Futile
01/12/25 10:44:46   ===     ===      ===     ===     ===        ===      ===      ===
01/12/25 10:44:46     1       0        1       0       0          1        0        0
01/12/25 10:44:46 0 job proc(s) currently held
01/12/25 10:44:46 DAGMan Runtime Statistics: [EventCycleTimeAvg = 0.03725075721740723; EventCycleTimeCount = 5.0; EventCycleTimeMax = 0.09283089637756348; EventCycleTimeMin = 3.004074096679688E-05; EventCycleTimeStd = 0.04081312541277673; EventCycleTimeSum = 0.1862537860870361; LogProcessCycleTimeAvg = 0.02970302104949951; LogProcessCycleTimeCount = 2.0; LogProcessCycleTimeMax = 0.03044390678405762; LogProcessCycleTimeMin = 0.02896213531494141; LogProcessCycleTimeStd = 0.001047770653980826; LogProcessCycleTimeSum = 0.05940604209899902; SleepCycleTimeAvg = 5.005155658721923; SleepCycleTimeCount = 5.0; SleepCycleTimeMax = 5.005263090133667; SleepCycleTimeMin = 5.0050950050354; SleepCycleTimeStd = 7.415845487740705E-05; SleepCycleTimeSum = 25.02577829360962; SubmitCycleTimeAvg = 0.01362613836924235; SubmitCycleTimeCount = 6.0; SubmitCycleTimeMax = 0.04336309432983398; SubmitCycleTimeMin = 2.86102294921875E-06; SubmitCycleTimeStd = 0.02116369591623653; SubmitCycleTimeSum = 0.0817568302154541; ]
01/12/25 10:44:51 Currently monitoring 1 HTCondor log file(s)
01/12/25 10:44:51 Reassigning the id of job PreprocessJob from (51.0.0) to (51.0.0)
01/12/25 10:44:51 Event: ULOG_SUBMIT for HTCondor Node PreprocessJob (51.0.0) {01/12/25 10:44:46}
01/12/25 10:44:51 Number of idle job procs: 1
01/12/25 10:44:51 Event: ULOG_EXECUTE for HTCondor Node PreprocessJob (51.0.0) {01/12/25 10:44:48}
01/12/25 10:44:51 Number of idle job procs: 0
01/12/25 10:44:51 Event: ULOG_JOB_TERMINATED for HTCondor Node PreprocessJob (51.0.0) {01/12/25 10:44:50}
01/12/25 10:44:51 Number of idle job procs: 0
01/12/25 10:44:51 Node PreprocessJob job proc (51.0.0) failed with status 1.
01/12/25 10:44:51 DAG status: 2 (DAG_STATUS_NODE_FAILED)
01/12/25 10:44:52 Of 3 nodes total:
01/12/25 10:44:52  Done     Pre   Queued    Post   Ready   Un-Ready   Failed   Futile
01/12/25 10:44:52   ===     ===      ===     ===     ===        ===      ===      ===
01/12/25 10:44:52     1       0        0       0       0          0        1        1
01/12/25 10:44:52 0 job proc(s) currently held
01/12/25 10:44:52 DAGMan Runtime Statistics: [EventCycleTimeAvg = 0.04619677861531576; EventCycleTimeCount = 6.0; EventCycleTimeMax = 0.09283089637756348; EventCycleTimeMin = 3.004074096679688E-05; EventCycleTimeStd = 0.04257648127638376; EventCycleTimeSum = 0.2771806716918945; LogProcessCycleTimeAvg = 0.03616070747375488; LogProcessCycleTimeCount = 3.0; LogProcessCycleTimeMax = 0.04907608032226562; LogProcessCycleTimeMin = 0.02896213531494141; LogProcessCycleTimeStd = 0.01120955188817591; LogProcessCycleTimeSum = 0.1084821224212646; SleepCycleTimeAvg = 5.005147536595662; SleepCycleTimeCount = 6.0; SleepCycleTimeMax = 5.005263090133667; SleepCycleTimeMin = 5.0050950050354; SleepCycleTimeStd = 6.92487984027597E-05; SleepCycleTimeSum = 30.03088521957397; SubmitCycleTimeAvg = 0.01167998995099749; SubmitCycleTimeCount = 7.0; SubmitCycleTimeMax = 0.04336309432983398; SubmitCycleTimeMin = 2.86102294921875E-06; SubmitCycleTimeStd = 0.01999410270613057; SubmitCycleTimeSum = 0.08175992965698242; ]
01/12/25 10:44:52 ERROR: the following job(s) failed:
01/12/25 10:44:52 ---------------------- Node ----------------------
01/12/25 10:44:52       Node Name: PreprocessJob
01/12/25 10:44:52            Noop: false
01/12/25 10:44:52          NodeID: 1
01/12/25 10:44:52     Node Status: STATUS_ERROR    
01/12/25 10:44:52 Node return val: 1
01/12/25 10:44:52           Error: Job proc (51.0.0) failed with status 1
01/12/25 10:44:52 Job Submit File: preprocess.sub
01/12/25 10:44:52  HTCondor Job ID: (51.0.0)
01/12/25 10:44:52 PARENTS: ImportJob WAITING: 0 CHILDREN: EDAJob
01/12/25 10:44:52 ---------------------------------------	<END>
01/12/25 10:44:52 Aborting DAG...
01/12/25 10:44:52 Writing Rescue DAG to dagman.dag.rescue001...
01/12/25 10:44:52 Removing submitted jobs...
01/12/25 10:44:52 Removing any/all submitted HTCondor jobs...
01/12/25 10:44:52 Running: /usr/bin/condor_rm -const DAGManJobId==49 -reason DAG' 'Abort:' 'DAG' 'is' 'exiting' 'and' 'writing' 'rescue' 'file.
01/12/25 10:44:52 Note: 0 total node deferrals because of -MaxJobs limit (0)
01/12/25 10:44:52 Note: 0 total node deferrals because of -MaxIdle limit (1000)
01/12/25 10:44:52 Note: 0 total node deferrals because of node category throttles
01/12/25 10:44:52 Note: 0 total PRE script deferrals because of -MaxPre limit (20) or DEFER
01/12/25 10:44:52 Note: 0 total POST script deferrals because of -MaxPost limit (20) or DEFER
01/12/25 10:44:52 Note: 0 total HOLD script deferrals because of -MaxHold limit (20) or DEFER
01/12/25 10:44:52 DAG status: 2 (DAG_STATUS_NODE_FAILED)
01/12/25 10:44:52 Of 3 nodes total:
01/12/25 10:44:52  Done     Pre   Queued    Post   Ready   Un-Ready   Failed   Futile
01/12/25 10:44:52   ===     ===      ===     ===     ===        ===      ===      ===
01/12/25 10:44:52     1       0        0       0       0          0        1        1
01/12/25 10:44:52 0 job proc(s) currently held
01/12/25 10:44:52 DAGMan Runtime Statistics: [EventCycleTimeAvg = 0.04619677861531576; EventCycleTimeCount = 6.0; EventCycleTimeMax = 0.09283089637756348; EventCycleTimeMin = 3.004074096679688E-05; EventCycleTimeStd = 0.04257648127638376; EventCycleTimeSum = 0.2771806716918945; LogProcessCycleTimeAvg = 0.03616070747375488; LogProcessCycleTimeCount = 3.0; LogProcessCycleTimeMax = 0.04907608032226562; LogProcessCycleTimeMin = 0.02896213531494141; LogProcessCycleTimeStd = 0.01120955188817591; LogProcessCycleTimeSum = 0.1084821224212646; SleepCycleTimeAvg = 5.005147536595662; SleepCycleTimeCount = 6.0; SleepCycleTimeMax = 5.005263090133667; SleepCycleTimeMin = 5.0050950050354; SleepCycleTimeStd = 6.92487984027597E-05; SleepCycleTimeSum = 30.03088521957397; SubmitCycleTimeAvg = 0.01167998995099749; SubmitCycleTimeCount = 7.0; SubmitCycleTimeMax = 0.04336309432983398; SubmitCycleTimeMin = 2.86102294921875E-06; SubmitCycleTimeStd = 0.01999410270613057; SubmitCycleTimeSum = 0.08175992965698242; ]
01/12/25 10:44:52 Wrote metrics file dagman.dag.metrics.
01/12/25 10:44:52 DAGMan Runtime Statistics: [EventCycleTimeAvg = 0.04619677861531576; EventCycleTimeCount = 6.0; EventCycleTimeMax = 0.09283089637756348; EventCycleTimeMin = 3.004074096679688E-05; EventCycleTimeStd = 0.04257648127638376; EventCycleTimeSum = 0.2771806716918945; LogProcessCycleTimeAvg = 0.03616070747375488; LogProcessCycleTimeCount = 3.0; LogProcessCycleTimeMax = 0.04907608032226562; LogProcessCycleTimeMin = 0.02896213531494141; LogProcessCycleTimeStd = 0.01120955188817591; LogProcessCycleTimeSum = 0.1084821224212646; SleepCycleTimeAvg = 5.005147536595662; SleepCycleTimeCount = 6.0; SleepCycleTimeMax = 5.005263090133667; SleepCycleTimeMin = 5.0050950050354; SleepCycleTimeStd = 6.92487984027597E-05; SleepCycleTimeSum = 30.03088521957397; SubmitCycleTimeAvg = 0.01167998995099749; SubmitCycleTimeCount = 7.0; SubmitCycleTimeMax = 0.04336309432983398; SubmitCycleTimeMin = 2.86102294921875E-06; SubmitCycleTimeStd = 0.01999410270613057; SubmitCycleTimeSum = 0.08175992965698242; ]
01/12/25 10:44:52 **** condor_scheduniv_exec.49.0 (condor_DAGMAN) pid 2015 EXITING WITH STATUS 1
01/12/25 10:45:55 ******************************************************
01/12/25 10:45:55 ** condor_scheduniv_exec.52.0 (CONDOR_DAGMAN) STARTING UP
01/12/25 10:45:55 ** /usr/bin/condor_dagman
01/12/25 10:45:55 ** SubsystemInfo: name=DAGMAN type=DAGMAN(9) class=CLIENT(2)
01/12/25 10:45:55 ** Configuration: subsystem:DAGMAN local:<NONE> class:CLIENT
01/12/25 10:45:55 ** $CondorVersion: 23.10.19 2025-01-03 BuildID: 777890 PackageID: 23.10.19-1+ubu24 GitSHA: 91176a00 $
01/12/25 10:45:55 ** $CondorPlatform: X86_64-Ubuntu_24.04 $
01/12/25 10:45:55 ** PID = 2039 RealUID = 1000
01/12/25 10:45:55 ** Log last touched 1/12 10:44:52
01/12/25 10:45:55 ******************************************************
01/12/25 10:45:55 Using config source: /etc/condor/condor_config
01/12/25 10:45:55 Using local config sources: 
01/12/25 10:45:55    /etc/condor/config.d/00-security
01/12/25 10:45:55    /etc/condor/config.d/01-submit.config
01/12/25 10:45:55    /etc/condor/config.d/10-stash-plugin.conf
01/12/25 10:45:55    /etc/condor/condor_config.local
01/12/25 10:45:55 config Macros = 75, Sorted = 75, StringBytes = 2325, TablesBytes = 2764
01/12/25 10:45:55 CLASSAD_CACHING is ENABLED
01/12/25 10:45:55 Daemon Log is logging: D_ALWAYS D_ERROR D_STATUS
01/12/25 10:45:55 DaemonCore: No command port requested.
01/12/25 10:45:55 DAGMAN_USE_STRICT setting: 1
01/12/25 10:45:55 DAGMAN_VERBOSITY setting: 3
01/12/25 10:45:55 DAGMAN_DEBUG_CACHE_SIZE setting: 5242880
01/12/25 10:45:55 DAGMAN_DEBUG_CACHE_ENABLE setting: False
01/12/25 10:45:55 DAGMAN_SUBMIT_DELAY setting: 0
01/12/25 10:45:55 DAGMAN_MAX_SUBMIT_ATTEMPTS setting: 6
01/12/25 10:45:55 DAGMAN_STARTUP_CYCLE_DETECT setting: False
01/12/25 10:45:55 DAGMAN_MAX_SUBMITS_PER_INTERVAL setting: 100
01/12/25 10:45:55 DAGMAN_AGGRESSIVE_SUBMIT setting: False
01/12/25 10:45:55 DAGMAN_USER_LOG_SCAN_INTERVAL setting: 5
01/12/25 10:45:55 DAGMAN_QUEUE_UPDATE_INTERVAL setting: 300
01/12/25 10:45:55 DAGMAN_DEFAULT_PRIORITY setting: 0
01/12/25 10:45:55 DAGMAN_SUPPRESS_NOTIFICATION setting: False
01/12/25 10:45:55 allow_events (DAGMAN_ALLOW_EVENTS) setting: 114
01/12/25 10:45:55 DAGMAN_RETRY_SUBMIT_FIRST setting: True
01/12/25 10:45:55 DAGMAN_RETRY_NODE_FIRST setting: False
01/12/25 10:45:55 DAGMAN_MAX_JOBS_IDLE setting: 1000
01/12/25 10:45:55 DAGMAN_MAX_JOBS_SUBMITTED setting: 0
01/12/25 10:45:55 DAGMAN_MAX_PRE_SCRIPTS setting: 20
01/12/25 10:45:55 DAGMAN_MAX_POST_SCRIPTS setting: 20
01/12/25 10:45:55 DAGMAN_MAX_HOLD_SCRIPTS setting: 20
01/12/25 10:45:55 DAGMAN_MUNGE_NODE_NAMES setting: True
01/12/25 10:45:55 DAGMAN_PROHIBIT_MULTI_JOBS setting: False
01/12/25 10:45:55 DAGMAN_SUBMIT_DEPTH_FIRST setting: False
01/12/25 10:45:55 DAGMAN_ALWAYS_RUN_POST setting: False
01/12/25 10:45:55 DAGMAN_CONDOR_SUBMIT_EXE setting: /usr/bin/condor_submit
01/12/25 10:45:55 DAGMAN_CONDOR_RM_EXE setting: /usr/bin/condor_rm
01/12/25 10:45:55 DAGMAN_USE_DIRECT_SUBMIT setting: True
01/12/25 10:45:55 DAGMAN_PRODUCE_JOB_CREDENTIALS setting: True
01/12/25 10:45:55 DAGMAN_DEFAULT_APPEND_VARS setting: False
01/12/25 10:45:55 DAGMAN_INHERIT_ATTRS_PREFIX setting: 
01/12/25 10:45:55 DAGMAN_INHERIT_ATTRS setting: 
01/12/25 10:45:55 DAGMAN_ABORT_DUPLICATES setting: True
01/12/25 10:45:55 DAGMAN_ABORT_ON_SCARY_SUBMIT setting: True
01/12/25 10:45:55 DAGMAN_PENDING_REPORT_INTERVAL setting: 600
01/12/25 10:45:55 DAGMAN_CHECK_QUEUE_INTERVAL setting: 28800
01/12/25 10:45:55 DAGMAN_AUTO_RESCUE setting: True
01/12/25 10:45:55 DAGMAN_MAX_RESCUE_NUM setting: 100
01/12/25 10:45:55 DAGMAN_WRITE_PARTIAL_RESCUE setting: True
01/12/25 10:45:55 DAGMAN_DEFAULT_NODE_LOG setting: @(DAG_DIR)/@(DAG_FILE).nodes.log
01/12/25 10:45:55 DAGMAN_GENERATE_SUBDAG_SUBMITS setting: True
01/12/25 10:45:55 DAGMAN_MAX_JOB_HOLDS setting: 100
01/12/25 10:45:55 DAGMAN_HOLD_CLAIM_TIME setting: 20
01/12/25 10:45:55 DAGMAN_SUPPRESS_JOB_LOGS setting: False
01/12/25 10:45:55 DAGMAN_REMOVE_NODE_JOBS setting: True
01/12/25 10:45:56 DAGMAN_REMOVE_JOBS_AFTER_LIMIT_CHANGE setting: False
01/12/25 10:45:56 DAGMAN will adjust edges after parsing
01/12/25 10:45:56 argv[0] == "condor_scheduniv_exec.52.0"
01/12/25 10:45:56 argv[1] == "-Lockfile"
01/12/25 10:45:56 argv[2] == "dagman.dag.lock"
01/12/25 10:45:56 argv[3] == "-Dag"
01/12/25 10:45:56 argv[4] == "dagman.dag"
01/12/25 10:45:56 argv[5] == "-MaxIdle"
01/12/25 10:45:56 argv[6] == "1000"
01/12/25 10:45:56 argv[7] == "-CsdVersion"
01/12/25 10:45:56 argv[8] == "$CondorVersion: 23.10.19 2025-01-03 BuildID: 777890 PackageID: 23.10.19-1+ubu24 GitSHA: 91176a00 $"
01/12/25 10:45:56 argv[9] == "-dagman"
01/12/25 10:45:56 argv[10] == "/usr/bin/condor_dagman"
01/12/25 10:45:56 argv[11] == "-AutoRescue"
01/12/25 10:45:56 argv[12] == "1"
01/12/25 10:45:56 argv[13] == "-DoRescueFrom"
01/12/25 10:45:56 argv[14] == "0"
01/12/25 10:45:56 argv[15] == "-force"
01/12/25 10:45:56 Can't open directory "/etc/condor/passwords.d" as PRIV_ROOT, errno: 13 (Permission denied)
01/12/25 10:45:56 Can't open directory "/etc/condor/passwords.d" as PRIV_ROOT, errno: 13 (Permission denied)
01/12/25 10:45:56 Workflow batch-id: <52.0>
01/12/25 10:45:56 Workflow batch-name: <dagman.dag+52>
01/12/25 10:45:56 Workflow accounting_group: <>
01/12/25 10:45:56 Workflow accounting_group_user: <>
01/12/25 10:45:56 Warning: failed to get attribute DAGNodeName
01/12/25 10:45:56 DAGMAN_LOG_ON_NFS_IS_ERROR setting: False
01/12/25 10:45:56 Default node log file is: </home/ubuntu/wqd7008_group_project/./dagman.dag.nodes.log>
01/12/25 10:45:56 DAG Lockfile will be written to dagman.dag.lock
01/12/25 10:45:56 DAG Input file is dagman.dag
01/12/25 10:45:56 Parsing 1 dagfiles
01/12/25 10:45:56 Parsing dagman.dag ...
01/12/25 10:45:56 Adjusting edges
01/12/25 10:45:56 Dag contains 3 total nodes
01/12/25 10:45:56 Bootstrapping...
01/12/25 10:45:56 Number of pre-completed nodes: 0
01/12/25 10:45:56 MultiLogFiles: truncating log file /home/ubuntu/wqd7008_group_project/./dagman.dag.nodes.log
01/12/25 10:45:56 DAG status: 0 (DAG_STATUS_OK)
01/12/25 10:45:56 Of 3 nodes total:
01/12/25 10:45:56  Done     Pre   Queued    Post   Ready   Un-Ready   Failed   Futile
01/12/25 10:45:56   ===     ===      ===     ===     ===        ===      ===      ===
01/12/25 10:45:56     0       0        0       0       1          2        0        0
01/12/25 10:45:56 0 job proc(s) currently held
01/12/25 10:45:56 DAGMan Runtime Statistics: [EventCycleTimeCount = 0.0; EventCycleTimeSum = 0.0; LogProcessCycleTimeCount = 0.0; LogProcessCycleTimeSum = 0.0; SleepCycleTimeCount = 0.0; SleepCycleTimeSum = 0.0; SubmitCycleTimeCount = 0.0; SubmitCycleTimeSum = 0.0; ]
01/12/25 10:45:56 Registering condor_event_timer...
01/12/25 10:45:57 Submitting HTCondor Node ImportJob job(s)...
01/12/25 10:45:57 Submitting node ImportJob from file import.sub using direct job submission
01/12/25 10:45:57 	assigned HTCondor ID (53.0.0)
01/12/25 10:45:57 Just submitted 1 job this cycle...
01/12/25 10:45:57 DAG status: 0 (DAG_STATUS_OK)
01/12/25 10:45:57 Of 3 nodes total:
01/12/25 10:45:57  Done     Pre   Queued    Post   Ready   Un-Ready   Failed   Futile
01/12/25 10:45:57   ===     ===      ===     ===     ===        ===      ===      ===
01/12/25 10:45:57     0       0        1       0       0          2        0        0
01/12/25 10:45:57 0 job proc(s) currently held
01/12/25 10:45:57 DAGMan Runtime Statistics: [EventCycleTimeCount = 0.0; EventCycleTimeSum = 0.0; LogProcessCycleTimeCount = 0.0; LogProcessCycleTimeSum = 0.0; SleepCycleTimeCount = 0.0; SleepCycleTimeSum = 0.0; SubmitCycleTimeAvg = 0.03850507736206055; SubmitCycleTimeCount = 1.0; SubmitCycleTimeMax = 0.03850507736206055; SubmitCycleTimeMin = 0.03850507736206055; SubmitCycleTimeStd = 0.03850507736206055; SubmitCycleTimeSum = 0.03850507736206055; ]
01/12/25 10:46:02 Currently monitoring 1 HTCondor log file(s)
01/12/25 10:46:02 Reassigning the id of job ImportJob from (53.0.0) to (53.0.0)
01/12/25 10:46:02 Event: ULOG_SUBMIT for HTCondor Node ImportJob (53.0.0) {01/12/25 10:45:57}
01/12/25 10:46:02 Number of idle job procs: 1
01/12/25 10:46:17 Currently monitoring 1 HTCondor log file(s)
01/12/25 10:46:17 Event: ULOG_EXECUTE for HTCondor Node ImportJob (53.0.0) {01/12/25 10:46:16}
01/12/25 10:46:17 Number of idle job procs: 0
01/12/25 10:46:17 Event: ULOG_JOB_TERMINATED for HTCondor Node ImportJob (53.0.0) {01/12/25 10:46:17}
01/12/25 10:46:17 Number of idle job procs: 0
01/12/25 10:46:17 Node ImportJob job proc (53.0.0) completed successfully.
01/12/25 10:46:17 Node ImportJob job completed
01/12/25 10:46:17 DAG status: 0 (DAG_STATUS_OK)
01/12/25 10:46:17 Of 3 nodes total:
01/12/25 10:46:17  Done     Pre   Queued    Post   Ready   Un-Ready   Failed   Futile
01/12/25 10:46:17   ===     ===      ===     ===     ===        ===      ===      ===
01/12/25 10:46:17     1       0        0       0       1          1        0        0
01/12/25 10:46:17 0 job proc(s) currently held
01/12/25 10:46:17 DAGMan Runtime Statistics: [EventCycleTimeAvg = 0.02842044830322266; EventCycleTimeCount = 4.0; EventCycleTimeMax = 0.08794283866882324; EventCycleTimeMin = 3.409385681152344E-05; EventCycleTimeStd = 0.04147992533582156; EventCycleTimeSum = 0.1136817932128906; LogProcessCycleTimeAvg = 0.02920699119567871; LogProcessCycleTimeCount = 2.0; LogProcessCycleTimeMax = 0.03277897834777832; LogProcessCycleTimeMin = 0.0256350040435791; LogProcessCycleTimeStd = 0.005051552675121715; LogProcessCycleTimeSum = 0.05841398239135742; SleepCycleTimeAvg = 5.005178034305573; SleepCycleTimeCount = 4.0; SleepCycleTimeMax = 5.005412101745605; SleepCycleTimeMin = 5.005086898803711; SleepCycleTimeStd = 0.0001563209585016181; SleepCycleTimeSum = 20.02071213722229; SubmitCycleTimeAvg = 0.007703256607055664; SubmitCycleTimeCount = 5.0; SubmitCycleTimeMax = 0.03850507736206055; SubmitCycleTimeMin = 1.9073486328125E-06; SubmitCycleTimeStd = 0.01721874126747601; SubmitCycleTimeSum = 0.03851628303527832; ]
01/12/25 10:46:22 Submitting HTCondor Node PreprocessJob job(s)...
01/12/25 10:46:22 Submitting node PreprocessJob from file preprocess.sub using direct job submission
01/12/25 10:46:22 	assigned HTCondor ID (54.0.0)
01/12/25 10:46:22 Just submitted 1 job this cycle...
01/12/25 10:46:22 DAG status: 0 (DAG_STATUS_OK)
01/12/25 10:46:22 Of 3 nodes total:
01/12/25 10:46:22  Done     Pre   Queued    Post   Ready   Un-Ready   Failed   Futile
01/12/25 10:46:22   ===     ===      ===     ===     ===        ===      ===      ===
01/12/25 10:46:22     1       0        1       0       0          1        0        0
01/12/25 10:46:22 0 job proc(s) currently held
01/12/25 10:46:22 DAGMan Runtime Statistics: [EventCycleTimeAvg = 0.03516836166381836; EventCycleTimeCount = 5.0; EventCycleTimeMax = 0.08794283866882324; EventCycleTimeMin = 3.409385681152344E-05; EventCycleTimeStd = 0.03896292889413639; EventCycleTimeSum = 0.1758418083190918; LogProcessCycleTimeAvg = 0.02920699119567871; LogProcessCycleTimeCount = 2.0; LogProcessCycleTimeMax = 0.03277897834777832; LogProcessCycleTimeMin = 0.0256350040435791; LogProcessCycleTimeStd = 0.005051552675121715; LogProcessCycleTimeSum = 0.05841398239135742; SleepCycleTimeAvg = 5.005164623260498; SleepCycleTimeCount = 5.0; SleepCycleTimeMax = 5.005412101745605; SleepCycleTimeMin = 5.005086898803711; SleepCycleTimeStd = 0.0001386595189667656; SleepCycleTimeSum = 25.02582311630249; SubmitCycleTimeAvg = 0.01308604081471761; SubmitCycleTimeCount = 6.0; SubmitCycleTimeMax = 0.03999996185302734; SubmitCycleTimeMin = 1.9073486328125E-06; SubmitCycleTimeStd = 0.02027397927459122; SubmitCycleTimeSum = 0.07851624488830566; ]
01/12/25 10:46:27 Currently monitoring 1 HTCondor log file(s)
01/12/25 10:46:27 Reassigning the id of job PreprocessJob from (54.0.0) to (54.0.0)
01/12/25 10:46:27 Event: ULOG_SUBMIT for HTCondor Node PreprocessJob (54.0.0) {01/12/25 10:46:22}
01/12/25 10:46:27 Number of idle job procs: 1
01/12/25 10:46:27 Event: ULOG_EXECUTE for HTCondor Node PreprocessJob (54.0.0) {01/12/25 10:46:23}
01/12/25 10:46:27 Number of idle job procs: 0
01/12/25 10:46:27 Event: ULOG_JOB_TERMINATED for HTCondor Node PreprocessJob (54.0.0) {01/12/25 10:46:26}
01/12/25 10:46:27 Number of idle job procs: 0
01/12/25 10:46:27 Node PreprocessJob job proc (54.0.0) failed with status 1.
01/12/25 10:46:27 DAG status: 2 (DAG_STATUS_NODE_FAILED)
01/12/25 10:46:27 Of 3 nodes total:
01/12/25 10:46:27  Done     Pre   Queued    Post   Ready   Un-Ready   Failed   Futile
01/12/25 10:46:27   ===     ===      ===     ===     ===        ===      ===      ===
01/12/25 10:46:27     1       0        0       0       0          0        1        1
01/12/25 10:46:27 0 job proc(s) currently held
01/12/25 10:46:27 DAGMan Runtime Statistics: [EventCycleTimeAvg = 0.04164731502532959; EventCycleTimeCount = 6.0; EventCycleTimeMax = 0.08794283866882324; EventCycleTimeMin = 3.409385681152344E-05; EventCycleTimeStd = 0.03829293514959971; EventCycleTimeSum = 0.2498838901519775; LogProcessCycleTimeAvg = 0.02925467491149902; LogProcessCycleTimeCount = 3.0; LogProcessCycleTimeMax = 0.03277897834777832; LogProcessCycleTimeMin = 0.0256350040435791; LogProcessCycleTimeStd = 0.003572941844618797; LogProcessCycleTimeSum = 0.08776402473449707; SleepCycleTimeAvg = 5.005153179168701; SleepCycleTimeCount = 6.0; SleepCycleTimeMax = 5.005412101745605; SleepCycleTimeMin = 5.005086898803711; SleepCycleTimeStd = 0.0001271494128276166; SleepCycleTimeSum = 30.03091907501221; SubmitCycleTimeAvg = 0.01121701513017927; SubmitCycleTimeCount = 7.0; SubmitCycleTimeMax = 0.03999996185302734; SubmitCycleTimeMin = 1.9073486328125E-06; SubmitCycleTimeStd = 0.01915675673894314; SubmitCycleTimeSum = 0.07851910591125488; ]
01/12/25 10:46:27 ERROR: the following job(s) failed:
01/12/25 10:46:27 ---------------------- Node ----------------------
01/12/25 10:46:27       Node Name: PreprocessJob
01/12/25 10:46:27            Noop: false
01/12/25 10:46:27          NodeID: 1
01/12/25 10:46:27     Node Status: STATUS_ERROR    
01/12/25 10:46:27 Node return val: 1
01/12/25 10:46:27           Error: Job proc (54.0.0) failed with status 1
01/12/25 10:46:27 Job Submit File: preprocess.sub
01/12/25 10:46:27  HTCondor Job ID: (54.0.0)
01/12/25 10:46:27 PARENTS: ImportJob WAITING: 0 CHILDREN: EDAJob
01/12/25 10:46:27 ---------------------------------------	<END>
01/12/25 10:46:27 Aborting DAG...
01/12/25 10:46:27 Writing Rescue DAG to dagman.dag.rescue001...
01/12/25 10:46:27 Removing submitted jobs...
01/12/25 10:46:27 Removing any/all submitted HTCondor jobs...
01/12/25 10:46:27 Running: /usr/bin/condor_rm -const DAGManJobId==52 -reason DAG' 'Abort:' 'DAG' 'is' 'exiting' 'and' 'writing' 'rescue' 'file.
01/12/25 10:46:27 Note: 0 total node deferrals because of -MaxJobs limit (0)
01/12/25 10:46:27 Note: 0 total node deferrals because of -MaxIdle limit (1000)
01/12/25 10:46:27 Note: 0 total node deferrals because of node category throttles
01/12/25 10:46:27 Note: 0 total PRE script deferrals because of -MaxPre limit (20) or DEFER
01/12/25 10:46:27 Note: 0 total POST script deferrals because of -MaxPost limit (20) or DEFER
01/12/25 10:46:27 Note: 0 total HOLD script deferrals because of -MaxHold limit (20) or DEFER
01/12/25 10:46:27 DAG status: 2 (DAG_STATUS_NODE_FAILED)
01/12/25 10:46:27 Of 3 nodes total:
01/12/25 10:46:27  Done     Pre   Queued    Post   Ready   Un-Ready   Failed   Futile
01/12/25 10:46:27   ===     ===      ===     ===     ===        ===      ===      ===
01/12/25 10:46:27     1       0        0       0       0          0        1        1
01/12/25 10:46:27 0 job proc(s) currently held
01/12/25 10:46:27 DAGMan Runtime Statistics: [EventCycleTimeAvg = 0.04164731502532959; EventCycleTimeCount = 6.0; EventCycleTimeMax = 0.08794283866882324; EventCycleTimeMin = 3.409385681152344E-05; EventCycleTimeStd = 0.03829293514959971; EventCycleTimeSum = 0.2498838901519775; LogProcessCycleTimeAvg = 0.02925467491149902; LogProcessCycleTimeCount = 3.0; LogProcessCycleTimeMax = 0.03277897834777832; LogProcessCycleTimeMin = 0.0256350040435791; LogProcessCycleTimeStd = 0.003572941844618797; LogProcessCycleTimeSum = 0.08776402473449707; SleepCycleTimeAvg = 5.005153179168701; SleepCycleTimeCount = 6.0; SleepCycleTimeMax = 5.005412101745605; SleepCycleTimeMin = 5.005086898803711; SleepCycleTimeStd = 0.0001271494128276166; SleepCycleTimeSum = 30.03091907501221; SubmitCycleTimeAvg = 0.01121701513017927; SubmitCycleTimeCount = 7.0; SubmitCycleTimeMax = 0.03999996185302734; SubmitCycleTimeMin = 1.9073486328125E-06; SubmitCycleTimeStd = 0.01915675673894314; SubmitCycleTimeSum = 0.07851910591125488; ]
01/12/25 10:46:27 Wrote metrics file dagman.dag.metrics.
01/12/25 10:46:27 DAGMan Runtime Statistics: [EventCycleTimeAvg = 0.04164731502532959; EventCycleTimeCount = 6.0; EventCycleTimeMax = 0.08794283866882324; EventCycleTimeMin = 3.409385681152344E-05; EventCycleTimeStd = 0.03829293514959971; EventCycleTimeSum = 0.2498838901519775; LogProcessCycleTimeAvg = 0.02925467491149902; LogProcessCycleTimeCount = 3.0; LogProcessCycleTimeMax = 0.03277897834777832; LogProcessCycleTimeMin = 0.0256350040435791; LogProcessCycleTimeStd = 0.003572941844618797; LogProcessCycleTimeSum = 0.08776402473449707; SleepCycleTimeAvg = 5.005153179168701; SleepCycleTimeCount = 6.0; SleepCycleTimeMax = 5.005412101745605; SleepCycleTimeMin = 5.005086898803711; SleepCycleTimeStd = 0.0001271494128276166; SleepCycleTimeSum = 30.03091907501221; SubmitCycleTimeAvg = 0.01121701513017927; SubmitCycleTimeCount = 7.0; SubmitCycleTimeMax = 0.03999996185302734; SubmitCycleTimeMin = 1.9073486328125E-06; SubmitCycleTimeStd = 0.01915675673894314; SubmitCycleTimeSum = 0.07851910591125488; ]
01/12/25 10:46:27 **** condor_scheduniv_exec.52.0 (condor_DAGMAN) pid 2039 EXITING WITH STATUS 1
01/12/25 10:47:17 ******************************************************
01/12/25 10:47:17 ** condor_scheduniv_exec.55.0 (CONDOR_DAGMAN) STARTING UP
01/12/25 10:47:17 ** /usr/bin/condor_dagman
01/12/25 10:47:17 ** SubsystemInfo: name=DAGMAN type=DAGMAN(9) class=CLIENT(2)
01/12/25 10:47:17 ** Configuration: subsystem:DAGMAN local:<NONE> class:CLIENT
01/12/25 10:47:17 ** $CondorVersion: 23.10.19 2025-01-03 BuildID: 777890 PackageID: 23.10.19-1+ubu24 GitSHA: 91176a00 $
01/12/25 10:47:17 ** $CondorPlatform: X86_64-Ubuntu_24.04 $
01/12/25 10:47:17 ** PID = 2055 RealUID = 1000
01/12/25 10:47:17 ** Log last touched 1/12 10:46:27
01/12/25 10:47:17 ******************************************************
01/12/25 10:47:17 Using config source: /etc/condor/condor_config
01/12/25 10:47:17 Using local config sources: 
01/12/25 10:47:17    /etc/condor/config.d/00-security
01/12/25 10:47:17    /etc/condor/config.d/01-submit.config
01/12/25 10:47:17    /etc/condor/config.d/10-stash-plugin.conf
01/12/25 10:47:17    /etc/condor/condor_config.local
01/12/25 10:47:17 config Macros = 75, Sorted = 75, StringBytes = 2325, TablesBytes = 2764
01/12/25 10:47:17 CLASSAD_CACHING is ENABLED
01/12/25 10:47:17 Daemon Log is logging: D_ALWAYS D_ERROR D_STATUS
01/12/25 10:47:17 DaemonCore: No command port requested.
01/12/25 10:47:17 DAGMAN_USE_STRICT setting: 1
01/12/25 10:47:17 DAGMAN_VERBOSITY setting: 3
01/12/25 10:47:17 DAGMAN_DEBUG_CACHE_SIZE setting: 5242880
01/12/25 10:47:17 DAGMAN_DEBUG_CACHE_ENABLE setting: False
01/12/25 10:47:17 DAGMAN_SUBMIT_DELAY setting: 0
01/12/25 10:47:17 DAGMAN_MAX_SUBMIT_ATTEMPTS setting: 6
01/12/25 10:47:17 DAGMAN_STARTUP_CYCLE_DETECT setting: False
01/12/25 10:47:17 DAGMAN_MAX_SUBMITS_PER_INTERVAL setting: 100
01/12/25 10:47:17 DAGMAN_AGGRESSIVE_SUBMIT setting: False
01/12/25 10:47:17 DAGMAN_USER_LOG_SCAN_INTERVAL setting: 5
01/12/25 10:47:17 DAGMAN_QUEUE_UPDATE_INTERVAL setting: 300
01/12/25 10:47:17 DAGMAN_DEFAULT_PRIORITY setting: 0
01/12/25 10:47:17 DAGMAN_SUPPRESS_NOTIFICATION setting: False
01/12/25 10:47:17 allow_events (DAGMAN_ALLOW_EVENTS) setting: 114
01/12/25 10:47:17 DAGMAN_RETRY_SUBMIT_FIRST setting: True
01/12/25 10:47:17 DAGMAN_RETRY_NODE_FIRST setting: False
01/12/25 10:47:17 DAGMAN_MAX_JOBS_IDLE setting: 1000
01/12/25 10:47:17 DAGMAN_MAX_JOBS_SUBMITTED setting: 0
01/12/25 10:47:17 DAGMAN_MAX_PRE_SCRIPTS setting: 20
01/12/25 10:47:17 DAGMAN_MAX_POST_SCRIPTS setting: 20
01/12/25 10:47:17 DAGMAN_MAX_HOLD_SCRIPTS setting: 20
01/12/25 10:47:17 DAGMAN_MUNGE_NODE_NAMES setting: True
01/12/25 10:47:17 DAGMAN_PROHIBIT_MULTI_JOBS setting: False
01/12/25 10:47:17 DAGMAN_SUBMIT_DEPTH_FIRST setting: False
01/12/25 10:47:17 DAGMAN_ALWAYS_RUN_POST setting: False
01/12/25 10:47:17 DAGMAN_CONDOR_SUBMIT_EXE setting: /usr/bin/condor_submit
01/12/25 10:47:17 DAGMAN_CONDOR_RM_EXE setting: /usr/bin/condor_rm
01/12/25 10:47:17 DAGMAN_USE_DIRECT_SUBMIT setting: True
01/12/25 10:47:17 DAGMAN_PRODUCE_JOB_CREDENTIALS setting: True
01/12/25 10:47:17 DAGMAN_DEFAULT_APPEND_VARS setting: False
01/12/25 10:47:17 DAGMAN_INHERIT_ATTRS_PREFIX setting: 
01/12/25 10:47:17 DAGMAN_INHERIT_ATTRS setting: 
01/12/25 10:47:17 DAGMAN_ABORT_DUPLICATES setting: True
01/12/25 10:47:17 DAGMAN_ABORT_ON_SCARY_SUBMIT setting: True
01/12/25 10:47:17 DAGMAN_PENDING_REPORT_INTERVAL setting: 600
01/12/25 10:47:17 DAGMAN_CHECK_QUEUE_INTERVAL setting: 28800
01/12/25 10:47:17 DAGMAN_AUTO_RESCUE setting: True
01/12/25 10:47:17 DAGMAN_MAX_RESCUE_NUM setting: 100
01/12/25 10:47:17 DAGMAN_WRITE_PARTIAL_RESCUE setting: True
01/12/25 10:47:17 DAGMAN_DEFAULT_NODE_LOG setting: @(DAG_DIR)/@(DAG_FILE).nodes.log
01/12/25 10:47:17 DAGMAN_GENERATE_SUBDAG_SUBMITS setting: True
01/12/25 10:47:17 DAGMAN_MAX_JOB_HOLDS setting: 100
01/12/25 10:47:17 DAGMAN_HOLD_CLAIM_TIME setting: 20
01/12/25 10:47:17 DAGMAN_SUPPRESS_JOB_LOGS setting: False
01/12/25 10:47:17 DAGMAN_REMOVE_NODE_JOBS setting: True
01/12/25 10:47:17 DAGMAN_REMOVE_JOBS_AFTER_LIMIT_CHANGE setting: False
01/12/25 10:47:17 DAGMAN will adjust edges after parsing
01/12/25 10:47:17 argv[0] == "condor_scheduniv_exec.55.0"
01/12/25 10:47:17 argv[1] == "-Lockfile"
01/12/25 10:47:17 argv[2] == "dagman.dag.lock"
01/12/25 10:47:17 argv[3] == "-Dag"
01/12/25 10:47:17 argv[4] == "dagman.dag"
01/12/25 10:47:17 argv[5] == "-MaxIdle"
01/12/25 10:47:17 argv[6] == "1000"
01/12/25 10:47:17 argv[7] == "-CsdVersion"
01/12/25 10:47:17 argv[8] == "$CondorVersion: 23.10.19 2025-01-03 BuildID: 777890 PackageID: 23.10.19-1+ubu24 GitSHA: 91176a00 $"
01/12/25 10:47:17 argv[9] == "-dagman"
01/12/25 10:47:18 argv[10] == "/usr/bin/condor_dagman"
01/12/25 10:47:18 argv[11] == "-AutoRescue"
01/12/25 10:47:18 argv[12] == "1"
01/12/25 10:47:18 argv[13] == "-DoRescueFrom"
01/12/25 10:47:18 argv[14] == "0"
01/12/25 10:47:18 argv[15] == "-force"
01/12/25 10:47:18 Can't open directory "/etc/condor/passwords.d" as PRIV_ROOT, errno: 13 (Permission denied)
01/12/25 10:47:18 Can't open directory "/etc/condor/passwords.d" as PRIV_ROOT, errno: 13 (Permission denied)
01/12/25 10:47:18 Workflow batch-id: <55.0>
01/12/25 10:47:18 Workflow batch-name: <dagman.dag+55>
01/12/25 10:47:18 Workflow accounting_group: <>
01/12/25 10:47:18 Workflow accounting_group_user: <>
01/12/25 10:47:18 Warning: failed to get attribute DAGNodeName
01/12/25 10:47:18 DAGMAN_LOG_ON_NFS_IS_ERROR setting: False
01/12/25 10:47:18 Default node log file is: </home/ubuntu/wqd7008_group_project/./dagman.dag.nodes.log>
01/12/25 10:47:18 DAG Lockfile will be written to dagman.dag.lock
01/12/25 10:47:18 DAG Input file is dagman.dag
01/12/25 10:47:18 Parsing 1 dagfiles
01/12/25 10:47:18 Parsing dagman.dag ...
01/12/25 10:47:18 Adjusting edges
01/12/25 10:47:18 Dag contains 2 total nodes
01/12/25 10:47:18 Bootstrapping...
01/12/25 10:47:18 Number of pre-completed nodes: 0
01/12/25 10:47:18 MultiLogFiles: truncating log file /home/ubuntu/wqd7008_group_project/./dagman.dag.nodes.log
01/12/25 10:47:18 DAG status: 0 (DAG_STATUS_OK)
01/12/25 10:47:18 Of 2 nodes total:
01/12/25 10:47:18  Done     Pre   Queued    Post   Ready   Un-Ready   Failed   Futile
01/12/25 10:47:18   ===     ===      ===     ===     ===        ===      ===      ===
01/12/25 10:47:18     0       0        0       0       1          1        0        0
01/12/25 10:47:18 0 job proc(s) currently held
01/12/25 10:47:18 DAGMan Runtime Statistics: [EventCycleTimeCount = 0.0; EventCycleTimeSum = 0.0; LogProcessCycleTimeCount = 0.0; LogProcessCycleTimeSum = 0.0; SleepCycleTimeCount = 0.0; SleepCycleTimeSum = 0.0; SubmitCycleTimeCount = 0.0; SubmitCycleTimeSum = 0.0; ]
01/12/25 10:47:18 Registering condor_event_timer...
01/12/25 10:47:19 Submitting HTCondor Node ImportJob job(s)...
01/12/25 10:47:19 Submitting node ImportJob from file import.sub using direct job submission
01/12/25 10:47:19 	assigned HTCondor ID (56.0.0)
01/12/25 10:47:19 Just submitted 1 job this cycle...
01/12/25 10:47:19 DAG status: 0 (DAG_STATUS_OK)
01/12/25 10:47:19 Of 2 nodes total:
01/12/25 10:47:19  Done     Pre   Queued    Post   Ready   Un-Ready   Failed   Futile
01/12/25 10:47:19   ===     ===      ===     ===     ===        ===      ===      ===
01/12/25 10:47:19     0       0        1       0       0          1        0        0
01/12/25 10:47:19 0 job proc(s) currently held
01/12/25 10:47:19 DAGMan Runtime Statistics: [EventCycleTimeCount = 0.0; EventCycleTimeSum = 0.0; LogProcessCycleTimeCount = 0.0; LogProcessCycleTimeSum = 0.0; SleepCycleTimeCount = 0.0; SleepCycleTimeSum = 0.0; SubmitCycleTimeAvg = 0.03892683982849121; SubmitCycleTimeCount = 1.0; SubmitCycleTimeMax = 0.03892683982849121; SubmitCycleTimeMin = 0.03892683982849121; SubmitCycleTimeStd = 0.03892683982849121; SubmitCycleTimeSum = 0.03892683982849121; ]
01/12/25 10:47:24 Currently monitoring 1 HTCondor log file(s)
01/12/25 10:47:24 Reassigning the id of job ImportJob from (56.0.0) to (56.0.0)
01/12/25 10:47:24 Event: ULOG_SUBMIT for HTCondor Node ImportJob (56.0.0) {01/12/25 10:47:19}
01/12/25 10:47:24 Number of idle job procs: 1
01/12/25 10:47:39 Currently monitoring 1 HTCondor log file(s)
01/12/25 10:47:39 Event: ULOG_EXECUTE for HTCondor Node ImportJob (56.0.0) {01/12/25 10:47:38}
01/12/25 10:47:39 Number of idle job procs: 0
01/12/25 10:47:39 Event: ULOG_JOB_TERMINATED for HTCondor Node ImportJob (56.0.0) {01/12/25 10:47:39}
01/12/25 10:47:39 Number of idle job procs: 0
01/12/25 10:47:39 Node ImportJob job proc (56.0.0) completed successfully.
01/12/25 10:47:39 Node ImportJob job completed
01/12/25 10:47:39 DAG status: 0 (DAG_STATUS_OK)
01/12/25 10:47:39 Of 2 nodes total:
01/12/25 10:47:39  Done     Pre   Queued    Post   Ready   Un-Ready   Failed   Futile
01/12/25 10:47:39   ===     ===      ===     ===     ===        ===      ===      ===
01/12/25 10:47:39     1       0        0       0       1          0        0        0
01/12/25 10:47:39 0 job proc(s) currently held
01/12/25 10:47:39 DAGMan Runtime Statistics: [EventCycleTimeAvg = 0.02996444702148438; EventCycleTimeCount = 4.0; EventCycleTimeMax = 0.09207391738891602; EventCycleTimeMin = 3.099441528320312E-05; EventCycleTimeStd = 0.04341372961013257; EventCycleTimeSum = 0.1198577880859375; LogProcessCycleTimeAvg = 0.03041505813598633; LogProcessCycleTimeCount = 2.0; LogProcessCycleTimeMax = 0.03314495086669922; LogProcessCycleTimeMin = 0.02768516540527344; LogProcessCycleTimeStd = 0.003860651323597893; LogProcessCycleTimeSum = 0.06083011627197266; SleepCycleTimeAvg = 5.005116760730743; SleepCycleTimeCount = 4.0; SleepCycleTimeMax = 5.005186080932617; SleepCycleTimeMin = 5.005084991455078; SleepCycleTimeStd = 4.697002329217883E-05; SleepCycleTimeSum = 20.02046704292297; SubmitCycleTimeAvg = 0.007787609100341797; SubmitCycleTimeCount = 5.0; SubmitCycleTimeMax = 0.03892683982849121; SubmitCycleTimeMin = 2.145767211914062E-06; SubmitCycleTimeStd = 0.01740735917318608; SubmitCycleTimeSum = 0.03893804550170898; ]
01/12/25 10:47:44 Submitting HTCondor Node PreprocessJob job(s)...
01/12/25 10:47:44 Submitting node PreprocessJob from file preprocess.sub using direct job submission
01/12/25 10:47:44 	assigned HTCondor ID (57.0.0)
01/12/25 10:47:44 Just submitted 1 job this cycle...
01/12/25 10:47:44 DAG status: 0 (DAG_STATUS_OK)
01/12/25 10:47:44 Of 2 nodes total:
01/12/25 10:47:44  Done     Pre   Queued    Post   Ready   Un-Ready   Failed   Futile
01/12/25 10:47:44   ===     ===      ===     ===     ===        ===      ===      ===
01/12/25 10:47:44     1       0        1       0       0          0        0        0
01/12/25 10:47:44 0 job proc(s) currently held
01/12/25 10:47:44 DAGMan Runtime Statistics: [EventCycleTimeAvg = 0.03710975646972656; EventCycleTimeCount = 5.0; EventCycleTimeMax = 0.09207391738891602; EventCycleTimeMin = 3.099441528320312E-05; EventCycleTimeStd = 0.04085145253907101; EventCycleTimeSum = 0.1855487823486328; LogProcessCycleTimeAvg = 0.03041505813598633; LogProcessCycleTimeCount = 2.0; LogProcessCycleTimeMax = 0.03314495086669922; LogProcessCycleTimeMin = 0.02768516540527344; LogProcessCycleTimeStd = 0.003860651323597893; LogProcessCycleTimeSum = 0.06083011627197266; SleepCycleTimeAvg = 5.005113029479981; SleepCycleTimeCount = 5.0; SleepCycleTimeMax = 5.005186080932617; SleepCycleTimeMin = 5.005084991455078; SleepCycleTimeStd = 4.152403683602553E-05; SleepCycleTimeSum = 25.0255651473999; SubmitCycleTimeAvg = 0.0118871529897054; SubmitCycleTimeCount = 6.0; SubmitCycleTimeMax = 0.03892683982849121; SubmitCycleTimeMin = 2.145767211914062E-06; SubmitCycleTimeStd = 0.01852702035709886; SubmitCycleTimeSum = 0.07132291793823242; ]
01/12/25 10:47:49 Currently monitoring 1 HTCondor log file(s)
01/12/25 10:47:49 Reassigning the id of job PreprocessJob from (57.0.0) to (57.0.0)
01/12/25 10:47:49 Event: ULOG_SUBMIT for HTCondor Node PreprocessJob (57.0.0) {01/12/25 10:47:44}
01/12/25 10:47:49 Number of idle job procs: 1
01/12/25 10:47:49 Event: ULOG_EXECUTE for HTCondor Node PreprocessJob (57.0.0) {01/12/25 10:47:45}
01/12/25 10:47:49 Number of idle job procs: 0
01/12/25 10:47:49 Event: ULOG_JOB_TERMINATED for HTCondor Node PreprocessJob (57.0.0) {01/12/25 10:47:48}
01/12/25 10:47:49 Number of idle job procs: 0
01/12/25 10:47:49 Node PreprocessJob job proc (57.0.0) failed with status 1.
01/12/25 10:47:49 DAG status: 2 (DAG_STATUS_NODE_FAILED)
01/12/25 10:47:49 Of 2 nodes total:
01/12/25 10:47:49  Done     Pre   Queued    Post   Ready   Un-Ready   Failed   Futile
01/12/25 10:47:49   ===     ===      ===     ===     ===        ===      ===      ===
01/12/25 10:47:49     1       0        0       0       0          0        1        0
01/12/25 10:47:49 0 job proc(s) currently held
01/12/25 10:47:49 DAGMan Runtime Statistics: [EventCycleTimeAvg = 0.04172162214914957; EventCycleTimeCount = 6.0; EventCycleTimeMax = 0.09207391738891602; EventCycleTimeMin = 3.099441528320312E-05; EventCycleTimeStd = 0.03824511432734666; EventCycleTimeSum = 0.2503297328948975; LogProcessCycleTimeAvg = 0.03560837109883627; LogProcessCycleTimeCount = 3.0; LogProcessCycleTimeMax = 0.04599499702453613; LogProcessCycleTimeMin = 0.02768516540527344; LogProcessCycleTimeStd = 0.009400202812254347; LogProcessCycleTimeSum = 0.1068251132965088; SleepCycleTimeAvg = 5.005142211914062; SleepCycleTimeCount = 6.0; SleepCycleTimeMax = 5.005288124084473; SleepCycleTimeMin = 5.005084991455078; SleepCycleTimeStd = 8.055486040939449E-05; SleepCycleTimeSum = 30.03085327148438; SubmitCycleTimeAvg = 0.01018939699445452; SubmitCycleTimeCount = 7.0; SubmitCycleTimeMax = 0.03892683982849121; SubmitCycleTimeMin = 2.145767211914062E-06; SubmitCycleTimeStd = 0.01749910561608321; SubmitCycleTimeSum = 0.07132577896118164; ]
01/12/25 10:47:49 ERROR: the following job(s) failed:
01/12/25 10:47:49 ---------------------- Node ----------------------
01/12/25 10:47:49       Node Name: PreprocessJob
01/12/25 10:47:49            Noop: false
01/12/25 10:47:49          NodeID: 1
01/12/25 10:47:49     Node Status: STATUS_ERROR    
01/12/25 10:47:49 Node return val: 1
01/12/25 10:47:49           Error: Job proc (57.0.0) failed with status 1
01/12/25 10:47:49 Job Submit File: preprocess.sub
01/12/25 10:47:49  HTCondor Job ID: (57.0.0)
01/12/25 10:47:49 PARENTS: ImportJob WAITING: 0 CHILDREN: 
01/12/25 10:47:49 ---------------------------------------	<END>
01/12/25 10:47:49 Aborting DAG...
01/12/25 10:47:49 Writing Rescue DAG to dagman.dag.rescue001...
01/12/25 10:47:49 Removing submitted jobs...
01/12/25 10:47:49 Removing any/all submitted HTCondor jobs...
01/12/25 10:47:49 Running: /usr/bin/condor_rm -const DAGManJobId==55 -reason DAG' 'Abort:' 'DAG' 'is' 'exiting' 'and' 'writing' 'rescue' 'file.
01/12/25 10:47:49 Note: 0 total node deferrals because of -MaxJobs limit (0)
01/12/25 10:47:49 Note: 0 total node deferrals because of -MaxIdle limit (1000)
01/12/25 10:47:49 Note: 0 total node deferrals because of node category throttles
01/12/25 10:47:49 Note: 0 total PRE script deferrals because of -MaxPre limit (20) or DEFER
01/12/25 10:47:49 Note: 0 total POST script deferrals because of -MaxPost limit (20) or DEFER
01/12/25 10:47:49 Note: 0 total HOLD script deferrals because of -MaxHold limit (20) or DEFER
01/12/25 10:47:49 DAG status: 2 (DAG_STATUS_NODE_FAILED)
01/12/25 10:47:49 Of 2 nodes total:
01/12/25 10:47:49  Done     Pre   Queued    Post   Ready   Un-Ready   Failed   Futile
01/12/25 10:47:49   ===     ===      ===     ===     ===        ===      ===      ===
01/12/25 10:47:49     1       0        0       0       0          0        1        0
01/12/25 10:47:49 0 job proc(s) currently held
01/12/25 10:47:49 DAGMan Runtime Statistics: [EventCycleTimeAvg = 0.04172162214914957; EventCycleTimeCount = 6.0; EventCycleTimeMax = 0.09207391738891602; EventCycleTimeMin = 3.099441528320312E-05; EventCycleTimeStd = 0.03824511432734666; EventCycleTimeSum = 0.2503297328948975; LogProcessCycleTimeAvg = 0.03560837109883627; LogProcessCycleTimeCount = 3.0; LogProcessCycleTimeMax = 0.04599499702453613; LogProcessCycleTimeMin = 0.02768516540527344; LogProcessCycleTimeStd = 0.009400202812254347; LogProcessCycleTimeSum = 0.1068251132965088; SleepCycleTimeAvg = 5.005142211914062; SleepCycleTimeCount = 6.0; SleepCycleTimeMax = 5.005288124084473; SleepCycleTimeMin = 5.005084991455078; SleepCycleTimeStd = 8.055486040939449E-05; SleepCycleTimeSum = 30.03085327148438; SubmitCycleTimeAvg = 0.01018939699445452; SubmitCycleTimeCount = 7.0; SubmitCycleTimeMax = 0.03892683982849121; SubmitCycleTimeMin = 2.145767211914062E-06; SubmitCycleTimeStd = 0.01749910561608321; SubmitCycleTimeSum = 0.07132577896118164; ]
01/12/25 10:47:49 Wrote metrics file dagman.dag.metrics.
01/12/25 10:47:49 DAGMan Runtime Statistics: [EventCycleTimeAvg = 0.04172162214914957; EventCycleTimeCount = 6.0; EventCycleTimeMax = 0.09207391738891602; EventCycleTimeMin = 3.099441528320312E-05; EventCycleTimeStd = 0.03824511432734666; EventCycleTimeSum = 0.2503297328948975; LogProcessCycleTimeAvg = 0.03560837109883627; LogProcessCycleTimeCount = 3.0; LogProcessCycleTimeMax = 0.04599499702453613; LogProcessCycleTimeMin = 0.02768516540527344; LogProcessCycleTimeStd = 0.009400202812254347; LogProcessCycleTimeSum = 0.1068251132965088; SleepCycleTimeAvg = 5.005142211914062; SleepCycleTimeCount = 6.0; SleepCycleTimeMax = 5.005288124084473; SleepCycleTimeMin = 5.005084991455078; SleepCycleTimeStd = 8.055486040939449E-05; SleepCycleTimeSum = 30.03085327148438; SubmitCycleTimeAvg = 0.01018939699445452; SubmitCycleTimeCount = 7.0; SubmitCycleTimeMax = 0.03892683982849121; SubmitCycleTimeMin = 2.145767211914062E-06; SubmitCycleTimeStd = 0.01749910561608321; SubmitCycleTimeSum = 0.07132577896118164; ]
01/12/25 10:47:49 **** condor_scheduniv_exec.55.0 (condor_DAGMAN) pid 2055 EXITING WITH STATUS 1
01/12/25 10:51:19 ******************************************************
01/12/25 10:51:19 ** condor_scheduniv_exec.58.0 (CONDOR_DAGMAN) STARTING UP
01/12/25 10:51:19 ** /usr/bin/condor_dagman
01/12/25 10:51:19 ** SubsystemInfo: name=DAGMAN type=DAGMAN(9) class=CLIENT(2)
01/12/25 10:51:19 ** Configuration: subsystem:DAGMAN local:<NONE> class:CLIENT
01/12/25 10:51:19 ** $CondorVersion: 23.10.19 2025-01-03 BuildID: 777890 PackageID: 23.10.19-1+ubu24 GitSHA: 91176a00 $
01/12/25 10:51:19 ** $CondorPlatform: X86_64-Ubuntu_24.04 $
01/12/25 10:51:19 ** PID = 2081 RealUID = 1000
01/12/25 10:51:19 ** Log last touched 1/12 10:47:49
01/12/25 10:51:19 ******************************************************
01/12/25 10:51:19 Using config source: /etc/condor/condor_config
01/12/25 10:51:19 Using local config sources: 
01/12/25 10:51:19    /etc/condor/config.d/00-security
01/12/25 10:51:19    /etc/condor/config.d/01-submit.config
01/12/25 10:51:19    /etc/condor/config.d/10-stash-plugin.conf
01/12/25 10:51:19    /etc/condor/condor_config.local
01/12/25 10:51:19 config Macros = 75, Sorted = 75, StringBytes = 2325, TablesBytes = 2764
01/12/25 10:51:19 CLASSAD_CACHING is ENABLED
01/12/25 10:51:19 Daemon Log is logging: D_ALWAYS D_ERROR D_STATUS
01/12/25 10:51:19 DaemonCore: No command port requested.
01/12/25 10:51:19 DAGMAN_USE_STRICT setting: 1
01/12/25 10:51:19 DAGMAN_VERBOSITY setting: 3
01/12/25 10:51:19 DAGMAN_DEBUG_CACHE_SIZE setting: 5242880
01/12/25 10:51:19 DAGMAN_DEBUG_CACHE_ENABLE setting: False
01/12/25 10:51:19 DAGMAN_SUBMIT_DELAY setting: 0
01/12/25 10:51:19 DAGMAN_MAX_SUBMIT_ATTEMPTS setting: 6
01/12/25 10:51:19 DAGMAN_STARTUP_CYCLE_DETECT setting: False
01/12/25 10:51:19 DAGMAN_MAX_SUBMITS_PER_INTERVAL setting: 100
01/12/25 10:51:19 DAGMAN_AGGRESSIVE_SUBMIT setting: False
01/12/25 10:51:19 DAGMAN_USER_LOG_SCAN_INTERVAL setting: 5
01/12/25 10:51:19 DAGMAN_QUEUE_UPDATE_INTERVAL setting: 300
01/12/25 10:51:19 DAGMAN_DEFAULT_PRIORITY setting: 0
01/12/25 10:51:19 DAGMAN_SUPPRESS_NOTIFICATION setting: False
01/12/25 10:51:19 allow_events (DAGMAN_ALLOW_EVENTS) setting: 114
01/12/25 10:51:19 DAGMAN_RETRY_SUBMIT_FIRST setting: True
01/12/25 10:51:19 DAGMAN_RETRY_NODE_FIRST setting: False
01/12/25 10:51:19 DAGMAN_MAX_JOBS_IDLE setting: 1000
01/12/25 10:51:19 DAGMAN_MAX_JOBS_SUBMITTED setting: 0
01/12/25 10:51:19 DAGMAN_MAX_PRE_SCRIPTS setting: 20
01/12/25 10:51:19 DAGMAN_MAX_POST_SCRIPTS setting: 20
01/12/25 10:51:19 DAGMAN_MAX_HOLD_SCRIPTS setting: 20
01/12/25 10:51:19 DAGMAN_MUNGE_NODE_NAMES setting: True
01/12/25 10:51:19 DAGMAN_PROHIBIT_MULTI_JOBS setting: False
01/12/25 10:51:19 DAGMAN_SUBMIT_DEPTH_FIRST setting: False
01/12/25 10:51:19 DAGMAN_ALWAYS_RUN_POST setting: False
01/12/25 10:51:19 DAGMAN_CONDOR_SUBMIT_EXE setting: /usr/bin/condor_submit
01/12/25 10:51:19 DAGMAN_CONDOR_RM_EXE setting: /usr/bin/condor_rm
01/12/25 10:51:19 DAGMAN_USE_DIRECT_SUBMIT setting: True
01/12/25 10:51:19 DAGMAN_PRODUCE_JOB_CREDENTIALS setting: True
01/12/25 10:51:19 DAGMAN_DEFAULT_APPEND_VARS setting: False
01/12/25 10:51:19 DAGMAN_INHERIT_ATTRS_PREFIX setting: 
01/12/25 10:51:19 DAGMAN_INHERIT_ATTRS setting: 
01/12/25 10:51:19 DAGMAN_ABORT_DUPLICATES setting: True
01/12/25 10:51:19 DAGMAN_ABORT_ON_SCARY_SUBMIT setting: True
01/12/25 10:51:19 DAGMAN_PENDING_REPORT_INTERVAL setting: 600
01/12/25 10:51:19 DAGMAN_CHECK_QUEUE_INTERVAL setting: 28800
01/12/25 10:51:19 DAGMAN_AUTO_RESCUE setting: True
01/12/25 10:51:19 DAGMAN_MAX_RESCUE_NUM setting: 100
01/12/25 10:51:19 DAGMAN_WRITE_PARTIAL_RESCUE setting: True
01/12/25 10:51:19 DAGMAN_DEFAULT_NODE_LOG setting: @(DAG_DIR)/@(DAG_FILE).nodes.log
01/12/25 10:51:19 DAGMAN_GENERATE_SUBDAG_SUBMITS setting: True
01/12/25 10:51:19 DAGMAN_MAX_JOB_HOLDS setting: 100
01/12/25 10:51:19 DAGMAN_HOLD_CLAIM_TIME setting: 20
01/12/25 10:51:19 DAGMAN_SUPPRESS_JOB_LOGS setting: False
01/12/25 10:51:19 DAGMAN_REMOVE_NODE_JOBS setting: True
01/12/25 10:51:19 DAGMAN_REMOVE_JOBS_AFTER_LIMIT_CHANGE setting: False
01/12/25 10:51:19 DAGMAN will adjust edges after parsing
01/12/25 10:51:19 argv[0] == "condor_scheduniv_exec.58.0"
01/12/25 10:51:19 argv[1] == "-Lockfile"
01/12/25 10:51:19 argv[2] == "dagman.dag.lock"
01/12/25 10:51:19 argv[3] == "-Dag"
01/12/25 10:51:19 argv[4] == "dagman.dag"
01/12/25 10:51:19 argv[5] == "-MaxIdle"
01/12/25 10:51:19 argv[6] == "1000"
01/12/25 10:51:19 argv[7] == "-CsdVersion"
01/12/25 10:51:20 argv[8] == "$CondorVersion: 23.10.19 2025-01-03 BuildID: 777890 PackageID: 23.10.19-1+ubu24 GitSHA: 91176a00 $"
01/12/25 10:51:20 argv[9] == "-dagman"
01/12/25 10:51:20 argv[10] == "/usr/bin/condor_dagman"
01/12/25 10:51:20 argv[11] == "-AutoRescue"
01/12/25 10:51:20 argv[12] == "1"
01/12/25 10:51:20 argv[13] == "-DoRescueFrom"
01/12/25 10:51:20 argv[14] == "0"
01/12/25 10:51:20 argv[15] == "-force"
01/12/25 10:51:20 Can't open directory "/etc/condor/passwords.d" as PRIV_ROOT, errno: 13 (Permission denied)
01/12/25 10:51:20 Can't open directory "/etc/condor/passwords.d" as PRIV_ROOT, errno: 13 (Permission denied)
01/12/25 10:51:20 Workflow batch-id: <58.0>
01/12/25 10:51:20 Workflow batch-name: <dagman.dag+58>
01/12/25 10:51:20 Workflow accounting_group: <>
01/12/25 10:51:20 Workflow accounting_group_user: <>
01/12/25 10:51:20 Warning: failed to get attribute DAGNodeName
01/12/25 10:51:20 DAGMAN_LOG_ON_NFS_IS_ERROR setting: False
01/12/25 10:51:20 Default node log file is: </home/ubuntu/wqd7008_group_project/./dagman.dag.nodes.log>
01/12/25 10:51:20 DAG Lockfile will be written to dagman.dag.lock
01/12/25 10:51:20 DAG Input file is dagman.dag
01/12/25 10:51:20 Parsing 1 dagfiles
01/12/25 10:51:20 Parsing dagman.dag ...
01/12/25 10:51:20 Adjusting edges
01/12/25 10:51:20 Dag contains 2 total nodes
01/12/25 10:51:20 Bootstrapping...
01/12/25 10:51:20 Number of pre-completed nodes: 0
01/12/25 10:51:20 MultiLogFiles: truncating log file /home/ubuntu/wqd7008_group_project/./dagman.dag.nodes.log
01/12/25 10:51:20 DAG status: 0 (DAG_STATUS_OK)
01/12/25 10:51:20 Of 2 nodes total:
01/12/25 10:51:20  Done     Pre   Queued    Post   Ready   Un-Ready   Failed   Futile
01/12/25 10:51:20   ===     ===      ===     ===     ===        ===      ===      ===
01/12/25 10:51:20     0       0        0       0       2          0        0        0
01/12/25 10:51:20 0 job proc(s) currently held
01/12/25 10:51:20 DAGMan Runtime Statistics: [EventCycleTimeCount = 0.0; EventCycleTimeSum = 0.0; LogProcessCycleTimeCount = 0.0; LogProcessCycleTimeSum = 0.0; SleepCycleTimeCount = 0.0; SleepCycleTimeSum = 0.0; SubmitCycleTimeCount = 0.0; SubmitCycleTimeSum = 0.0; ]
01/12/25 10:51:20 Registering condor_event_timer...
01/12/25 10:51:21 Submitting HTCondor Node ImportJob job(s)...
01/12/25 10:51:21 Submitting node ImportJob from file import.sub using direct job submission
01/12/25 10:51:21 	assigned HTCondor ID (59.0.0)
01/12/25 10:51:21 Submitting HTCondor Node PreprocessJob job(s)...
01/12/25 10:51:21 Submitting node PreprocessJob from file preprocess.sub using direct job submission
01/12/25 10:51:21 	assigned HTCondor ID (60.0.0)
01/12/25 10:51:21 Just submitted 2 jobs this cycle...
01/12/25 10:51:21 DAG status: 0 (DAG_STATUS_OK)
01/12/25 10:51:21 Of 2 nodes total:
01/12/25 10:51:21  Done     Pre   Queued    Post   Ready   Un-Ready   Failed   Futile
01/12/25 10:51:21   ===     ===      ===     ===     ===        ===      ===      ===
01/12/25 10:51:21     0       0        2       0       0          0        0        0
01/12/25 10:51:21 0 job proc(s) currently held
01/12/25 10:51:21 DAGMan Runtime Statistics: [EventCycleTimeCount = 0.0; EventCycleTimeSum = 0.0; LogProcessCycleTimeCount = 0.0; LogProcessCycleTimeSum = 0.0; SleepCycleTimeCount = 0.0; SleepCycleTimeSum = 0.0; SubmitCycleTimeAvg = 0.08715510368347168; SubmitCycleTimeCount = 1.0; SubmitCycleTimeMax = 0.08715510368347168; SubmitCycleTimeMin = 0.08715510368347168; SubmitCycleTimeStd = 0.08715510368347168; SubmitCycleTimeSum = 0.08715510368347168; ]
01/12/25 10:51:26 Currently monitoring 1 HTCondor log file(s)
01/12/25 10:51:26 Reassigning the id of job ImportJob from (59.0.0) to (59.0.0)
01/12/25 10:51:26 Event: ULOG_SUBMIT for HTCondor Node ImportJob (59.0.0) {01/12/25 10:51:21}
01/12/25 10:51:26 Number of idle job procs: 1
01/12/25 10:51:26 Reassigning the id of job PreprocessJob from (60.0.0) to (60.0.0)
01/12/25 10:51:26 Event: ULOG_SUBMIT for HTCondor Node PreprocessJob (60.0.0) {01/12/25 10:51:21}
01/12/25 10:51:26 Number of idle job procs: 2
01/12/25 10:51:41 Currently monitoring 1 HTCondor log file(s)
01/12/25 10:51:41 Event: ULOG_JOB_EVICTED for HTCondor Node PreprocessJob (60.0.0) {01/12/25 10:51:40}
01/12/25 10:51:41 Number of idle job procs: 2
01/12/25 10:51:41 Event: ULOG_JOB_HELD for HTCondor Node PreprocessJob (60.0.0) {01/12/25 10:51:40}
01/12/25 10:51:41   Hold reason: Transfer input files failure at access point ip-172-31-42-11 while sending files to execution point slot1_2@ip-172-31-17-139.ec2.internal. Details: reading from file /home/ubuntu/wqd7008_group_project/imported_data.pkl: (errno 2) No such file or directory
01/12/25 10:51:41 Number of idle job procs: 2
01/12/25 10:51:41 Event: ULOG_EXECUTE for HTCondor Node ImportJob (59.0.0) {01/12/25 10:51:40}
01/12/25 10:51:41 Number of idle job procs: 1
01/12/25 10:51:41 Event: ULOG_JOB_TERMINATED for HTCondor Node ImportJob (59.0.0) {01/12/25 10:51:41}
01/12/25 10:51:41 Number of idle job procs: 1
01/12/25 10:51:41 Node ImportJob job proc (59.0.0) completed successfully.
01/12/25 10:51:41 Node ImportJob job completed
01/12/25 10:51:41 DAG status: 0 (DAG_STATUS_OK)
01/12/25 10:51:41 Of 2 nodes total:
01/12/25 10:51:41  Done     Pre   Queued    Post   Ready   Un-Ready   Failed   Futile
01/12/25 10:51:41   ===     ===      ===     ===     ===        ===      ===      ===
01/12/25 10:51:41     1       0        1       0       0          0        0        0
01/12/25 10:51:41 1 job proc(s) currently held
01/12/25 10:51:41 DAGMan Runtime Statistics: [EventCycleTimeAvg = 0.04506498575210571; EventCycleTimeCount = 4.0; EventCycleTimeMax = 0.1349039077758789; EventCycleTimeMin = 2.813339233398438E-05; EventCycleTimeStd = 0.06358033712870277; EventCycleTimeSum = 0.1802599430084229; LogProcessCycleTimeAvg = 0.04982614517211914; LogProcessCycleTimeCount = 2.0; LogProcessCycleTimeMax = 0.05438518524169922; LogProcessCycleTimeMin = 0.04526710510253906; LogProcessCycleTimeStd = 0.006447456297802526; LogProcessCycleTimeSum = 0.09965229034423828; SleepCycleTimeAvg = 5.005401015281677; SleepCycleTimeCount = 4.0; SleepCycleTimeMax = 5.005819082260132; SleepCycleTimeMin = 5.005107879638672; SleepCycleTimeStd = 0.0003014620743009599; SleepCycleTimeSum = 20.02160406112671; SubmitCycleTimeAvg = 0.01743340492248535; SubmitCycleTimeCount = 5.0; SubmitCycleTimeMax = 0.08715510368347168; SubmitCycleTimeMin = 1.9073486328125E-06; SubmitCycleTimeStd = 0.03897561449155656; SubmitCycleTimeSum = 0.08716702461242676; ]
01/12/25 10:54:04 ******************************************************
01/12/25 10:54:04 ** condor_scheduniv_exec.61.0 (CONDOR_DAGMAN) STARTING UP
01/12/25 10:54:04 ** /usr/bin/condor_dagman
01/12/25 10:54:04 ** SubsystemInfo: name=DAGMAN type=DAGMAN(9) class=CLIENT(2)
01/12/25 10:54:04 ** Configuration: subsystem:DAGMAN local:<NONE> class:CLIENT
01/12/25 10:54:04 ** $CondorVersion: 23.10.19 2025-01-03 BuildID: 777890 PackageID: 23.10.19-1+ubu24 GitSHA: 91176a00 $
01/12/25 10:54:04 ** $CondorPlatform: X86_64-Ubuntu_24.04 $
01/12/25 10:54:04 ** PID = 2100 RealUID = 1000
01/12/25 10:54:04 ** Log last touched 1/12 10:53:20
01/12/25 10:54:04 ******************************************************
01/12/25 10:54:04 Using config source: /etc/condor/condor_config
01/12/25 10:54:04 Using local config sources: 
01/12/25 10:54:04    /etc/condor/config.d/00-security
01/12/25 10:54:04    /etc/condor/config.d/01-submit.config
01/12/25 10:54:04    /etc/condor/config.d/10-stash-plugin.conf
01/12/25 10:54:04    /etc/condor/condor_config.local
01/12/25 10:54:04 config Macros = 75, Sorted = 75, StringBytes = 2325, TablesBytes = 2764
01/12/25 10:54:04 CLASSAD_CACHING is ENABLED
01/12/25 10:54:04 Daemon Log is logging: D_ALWAYS D_ERROR D_STATUS
01/12/25 10:54:04 DaemonCore: No command port requested.
01/12/25 10:54:04 DAGMAN_USE_STRICT setting: 1
01/12/25 10:54:04 DAGMAN_VERBOSITY setting: 3
01/12/25 10:54:04 DAGMAN_DEBUG_CACHE_SIZE setting: 5242880
01/12/25 10:54:04 DAGMAN_DEBUG_CACHE_ENABLE setting: False
01/12/25 10:54:04 DAGMAN_SUBMIT_DELAY setting: 0
01/12/25 10:54:04 DAGMAN_MAX_SUBMIT_ATTEMPTS setting: 6
01/12/25 10:54:04 DAGMAN_STARTUP_CYCLE_DETECT setting: False
01/12/25 10:54:04 DAGMAN_MAX_SUBMITS_PER_INTERVAL setting: 100
01/12/25 10:54:04 DAGMAN_AGGRESSIVE_SUBMIT setting: False
01/12/25 10:54:04 DAGMAN_USER_LOG_SCAN_INTERVAL setting: 5
01/12/25 10:54:04 DAGMAN_QUEUE_UPDATE_INTERVAL setting: 300
01/12/25 10:54:04 DAGMAN_DEFAULT_PRIORITY setting: 0
01/12/25 10:54:04 DAGMAN_SUPPRESS_NOTIFICATION setting: False
01/12/25 10:54:04 allow_events (DAGMAN_ALLOW_EVENTS) setting: 114
01/12/25 10:54:04 DAGMAN_RETRY_SUBMIT_FIRST setting: True
01/12/25 10:54:04 DAGMAN_RETRY_NODE_FIRST setting: False
01/12/25 10:54:04 DAGMAN_MAX_JOBS_IDLE setting: 1000
01/12/25 10:54:04 DAGMAN_MAX_JOBS_SUBMITTED setting: 0
01/12/25 10:54:04 DAGMAN_MAX_PRE_SCRIPTS setting: 20
01/12/25 10:54:04 DAGMAN_MAX_POST_SCRIPTS setting: 20
01/12/25 10:54:04 DAGMAN_MAX_HOLD_SCRIPTS setting: 20
01/12/25 10:54:04 DAGMAN_MUNGE_NODE_NAMES setting: True
01/12/25 10:54:04 DAGMAN_PROHIBIT_MULTI_JOBS setting: False
01/12/25 10:54:04 DAGMAN_SUBMIT_DEPTH_FIRST setting: False
01/12/25 10:54:04 DAGMAN_ALWAYS_RUN_POST setting: False
01/12/25 10:54:04 DAGMAN_CONDOR_SUBMIT_EXE setting: /usr/bin/condor_submit
01/12/25 10:54:04 DAGMAN_CONDOR_RM_EXE setting: /usr/bin/condor_rm
01/12/25 10:54:04 DAGMAN_USE_DIRECT_SUBMIT setting: True
01/12/25 10:54:04 DAGMAN_PRODUCE_JOB_CREDENTIALS setting: True
01/12/25 10:54:04 DAGMAN_DEFAULT_APPEND_VARS setting: False
01/12/25 10:54:04 DAGMAN_INHERIT_ATTRS_PREFIX setting: 
01/12/25 10:54:04 DAGMAN_INHERIT_ATTRS setting: 
01/12/25 10:54:04 DAGMAN_ABORT_DUPLICATES setting: True
01/12/25 10:54:04 DAGMAN_ABORT_ON_SCARY_SUBMIT setting: True
01/12/25 10:54:04 DAGMAN_PENDING_REPORT_INTERVAL setting: 600
01/12/25 10:54:04 DAGMAN_CHECK_QUEUE_INTERVAL setting: 28800
01/12/25 10:54:04 DAGMAN_AUTO_RESCUE setting: True
01/12/25 10:54:04 DAGMAN_MAX_RESCUE_NUM setting: 100
01/12/25 10:54:05 DAGMAN_WRITE_PARTIAL_RESCUE setting: True
01/12/25 10:54:05 DAGMAN_DEFAULT_NODE_LOG setting: @(DAG_DIR)/@(DAG_FILE).nodes.log
01/12/25 10:54:05 DAGMAN_GENERATE_SUBDAG_SUBMITS setting: True
01/12/25 10:54:05 DAGMAN_MAX_JOB_HOLDS setting: 100
01/12/25 10:54:05 DAGMAN_HOLD_CLAIM_TIME setting: 20
01/12/25 10:54:05 DAGMAN_SUPPRESS_JOB_LOGS setting: False
01/12/25 10:54:05 DAGMAN_REMOVE_NODE_JOBS setting: True
01/12/25 10:54:05 DAGMAN_REMOVE_JOBS_AFTER_LIMIT_CHANGE setting: False
01/12/25 10:54:05 DAGMAN will adjust edges after parsing
01/12/25 10:54:05 argv[0] == "condor_scheduniv_exec.61.0"
01/12/25 10:54:05 argv[1] == "-Lockfile"
01/12/25 10:54:05 argv[2] == "dagman.dag.lock"
01/12/25 10:54:05 argv[3] == "-Dag"
01/12/25 10:54:05 argv[4] == "dagman.dag"
01/12/25 10:54:05 argv[5] == "-MaxIdle"
01/12/25 10:54:05 argv[6] == "1000"
01/12/25 10:54:05 argv[7] == "-CsdVersion"
01/12/25 10:54:05 argv[8] == "$CondorVersion: 23.10.19 2025-01-03 BuildID: 777890 PackageID: 23.10.19-1+ubu24 GitSHA: 91176a00 $"
01/12/25 10:54:05 argv[9] == "-dagman"
01/12/25 10:54:05 argv[10] == "/usr/bin/condor_dagman"
01/12/25 10:54:05 argv[11] == "-AutoRescue"
01/12/25 10:54:05 argv[12] == "1"
01/12/25 10:54:05 argv[13] == "-DoRescueFrom"
01/12/25 10:54:05 argv[14] == "0"
01/12/25 10:54:05 argv[15] == "-force"
01/12/25 10:54:05 Can't open directory "/etc/condor/passwords.d" as PRIV_ROOT, errno: 13 (Permission denied)
01/12/25 10:54:05 Can't open directory "/etc/condor/passwords.d" as PRIV_ROOT, errno: 13 (Permission denied)
01/12/25 10:54:05 Workflow batch-id: <61.0>
01/12/25 10:54:05 Workflow batch-name: <dagman.dag+61>
01/12/25 10:54:05 Workflow accounting_group: <>
01/12/25 10:54:05 Workflow accounting_group_user: <>
01/12/25 10:54:05 Warning: failed to get attribute DAGNodeName
01/12/25 10:54:05 DAGMAN_LOG_ON_NFS_IS_ERROR setting: False
01/12/25 10:54:05 Default node log file is: </home/ubuntu/wqd7008_group_project/./dagman.dag.nodes.log>
01/12/25 10:54:05 DAG Lockfile will be written to dagman.dag.lock
01/12/25 10:54:05 DAG Input file is dagman.dag
01/12/25 10:54:05 Parsing 1 dagfiles
01/12/25 10:54:05 Parsing dagman.dag ...
01/12/25 10:54:05 Adjusting edges
01/12/25 10:54:05 Dag contains 2 total nodes
01/12/25 10:54:05 Lock file dagman.dag.lock detected,
01/12/25 10:54:05 Duplicate DAGMan PID 2081 is no longer alive; this DAGMan should continue.
01/12/25 10:54:05 Bootstrapping...
01/12/25 10:54:05 Number of pre-completed nodes: 0
01/12/25 10:54:05 Running in RECOVERY mode... >>>>>>>>>>>>>>>>>>>>>>>>>>>>>>
01/12/25 10:54:05 Currently monitoring 1 HTCondor log file(s)
01/12/25 10:54:05 Event: ULOG_SUBMIT for HTCondor Node ImportJob (59.0.0) {01/12/25 10:51:21} [recovery mode]
01/12/25 10:54:05 Number of idle job procs: 1
01/12/25 10:54:05 Event: ULOG_SUBMIT for HTCondor Node PreprocessJob (60.0.0) {01/12/25 10:51:21} [recovery mode]
01/12/25 10:54:05 Number of idle job procs: 2
01/12/25 10:54:05 Event: ULOG_JOB_EVICTED for HTCondor Node PreprocessJob (60.0.0) {01/12/25 10:51:40} [recovery mode]
01/12/25 10:54:05 Number of idle job procs: 2
01/12/25 10:54:05 Event: ULOG_JOB_HELD for HTCondor Node PreprocessJob (60.0.0) {01/12/25 10:51:40} [recovery mode]
01/12/25 10:54:05   Hold reason: Transfer input files failure at access point ip-172-31-42-11 while sending files to execution point slot1_2@ip-172-31-17-139.ec2.internal. Details: reading from file /home/ubuntu/wqd7008_group_project/imported_data.pkl: (errno 2) No such file or directory
01/12/25 10:54:05 Number of idle job procs: 2
01/12/25 10:54:05 Event: ULOG_EXECUTE for HTCondor Node ImportJob (59.0.0) {01/12/25 10:51:40} [recovery mode]
01/12/25 10:54:05 Number of idle job procs: 1
01/12/25 10:54:05 Event: ULOG_JOB_TERMINATED for HTCondor Node ImportJob (59.0.0) {01/12/25 10:51:41} [recovery mode]
01/12/25 10:54:05 Number of idle job procs: 1
01/12/25 10:54:05 Node ImportJob job proc (59.0.0) completed successfully.
01/12/25 10:54:05 Node ImportJob job completed
01/12/25 10:54:05     ------------------------------
01/12/25 10:54:05        HTCondor Recovery Complete
01/12/25 10:54:05     ------------------------------
01/12/25 10:54:05 ...done with RECOVERY mode <<<<<<<<<<<<<<<<<<<<<<<<<<<<<<
01/12/25 10:54:05 1 nodes claim to have jobs submitted to queue. Verifying...
01/12/25 10:54:05 Querying local schedd for associated jobs in queue
01/12/25 10:54:05 ERROR: DAGMan lost track of node PreprocessJob (ClusterId=60). Please resubmit DAG from produced rescue file.
01/12/25 10:54:05 Aborting DAG...
01/12/25 10:54:05 Writing Rescue DAG to dagman.dag.rescue001...
01/12/25 10:54:05 Removing submitted jobs...
01/12/25 10:54:05 Removing any/all submitted HTCondor jobs...
01/12/25 10:54:05 Running: /usr/bin/condor_rm -const DAGManJobId==61 -reason DAG' 'Abort:' 'DAG' 'is' 'exiting' 'and' 'writing' 'rescue' 'file.
01/12/25 10:54:05 Note: 0 total node deferrals because of -MaxJobs limit (0)
01/12/25 10:54:05 Note: 0 total node deferrals because of -MaxIdle limit (1000)
01/12/25 10:54:05 Note: 0 total node deferrals because of node category throttles
01/12/25 10:54:05 Note: 0 total PRE script deferrals because of -MaxPre limit (20) or DEFER
01/12/25 10:54:05 Note: 0 total POST script deferrals because of -MaxPost limit (20) or DEFER
01/12/25 10:54:05 Note: 0 total HOLD script deferrals because of -MaxHold limit (20) or DEFER
01/12/25 10:54:05 DAG status: 1 (DAG_STATUS_ERROR)
01/12/25 10:54:05 Of 2 nodes total:
01/12/25 10:54:05  Done     Pre   Queued    Post   Ready   Un-Ready   Failed   Futile
01/12/25 10:54:05   ===     ===      ===     ===     ===        ===      ===      ===
01/12/25 10:54:05     1       0        1       0       0          0        0        0
01/12/25 10:54:05 1 job proc(s) currently held
01/12/25 10:54:05 DAGMan Runtime Statistics: [EventCycleTimeCount = 0.0; EventCycleTimeSum = 0.0; LogProcessCycleTimeCount = 0.0; LogProcessCycleTimeSum = 0.0; SleepCycleTimeCount = 0.0; SleepCycleTimeSum = 0.0; SubmitCycleTimeCount = 0.0; SubmitCycleTimeSum = 0.0; ]
01/12/25 10:54:05 Wrote metrics file dagman.dag.metrics.
01/12/25 10:54:05 DAGMan Runtime Statistics: [EventCycleTimeCount = 0.0; EventCycleTimeSum = 0.0; LogProcessCycleTimeCount = 0.0; LogProcessCycleTimeSum = 0.0; SleepCycleTimeCount = 0.0; SleepCycleTimeSum = 0.0; SubmitCycleTimeCount = 0.0; SubmitCycleTimeSum = 0.0; ]
01/12/25 10:54:05 **** condor_scheduniv_exec.61.0 (condor_DAGMAN) pid 2100 EXITING WITH STATUS 1
01/12/25 11:01:42 601 seconds since last log event
01/12/25 11:01:42 Pending DAG nodes:
01/12/25 11:01:42   Node PreprocessJob, HTCondor ID 60, status STATUS_SUBMITTED
01/12/25 11:11:42 1201 seconds since last log event
01/12/25 11:11:42 Pending DAG nodes:
01/12/25 11:11:42   Node PreprocessJob, HTCondor ID 60, status STATUS_SUBMITTED
01/12/25 11:11:51 ******************************************************
01/12/25 11:11:51 ** condor_scheduniv_exec.62.0 (CONDOR_DAGMAN) STARTING UP
01/12/25 11:11:51 ** /usr/bin/condor_dagman
01/12/25 11:11:51 ** SubsystemInfo: name=DAGMAN type=DAGMAN(9) class=CLIENT(2)
01/12/25 11:11:51 ** Configuration: subsystem:DAGMAN local:<NONE> class:CLIENT
01/12/25 11:11:51 ** $CondorVersion: 23.10.19 2025-01-03 BuildID: 777890 PackageID: 23.10.19-1+ubu24 GitSHA: 91176a00 $
01/12/25 11:11:51 ** $CondorPlatform: X86_64-Ubuntu_24.04 $
01/12/25 11:11:51 ** PID = 2160 RealUID = 1000
01/12/25 11:11:51 ** Log last touched 1/12 11:11:42
01/12/25 11:11:51 ******************************************************
01/12/25 11:11:51 Using config source: /etc/condor/condor_config
01/12/25 11:11:51 Using local config sources: 
01/12/25 11:11:51    /etc/condor/config.d/00-security
01/12/25 11:11:51    /etc/condor/config.d/01-submit.config
01/12/25 11:11:51    /etc/condor/config.d/10-stash-plugin.conf
01/12/25 11:11:51    /etc/condor/condor_config.local
01/12/25 11:11:51 config Macros = 75, Sorted = 75, StringBytes = 2325, TablesBytes = 2764
01/12/25 11:11:51 CLASSAD_CACHING is ENABLED
01/12/25 11:11:51 Daemon Log is logging: D_ALWAYS D_ERROR D_STATUS
01/12/25 11:11:51 DaemonCore: No command port requested.
01/12/25 11:11:51 DAGMAN_USE_STRICT setting: 1
01/12/25 11:11:51 DAGMAN_VERBOSITY setting: 3
01/12/25 11:11:51 DAGMAN_DEBUG_CACHE_SIZE setting: 5242880
01/12/25 11:11:51 DAGMAN_DEBUG_CACHE_ENABLE setting: False
01/12/25 11:11:51 DAGMAN_SUBMIT_DELAY setting: 0
01/12/25 11:11:51 DAGMAN_MAX_SUBMIT_ATTEMPTS setting: 6
01/12/25 11:11:51 DAGMAN_STARTUP_CYCLE_DETECT setting: False
01/12/25 11:11:51 DAGMAN_MAX_SUBMITS_PER_INTERVAL setting: 100
01/12/25 11:11:51 DAGMAN_AGGRESSIVE_SUBMIT setting: False
01/12/25 11:11:51 DAGMAN_USER_LOG_SCAN_INTERVAL setting: 5
01/12/25 11:11:51 DAGMAN_QUEUE_UPDATE_INTERVAL setting: 300
01/12/25 11:11:51 DAGMAN_DEFAULT_PRIORITY setting: 0
01/12/25 11:11:51 DAGMAN_SUPPRESS_NOTIFICATION setting: False
01/12/25 11:11:51 allow_events (DAGMAN_ALLOW_EVENTS) setting: 114
01/12/25 11:11:51 DAGMAN_RETRY_SUBMIT_FIRST setting: True
01/12/25 11:11:51 DAGMAN_RETRY_NODE_FIRST setting: False
01/12/25 11:11:51 DAGMAN_MAX_JOBS_IDLE setting: 1000
01/12/25 11:11:51 DAGMAN_MAX_JOBS_SUBMITTED setting: 0
01/12/25 11:11:51 DAGMAN_MAX_PRE_SCRIPTS setting: 20
01/12/25 11:11:51 DAGMAN_MAX_POST_SCRIPTS setting: 20
01/12/25 11:11:51 DAGMAN_MAX_HOLD_SCRIPTS setting: 20
01/12/25 11:11:51 DAGMAN_MUNGE_NODE_NAMES setting: True
01/12/25 11:11:51 DAGMAN_PROHIBIT_MULTI_JOBS setting: False
01/12/25 11:11:51 DAGMAN_SUBMIT_DEPTH_FIRST setting: False
01/12/25 11:11:51 DAGMAN_ALWAYS_RUN_POST setting: False
01/12/25 11:11:51 DAGMAN_CONDOR_SUBMIT_EXE setting: /usr/bin/condor_submit
01/12/25 11:11:51 DAGMAN_CONDOR_RM_EXE setting: /usr/bin/condor_rm
01/12/25 11:11:51 DAGMAN_USE_DIRECT_SUBMIT setting: True
01/12/25 11:11:51 DAGMAN_PRODUCE_JOB_CREDENTIALS setting: True
01/12/25 11:11:51 DAGMAN_DEFAULT_APPEND_VARS setting: False
01/12/25 11:11:51 DAGMAN_INHERIT_ATTRS_PREFIX setting: 
01/12/25 11:11:51 DAGMAN_INHERIT_ATTRS setting: 
01/12/25 11:11:51 DAGMAN_ABORT_DUPLICATES setting: True
01/12/25 11:11:51 DAGMAN_ABORT_ON_SCARY_SUBMIT setting: True
01/12/25 11:11:51 DAGMAN_PENDING_REPORT_INTERVAL setting: 600
01/12/25 11:11:51 DAGMAN_CHECK_QUEUE_INTERVAL setting: 28800
01/12/25 11:11:51 DAGMAN_AUTO_RESCUE setting: True
01/12/25 11:11:51 DAGMAN_MAX_RESCUE_NUM setting: 100
01/12/25 11:11:51 DAGMAN_WRITE_PARTIAL_RESCUE setting: True
01/12/25 11:11:51 DAGMAN_DEFAULT_NODE_LOG setting: @(DAG_DIR)/@(DAG_FILE).nodes.log
01/12/25 11:11:51 DAGMAN_GENERATE_SUBDAG_SUBMITS setting: True
01/12/25 11:11:51 DAGMAN_MAX_JOB_HOLDS setting: 100
01/12/25 11:11:51 DAGMAN_HOLD_CLAIM_TIME setting: 20
01/12/25 11:11:51 DAGMAN_SUPPRESS_JOB_LOGS setting: False
01/12/25 11:11:51 DAGMAN_REMOVE_NODE_JOBS setting: True
01/12/25 11:11:51 DAGMAN_REMOVE_JOBS_AFTER_LIMIT_CHANGE setting: False
01/12/25 11:11:51 DAGMAN will adjust edges after parsing
01/12/25 11:11:51 argv[0] == "condor_scheduniv_exec.62.0"
01/12/25 11:11:51 argv[1] == "-Lockfile"
01/12/25 11:11:51 argv[2] == "dagman.dag.lock"
01/12/25 11:11:51 argv[3] == "-Dag"
01/12/25 11:11:51 argv[4] == "dagman.dag"
01/12/25 11:11:51 argv[5] == "-MaxIdle"
01/12/25 11:11:51 argv[6] == "1000"
01/12/25 11:11:51 argv[7] == "-CsdVersion"
01/12/25 11:11:51 argv[8] == "$CondorVersion: 23.10.19 2025-01-03 BuildID: 777890 PackageID: 23.10.19-1+ubu24 GitSHA: 91176a00 $"
01/12/25 11:11:51 argv[9] == "-dagman"
01/12/25 11:11:51 argv[10] == "/usr/bin/condor_dagman"
01/12/25 11:11:51 argv[11] == "-AutoRescue"
01/12/25 11:11:51 argv[12] == "1"
01/12/25 11:11:52 argv[13] == "-DoRescueFrom"
01/12/25 11:11:52 argv[14] == "0"
01/12/25 11:11:52 argv[15] == "-force"
01/12/25 11:11:52 Can't open directory "/etc/condor/passwords.d" as PRIV_ROOT, errno: 13 (Permission denied)
01/12/25 11:11:52 Can't open directory "/etc/condor/passwords.d" as PRIV_ROOT, errno: 13 (Permission denied)
01/12/25 11:11:52 Workflow batch-id: <62.0>
01/12/25 11:11:52 Workflow batch-name: <dagman.dag+62>
01/12/25 11:11:52 Workflow accounting_group: <>
01/12/25 11:11:52 Workflow accounting_group_user: <>
01/12/25 11:11:52 Warning: failed to get attribute DAGNodeName
01/12/25 11:11:52 DAGMAN_LOG_ON_NFS_IS_ERROR setting: False
01/12/25 11:11:52 Default node log file is: </home/ubuntu/wqd7008_group_project/./dagman.dag.nodes.log>
01/12/25 11:11:52 DAG Lockfile will be written to dagman.dag.lock
01/12/25 11:11:52 DAG Input file is dagman.dag
01/12/25 11:11:52 Parsing 1 dagfiles
01/12/25 11:11:52 Parsing dagman.dag ...
01/12/25 11:11:52 Adjusting edges
01/12/25 11:11:52 Dag contains 2 total nodes
01/12/25 11:11:52 Bootstrapping...
01/12/25 11:11:52 Number of pre-completed nodes: 0
01/12/25 11:11:52 MultiLogFiles: truncating log file /home/ubuntu/wqd7008_group_project/./dagman.dag.nodes.log
01/12/25 11:11:52 DAG status: 0 (DAG_STATUS_OK)
01/12/25 11:11:52 Of 2 nodes total:
01/12/25 11:11:52  Done     Pre   Queued    Post   Ready   Un-Ready   Failed   Futile
01/12/25 11:11:52   ===     ===      ===     ===     ===        ===      ===      ===
01/12/25 11:11:52     0       0        0       0       2          0        0        0
01/12/25 11:11:52 0 job proc(s) currently held
01/12/25 11:11:52 DAGMan Runtime Statistics: [EventCycleTimeCount = 0.0; EventCycleTimeSum = 0.0; LogProcessCycleTimeCount = 0.0; LogProcessCycleTimeSum = 0.0; SleepCycleTimeCount = 0.0; SleepCycleTimeSum = 0.0; SubmitCycleTimeCount = 0.0; SubmitCycleTimeSum = 0.0; ]
01/12/25 11:11:52 Registering condor_event_timer...
01/12/25 11:11:52 ERROR: log file /home/ubuntu/wqd7008_group_project/./dagman.dag.nodes.log has shrunk, probably due to being overwritten. Aborting.
01/12/25 11:11:52 MultiLogFiles: detected error, cleaning up all log monitors
01/12/25 11:11:52 DAGMan exiting due to error in log file
01/12/25 11:11:52 DAG status: 1 (DAG_STATUS_ERROR)
01/12/25 11:11:52 Of 2 nodes total:
01/12/25 11:11:52  Done     Pre   Queued    Post   Ready   Un-Ready   Failed   Futile
01/12/25 11:11:52   ===     ===      ===     ===     ===        ===      ===      ===
01/12/25 11:11:53     1       0        1       0       0          0        0        0
01/12/25 11:11:53 1 job proc(s) currently held
01/12/25 11:11:53 DAGMan Runtime Statistics: [EventCycleTimeAvg = 0.001436024177365187; EventCycleTimeCount = 246.0; EventCycleTimeMax = 0.1349039077758789; EventCycleTimeMin = 2.312660217285156E-05; EventCycleTimeStd = 0.01060168061937486; EventCycleTimeSum = 0.3532619476318359; LogProcessCycleTimeAvg = 0.04982614517211914; LogProcessCycleTimeCount = 2.0; LogProcessCycleTimeMax = 0.05438518524169922; LogProcessCycleTimeMin = 0.04526710510253906; LogProcessCycleTimeStd = 0.006447456297802526; LogProcessCycleTimeSum = 0.09965229034423828; SleepCycleTimeAvg = 5.00538083402122; SleepCycleTimeCount = 246.0; SleepCycleTimeMax = 5.010339021682739; SleepCycleTimeMin = 5.000224113464355; SleepCycleTimeStd = 0.001359506390605793; SleepCycleTimeSum = 1231.32368516922; SubmitCycleTimeAvg = 0.0003575542108799384; SubmitCycleTimeCount = 246.0; SubmitCycleTimeMax = 0.08715510368347168; SubmitCycleTimeMin = 1.9073486328125E-06; SubmitCycleTimeStd = 0.00555659750149278; SubmitCycleTimeSum = 0.08795833587646484; ]
01/12/25 11:11:53 Wrote metrics file dagman.dag.metrics.
01/12/25 11:11:53 **** condor_scheduniv_exec.58.0 (condor_DAGMAN) pid 2081 EXITING WITH STATUS 2
01/12/25 11:11:53 Submitting HTCondor Node ImportJob job(s)...
01/12/25 11:11:53 Submitting node ImportJob from file import.sub using direct job submission
01/12/25 11:11:53 	assigned HTCondor ID (63.0.0)
01/12/25 11:11:53 Submitting HTCondor Node PreprocessJob job(s)...
01/12/25 11:11:53 Submitting node PreprocessJob from file preprocess.sub using direct job submission
01/12/25 11:11:53 	assigned HTCondor ID (64.0.0)
01/12/25 11:11:53 Just submitted 2 jobs this cycle...
01/12/25 11:11:53 Currently monitoring 1 HTCondor log file(s)
01/12/25 11:11:53 ERROR: node for condor ID 60.0.0 not found! (might be because of node retries)
01/12/25 11:11:53 Event: ULOG_JOB_ABORTED for unknown Node (60.0.0) {01/12/25 11:11:53}: ignoring...
01/12/25 11:11:53 Reassigning the id of job ImportJob from (63.0.0) to (63.0.0)
01/12/25 11:11:53 Event: ULOG_SUBMIT for HTCondor Node ImportJob (63.0.0) {01/12/25 11:11:53}
01/12/25 11:11:53 Number of idle job procs: 1
01/12/25 11:11:53 Reassigning the id of job PreprocessJob from (64.0.0) to (64.0.0)
01/12/25 11:11:53 Event: ULOG_SUBMIT for HTCondor Node PreprocessJob (64.0.0) {01/12/25 11:11:53}
01/12/25 11:11:53 Number of idle job procs: 2
01/12/25 11:11:53 DAG status: 0 (DAG_STATUS_OK)
01/12/25 11:11:53 Of 2 nodes total:
01/12/25 11:11:53  Done     Pre   Queued    Post   Ready   Un-Ready   Failed   Futile
01/12/25 11:11:53   ===     ===      ===     ===     ===        ===      ===      ===
01/12/25 11:11:53     0       0        2       0       0          0        0        0
01/12/25 11:11:53 0 job proc(s) currently held
01/12/25 11:11:53 DAGMan Runtime Statistics: [EventCycleTimeCount = 0.0; EventCycleTimeSum = 0.0; LogProcessCycleTimeAvg = 0.06015706062316895; LogProcessCycleTimeCount = 1.0; LogProcessCycleTimeMax = 0.06015706062316895; LogProcessCycleTimeMin = 0.06015706062316895; LogProcessCycleTimeStd = 0.06015706062316895; LogProcessCycleTimeSum = 0.06015706062316895; SleepCycleTimeCount = 0.0; SleepCycleTimeSum = 0.0; SubmitCycleTimeAvg = 0.07673406600952148; SubmitCycleTimeCount = 1.0; SubmitCycleTimeMax = 0.07673406600952148; SubmitCycleTimeMin = 0.07673406600952148; SubmitCycleTimeStd = 0.07673406600952148; SubmitCycleTimeSum = 0.07673406600952148; ]
01/12/25 11:11:58 Currently monitoring 1 HTCondor log file(s)
01/12/25 11:12:13 Currently monitoring 1 HTCondor log file(s)
01/12/25 11:12:13 Event: ULOG_EXECUTE for HTCondor Node PreprocessJob (64.0.0) {01/12/25 11:12:12}
01/12/25 11:12:13 Number of idle job procs: 1
01/12/25 11:12:13 Event: ULOG_EXECUTE for HTCondor Node ImportJob (63.0.0) {01/12/25 11:12:12}
01/12/25 11:12:13 Number of idle job procs: 0
01/12/25 11:12:13 Event: ULOG_JOB_TERMINATED for HTCondor Node ImportJob (63.0.0) {01/12/25 11:12:13}
01/12/25 11:12:13 Number of idle job procs: 0
01/12/25 11:12:13 Node ImportJob job proc (63.0.0) completed successfully.
01/12/25 11:12:13 Node ImportJob job completed
01/12/25 11:12:13 DAG status: 0 (DAG_STATUS_OK)
01/12/25 11:12:13 Of 2 nodes total:
01/12/25 11:12:13  Done     Pre   Queued    Post   Ready   Un-Ready   Failed   Futile
01/12/25 11:12:13   ===     ===      ===     ===     ===        ===      ===      ===
01/12/25 11:12:13     1       0        1       0       0          0        0        0
01/12/25 11:12:13 0 job proc(s) currently held
01/12/25 11:12:13 DAGMan Runtime Statistics: [EventCycleTimeAvg = 0.0506168007850647; EventCycleTimeCount = 4.0; EventCycleTimeMax = 0.1966931819915771; EventCycleTimeMin = 3.099441528320312E-05; EventCycleTimeStd = 0.09742102890454683; EventCycleTimeSum = 0.2024672031402588; LogProcessCycleTimeAvg = 0.03619233767191569; LogProcessCycleTimeCount = 3.0; LogProcessCycleTimeMax = 0.06015706062316895; LogProcessCycleTimeMin = 0.005681991577148438; LogProcessCycleTimeStd = 0.02782116413173351; LogProcessCycleTimeSum = 0.1085770130157471; SleepCycleTimeAvg = 5.005159735679626; SleepCycleTimeCount = 4.0; SleepCycleTimeMax = 5.005271911621094; SleepCycleTimeMin = 5.005094051361084; SleepCycleTimeStd = 8.411424140163982E-05; SleepCycleTimeSum = 20.02063894271851; SubmitCycleTimeAvg = 0.0153496265411377; SubmitCycleTimeCount = 5.0; SubmitCycleTimeMax = 0.07673406600952148; SubmitCycleTimeMin = 2.86102294921875E-06; SubmitCycleTimeStd = 0.0343149448573034; SubmitCycleTimeSum = 0.07674813270568848; ]
01/12/25 11:12:18 Currently monitoring 1 HTCondor log file(s)
01/12/25 11:12:18 Event: ULOG_JOB_TERMINATED for HTCondor Node PreprocessJob (64.0.0) {01/12/25 11:12:15}
01/12/25 11:12:18 Number of idle job procs: 0
01/12/25 11:12:18 Node PreprocessJob job proc (64.0.0) failed with status 1.
01/12/25 11:12:18 DAG status: 2 (DAG_STATUS_NODE_FAILED)
01/12/25 11:12:18 Of 2 nodes total:
01/12/25 11:12:18  Done     Pre   Queued    Post   Ready   Un-Ready   Failed   Futile
01/12/25 11:12:18   ===     ===      ===     ===     ===        ===      ===      ===
01/12/25 11:12:18     1       0        0       0       0          0        1        0
01/12/25 11:12:18 0 job proc(s) currently held
01/12/25 11:12:18 DAGMan Runtime Statistics: [EventCycleTimeAvg = 0.05727982521057129; EventCycleTimeCount = 5.0; EventCycleTimeMax = 0.1966931819915771; EventCycleTimeMin = 3.099441528320312E-05; EventCycleTimeStd = 0.08567451270412864; EventCycleTimeSum = 0.2863991260528564; LogProcessCycleTimeAvg = 0.03453999757766724; LogProcessCycleTimeCount = 4.0; LogProcessCycleTimeMax = 0.06015706062316895; LogProcessCycleTimeMin = 0.005681991577148438; LogProcessCycleTimeStd = 0.02295500730221653; LogProcessCycleTimeSum = 0.1381599903106689; SleepCycleTimeAvg = 5.005253410339355; SleepCycleTimeCount = 5.0; SleepCycleTimeMax = 5.005628108978271; SleepCycleTimeMin = 5.005094051361084; SleepCycleTimeStd = 0.0002217681543689176; SleepCycleTimeSum = 25.02626705169678; SubmitCycleTimeAvg = 0.01279187202453613; SubmitCycleTimeCount = 6.0; SubmitCycleTimeMax = 0.07673406600952148; SubmitCycleTimeMin = 2.86102294921875E-06; SubmitCycleTimeStd = 0.0313251496636647; SubmitCycleTimeSum = 0.0767512321472168; ]
01/12/25 11:12:18 ERROR: the following job(s) failed:
01/12/25 11:12:18 ---------------------- Node ----------------------
01/12/25 11:12:18       Node Name: PreprocessJob
01/12/25 11:12:18            Noop: false
01/12/25 11:12:18          NodeID: 1
01/12/25 11:12:18     Node Status: STATUS_ERROR    
01/12/25 11:12:18 Node return val: 1
01/12/25 11:12:18           Error: Job proc (64.0.0) failed with status 1
01/12/25 11:12:18 Job Submit File: preprocess.sub
01/12/25 11:12:18  HTCondor Job ID: (64.0.0)
01/12/25 11:12:18 PARENTS:  WAITING: 0 CHILDREN: 
01/12/25 11:12:18 ---------------------------------------	<END>
01/12/25 11:12:18 Aborting DAG...
01/12/25 11:12:18 Writing Rescue DAG to dagman.dag.rescue001...
01/12/25 11:12:18 Removing submitted jobs...
01/12/25 11:12:18 Removing any/all submitted HTCondor jobs...
01/12/25 11:12:18 Running: /usr/bin/condor_rm -const DAGManJobId==62 -reason DAG' 'Abort:' 'DAG' 'is' 'exiting' 'and' 'writing' 'rescue' 'file.
01/12/25 11:12:18 Note: 0 total node deferrals because of -MaxJobs limit (0)
01/12/25 11:12:18 Note: 0 total node deferrals because of -MaxIdle limit (1000)
01/12/25 11:12:18 Note: 0 total node deferrals because of node category throttles
01/12/25 11:12:18 Note: 0 total PRE script deferrals because of -MaxPre limit (20) or DEFER
01/12/25 11:12:18 Note: 0 total POST script deferrals because of -MaxPost limit (20) or DEFER
01/12/25 11:12:18 Note: 0 total HOLD script deferrals because of -MaxHold limit (20) or DEFER
01/12/25 11:12:18 DAG status: 2 (DAG_STATUS_NODE_FAILED)
01/12/25 11:12:18 Of 2 nodes total:
01/12/25 11:12:18  Done     Pre   Queued    Post   Ready   Un-Ready   Failed   Futile
01/12/25 11:12:18   ===     ===      ===     ===     ===        ===      ===      ===
01/12/25 11:12:18     1       0        0       0       0          0        1        0
01/12/25 11:12:18 0 job proc(s) currently held
01/12/25 11:12:18 DAGMan Runtime Statistics: [EventCycleTimeAvg = 0.05727982521057129; EventCycleTimeCount = 5.0; EventCycleTimeMax = 0.1966931819915771; EventCycleTimeMin = 3.099441528320312E-05; EventCycleTimeStd = 0.08567451270412864; EventCycleTimeSum = 0.2863991260528564; LogProcessCycleTimeAvg = 0.03453999757766724; LogProcessCycleTimeCount = 4.0; LogProcessCycleTimeMax = 0.06015706062316895; LogProcessCycleTimeMin = 0.005681991577148438; LogProcessCycleTimeStd = 0.02295500730221653; LogProcessCycleTimeSum = 0.1381599903106689; SleepCycleTimeAvg = 5.005253410339355; SleepCycleTimeCount = 5.0; SleepCycleTimeMax = 5.005628108978271; SleepCycleTimeMin = 5.005094051361084; SleepCycleTimeStd = 0.0002217681543689176; SleepCycleTimeSum = 25.02626705169678; SubmitCycleTimeAvg = 0.01279187202453613; SubmitCycleTimeCount = 6.0; SubmitCycleTimeMax = 0.07673406600952148; SubmitCycleTimeMin = 2.86102294921875E-06; SubmitCycleTimeStd = 0.0313251496636647; SubmitCycleTimeSum = 0.0767512321472168; ]
01/12/25 11:12:18 Wrote metrics file dagman.dag.metrics.
01/12/25 11:12:18 DAGMan Runtime Statistics: [EventCycleTimeAvg = 0.05727982521057129; EventCycleTimeCount = 5.0; EventCycleTimeMax = 0.1966931819915771; EventCycleTimeMin = 3.099441528320312E-05; EventCycleTimeStd = 0.08567451270412864; EventCycleTimeSum = 0.2863991260528564; LogProcessCycleTimeAvg = 0.03453999757766724; LogProcessCycleTimeCount = 4.0; LogProcessCycleTimeMax = 0.06015706062316895; LogProcessCycleTimeMin = 0.005681991577148438; LogProcessCycleTimeStd = 0.02295500730221653; LogProcessCycleTimeSum = 0.1381599903106689; SleepCycleTimeAvg = 5.005253410339355; SleepCycleTimeCount = 5.0; SleepCycleTimeMax = 5.005628108978271; SleepCycleTimeMin = 5.005094051361084; SleepCycleTimeStd = 0.0002217681543689176; SleepCycleTimeSum = 25.02626705169678; SubmitCycleTimeAvg = 0.01279187202453613; SubmitCycleTimeCount = 6.0; SubmitCycleTimeMax = 0.07673406600952148; SubmitCycleTimeMin = 2.86102294921875E-06; SubmitCycleTimeStd = 0.0313251496636647; SubmitCycleTimeSum = 0.0767512321472168; ]
01/12/25 11:12:18 **** condor_scheduniv_exec.62.0 (condor_DAGMAN) pid 2160 EXITING WITH STATUS 1
01/12/25 11:19:43 ******************************************************
01/12/25 11:19:43 ** condor_scheduniv_exec.65.0 (CONDOR_DAGMAN) STARTING UP
01/12/25 11:19:43 ** /usr/bin/condor_dagman
01/12/25 11:19:43 ** SubsystemInfo: name=DAGMAN type=DAGMAN(9) class=CLIENT(2)
01/12/25 11:19:43 ** Configuration: subsystem:DAGMAN local:<NONE> class:CLIENT
01/12/25 11:19:43 ** $CondorVersion: 23.10.19 2025-01-03 BuildID: 777890 PackageID: 23.10.19-1+ubu24 GitSHA: 91176a00 $
01/12/25 11:19:43 ** $CondorPlatform: X86_64-Ubuntu_24.04 $
01/12/25 11:19:43 ** PID = 2210 RealUID = 1000
01/12/25 11:19:43 ** Log last touched 1/12 11:12:18
01/12/25 11:19:43 ******************************************************
01/12/25 11:19:43 Using config source: /etc/condor/condor_config
01/12/25 11:19:43 Using local config sources: 
01/12/25 11:19:43    /etc/condor/config.d/00-security
01/12/25 11:19:43    /etc/condor/config.d/01-submit.config
01/12/25 11:19:43    /etc/condor/config.d/10-stash-plugin.conf
01/12/25 11:19:43    /etc/condor/condor_config.local
01/12/25 11:19:43 config Macros = 75, Sorted = 75, StringBytes = 2325, TablesBytes = 2764
01/12/25 11:19:43 CLASSAD_CACHING is ENABLED
01/12/25 11:19:43 Daemon Log is logging: D_ALWAYS D_ERROR D_STATUS
01/12/25 11:19:43 DaemonCore: No command port requested.
01/12/25 11:19:43 DAGMAN_USE_STRICT setting: 1
01/12/25 11:19:43 DAGMAN_VERBOSITY setting: 3
01/12/25 11:19:43 DAGMAN_DEBUG_CACHE_SIZE setting: 5242880
01/12/25 11:19:43 DAGMAN_DEBUG_CACHE_ENABLE setting: False
01/12/25 11:19:43 DAGMAN_SUBMIT_DELAY setting: 0
01/12/25 11:19:43 DAGMAN_MAX_SUBMIT_ATTEMPTS setting: 6
01/12/25 11:19:43 DAGMAN_STARTUP_CYCLE_DETECT setting: False
01/12/25 11:19:43 DAGMAN_MAX_SUBMITS_PER_INTERVAL setting: 100
01/12/25 11:19:43 DAGMAN_AGGRESSIVE_SUBMIT setting: False
01/12/25 11:19:43 DAGMAN_USER_LOG_SCAN_INTERVAL setting: 5
01/12/25 11:19:43 DAGMAN_QUEUE_UPDATE_INTERVAL setting: 300
01/12/25 11:19:43 DAGMAN_DEFAULT_PRIORITY setting: 0
01/12/25 11:19:43 DAGMAN_SUPPRESS_NOTIFICATION setting: False
01/12/25 11:19:43 allow_events (DAGMAN_ALLOW_EVENTS) setting: 114
01/12/25 11:19:44 DAGMAN_RETRY_SUBMIT_FIRST setting: True
01/12/25 11:19:44 DAGMAN_RETRY_NODE_FIRST setting: False
01/12/25 11:19:44 DAGMAN_MAX_JOBS_IDLE setting: 1000
01/12/25 11:19:44 DAGMAN_MAX_JOBS_SUBMITTED setting: 0
01/12/25 11:19:44 DAGMAN_MAX_PRE_SCRIPTS setting: 20
01/12/25 11:19:44 DAGMAN_MAX_POST_SCRIPTS setting: 20
01/12/25 11:19:44 DAGMAN_MAX_HOLD_SCRIPTS setting: 20
01/12/25 11:19:44 DAGMAN_MUNGE_NODE_NAMES setting: True
01/12/25 11:19:44 DAGMAN_PROHIBIT_MULTI_JOBS setting: False
01/12/25 11:19:44 DAGMAN_SUBMIT_DEPTH_FIRST setting: False
01/12/25 11:19:44 DAGMAN_ALWAYS_RUN_POST setting: False
01/12/25 11:19:44 DAGMAN_CONDOR_SUBMIT_EXE setting: /usr/bin/condor_submit
01/12/25 11:19:44 DAGMAN_CONDOR_RM_EXE setting: /usr/bin/condor_rm
01/12/25 11:19:44 DAGMAN_USE_DIRECT_SUBMIT setting: True
01/12/25 11:19:44 DAGMAN_PRODUCE_JOB_CREDENTIALS setting: True
01/12/25 11:19:44 DAGMAN_DEFAULT_APPEND_VARS setting: False
01/12/25 11:19:44 DAGMAN_INHERIT_ATTRS_PREFIX setting: 
01/12/25 11:19:44 DAGMAN_INHERIT_ATTRS setting: 
01/12/25 11:19:44 DAGMAN_ABORT_DUPLICATES setting: True
01/12/25 11:19:44 DAGMAN_ABORT_ON_SCARY_SUBMIT setting: True
01/12/25 11:19:44 DAGMAN_PENDING_REPORT_INTERVAL setting: 600
01/12/25 11:19:44 DAGMAN_CHECK_QUEUE_INTERVAL setting: 28800
01/12/25 11:19:44 DAGMAN_AUTO_RESCUE setting: True
01/12/25 11:19:44 DAGMAN_MAX_RESCUE_NUM setting: 100
01/12/25 11:19:44 DAGMAN_WRITE_PARTIAL_RESCUE setting: True
01/12/25 11:19:44 DAGMAN_DEFAULT_NODE_LOG setting: @(DAG_DIR)/@(DAG_FILE).nodes.log
01/12/25 11:19:44 DAGMAN_GENERATE_SUBDAG_SUBMITS setting: True
01/12/25 11:19:44 DAGMAN_MAX_JOB_HOLDS setting: 100
01/12/25 11:19:44 DAGMAN_HOLD_CLAIM_TIME setting: 20
01/12/25 11:19:44 DAGMAN_SUPPRESS_JOB_LOGS setting: False
01/12/25 11:19:44 DAGMAN_REMOVE_NODE_JOBS setting: True
01/12/25 11:19:44 DAGMAN_REMOVE_JOBS_AFTER_LIMIT_CHANGE setting: False
01/12/25 11:19:44 DAGMAN will adjust edges after parsing
01/12/25 11:19:44 argv[0] == "condor_scheduniv_exec.65.0"
01/12/25 11:19:44 argv[1] == "-Lockfile"
01/12/25 11:19:44 argv[2] == "dagman.dag.lock"
01/12/25 11:19:44 argv[3] == "-Dag"
01/12/25 11:19:44 argv[4] == "dagman.dag"
01/12/25 11:19:44 argv[5] == "-MaxIdle"
01/12/25 11:19:44 argv[6] == "1000"
01/12/25 11:19:44 argv[7] == "-CsdVersion"
01/12/25 11:19:44 argv[8] == "$CondorVersion: 23.10.19 2025-01-03 BuildID: 777890 PackageID: 23.10.19-1+ubu24 GitSHA: 91176a00 $"
01/12/25 11:19:44 argv[9] == "-dagman"
01/12/25 11:19:44 argv[10] == "/usr/bin/condor_dagman"
01/12/25 11:19:44 argv[11] == "-AutoRescue"
01/12/25 11:19:44 argv[12] == "1"
01/12/25 11:19:44 argv[13] == "-DoRescueFrom"
01/12/25 11:19:44 argv[14] == "0"
01/12/25 11:19:44 argv[15] == "-force"
01/12/25 11:19:44 Can't open directory "/etc/condor/passwords.d" as PRIV_ROOT, errno: 13 (Permission denied)
01/12/25 11:19:44 Can't open directory "/etc/condor/passwords.d" as PRIV_ROOT, errno: 13 (Permission denied)
01/12/25 11:19:44 Workflow batch-id: <65.0>
01/12/25 11:19:44 Workflow batch-name: <dagman.dag+65>
01/12/25 11:19:44 Workflow accounting_group: <>
01/12/25 11:19:44 Workflow accounting_group_user: <>
01/12/25 11:19:44 Warning: failed to get attribute DAGNodeName
01/12/25 11:19:44 DAGMAN_LOG_ON_NFS_IS_ERROR setting: False
01/12/25 11:19:44 Default node log file is: </home/ubuntu/wqd7008_group_project/./dagman.dag.nodes.log>
01/12/25 11:19:44 DAG Lockfile will be written to dagman.dag.lock
01/12/25 11:19:44 DAG Input file is dagman.dag
01/12/25 11:19:44 Parsing 1 dagfiles
01/12/25 11:19:44 Parsing dagman.dag ...
01/12/25 11:19:44 Adjusting edges
01/12/25 11:19:44 Dag contains 2 total nodes
01/12/25 11:19:44 Bootstrapping...
01/12/25 11:19:44 Number of pre-completed nodes: 0
01/12/25 11:19:44 MultiLogFiles: truncating log file /home/ubuntu/wqd7008_group_project/./dagman.dag.nodes.log
01/12/25 11:19:44 DAG status: 0 (DAG_STATUS_OK)
01/12/25 11:19:44 Of 2 nodes total:
01/12/25 11:19:44  Done     Pre   Queued    Post   Ready   Un-Ready   Failed   Futile
01/12/25 11:19:44   ===     ===      ===     ===     ===        ===      ===      ===
01/12/25 11:19:44     0       0        0       0       2          0        0        0
01/12/25 11:19:44 0 job proc(s) currently held
01/12/25 11:19:44 DAGMan Runtime Statistics: [EventCycleTimeCount = 0.0; EventCycleTimeSum = 0.0; LogProcessCycleTimeCount = 0.0; LogProcessCycleTimeSum = 0.0; SleepCycleTimeCount = 0.0; SleepCycleTimeSum = 0.0; SubmitCycleTimeCount = 0.0; SubmitCycleTimeSum = 0.0; ]
01/12/25 11:19:44 Registering condor_event_timer...
01/12/25 11:19:45 Submitting HTCondor Node ImportJob job(s)...
01/12/25 11:19:45 Submitting node ImportJob from file import.sub using direct job submission
01/12/25 11:19:45 	assigned HTCondor ID (66.0.0)
01/12/25 11:19:45 Submitting HTCondor Node PreprocessJob job(s)...
01/12/25 11:19:45 Submitting node PreprocessJob from file preprocess.sub using direct job submission
01/12/25 11:19:45 	assigned HTCondor ID (67.0.0)
01/12/25 11:19:45 Just submitted 2 jobs this cycle...
01/12/25 11:19:45 DAG status: 0 (DAG_STATUS_OK)
01/12/25 11:19:45 Of 2 nodes total:
01/12/25 11:19:45  Done     Pre   Queued    Post   Ready   Un-Ready   Failed   Futile
01/12/25 11:19:45   ===     ===      ===     ===     ===        ===      ===      ===
01/12/25 11:19:45     0       0        2       0       0          0        0        0
01/12/25 11:19:45 0 job proc(s) currently held
01/12/25 11:19:45 DAGMan Runtime Statistics: [EventCycleTimeCount = 0.0; EventCycleTimeSum = 0.0; LogProcessCycleTimeCount = 0.0; LogProcessCycleTimeSum = 0.0; SleepCycleTimeCount = 0.0; SleepCycleTimeSum = 0.0; SubmitCycleTimeAvg = 0.06737613677978516; SubmitCycleTimeCount = 1.0; SubmitCycleTimeMax = 0.06737613677978516; SubmitCycleTimeMin = 0.06737613677978516; SubmitCycleTimeStd = 0.06737613677978516; SubmitCycleTimeSum = 0.06737613677978516; ]
01/12/25 11:19:50 Currently monitoring 1 HTCondor log file(s)
01/12/25 11:19:50 Reassigning the id of job ImportJob from (66.0.0) to (66.0.0)
01/12/25 11:19:50 Event: ULOG_SUBMIT for HTCondor Node ImportJob (66.0.0) {01/12/25 11:19:45}
01/12/25 11:19:50 Number of idle job procs: 1
01/12/25 11:19:50 Reassigning the id of job PreprocessJob from (67.0.0) to (67.0.0)
01/12/25 11:19:50 Event: ULOG_SUBMIT for HTCondor Node PreprocessJob (67.0.0) {01/12/25 11:19:45}
01/12/25 11:19:50 Number of idle job procs: 2
01/12/25 11:20:05 Currently monitoring 1 HTCondor log file(s)
01/12/25 11:20:05 Event: ULOG_EXECUTE for HTCondor Node PreprocessJob (67.0.0) {01/12/25 11:20:04}
01/12/25 11:20:05 Number of idle job procs: 1
01/12/25 11:20:05 Event: ULOG_EXECUTE for HTCondor Node ImportJob (66.0.0) {01/12/25 11:20:04}
01/12/25 11:20:05 Number of idle job procs: 0
01/12/25 11:20:05 Event: ULOG_JOB_TERMINATED for HTCondor Node ImportJob (66.0.0) {01/12/25 11:20:05}
01/12/25 11:20:05 Number of idle job procs: 0
01/12/25 11:20:05 Node ImportJob job proc (66.0.0) completed successfully.
01/12/25 11:20:05 Node ImportJob job completed
01/12/25 11:20:05 DAG status: 0 (DAG_STATUS_OK)
01/12/25 11:20:05 Of 2 nodes total:
01/12/25 11:20:05  Done     Pre   Queued    Post   Ready   Un-Ready   Failed   Futile
01/12/25 11:20:05   ===     ===      ===     ===     ===        ===      ===      ===
01/12/25 11:20:05     1       0        1       0       0          0        0        0
01/12/25 11:20:05 0 job proc(s) currently held
01/12/25 11:20:05 DAGMan Runtime Statistics: [EventCycleTimeAvg = 0.03670769929885864; EventCycleTimeCount = 4.0; EventCycleTimeMax = 0.1158859729766846; EventCycleTimeMin = 2.789497375488281E-05; EventCycleTimeStd = 0.05475320247415401; EventCycleTimeSum = 0.1468307971954346; LogProcessCycleTimeAvg = 0.04083049297332764; LogProcessCycleTimeCount = 2.0; LogProcessCycleTimeMax = 0.05080389976501465; LogProcessCycleTimeMin = 0.03085708618164062; LogProcessCycleTimeStd = 0.01410452714786771; LogProcessCycleTimeSum = 0.08166098594665527; SleepCycleTimeAvg = 5.005253314971924; SleepCycleTimeCount = 4.0; SleepCycleTimeMax = 5.005738019943237; SleepCycleTimeMin = 5.005082130432129; SleepCycleTimeStd = 0.0003232205073053682; SleepCycleTimeSum = 20.0210132598877; SubmitCycleTimeAvg = 0.01347784996032715; SubmitCycleTimeCount = 5.0; SubmitCycleTimeMax = 0.06737613677978516; SubmitCycleTimeMin = 2.86102294921875E-06; SubmitCycleTimeStd = 0.03013005830325068; SubmitCycleTimeSum = 0.06738924980163574; ]
01/12/25 11:20:10 Currently monitoring 1 HTCondor log file(s)
01/12/25 11:20:10 Event: ULOG_JOB_TERMINATED for HTCondor Node PreprocessJob (67.0.0) {01/12/25 11:20:08}
01/12/25 11:20:10 Number of idle job procs: 0
01/12/25 11:20:10 Node PreprocessJob job proc (67.0.0) completed successfully.
01/12/25 11:20:10 Node PreprocessJob job completed
01/12/25 11:20:10 DAG status: 0 (DAG_STATUS_OK)
01/12/25 11:20:10 Of 2 nodes total:
01/12/25 11:20:10  Done     Pre   Queued    Post   Ready   Un-Ready   Failed   Futile
01/12/25 11:20:10   ===     ===      ===     ===     ===        ===      ===      ===
01/12/25 11:20:10     2       0        0       0       0          0        0        0
01/12/25 11:20:10 0 job proc(s) currently held
01/12/25 11:20:10 DAGMan Runtime Statistics: [EventCycleTimeAvg = 0.04672775268554687; EventCycleTimeCount = 5.0; EventCycleTimeMax = 0.1158859729766846; EventCycleTimeMin = 2.789497375488281E-05; EventCycleTimeStd = 0.05244465878659323; EventCycleTimeSum = 0.2336387634277344; LogProcessCycleTimeAvg = 0.03598729769388834; LogProcessCycleTimeCount = 3.0; LogProcessCycleTimeMax = 0.05080389976501465; LogProcessCycleTimeMin = 0.02630090713500977; LogProcessCycleTimeStd = 0.01303220873746342; LogProcessCycleTimeSum = 0.107961893081665; SleepCycleTimeAvg = 5.00522403717041; SleepCycleTimeCount = 5.0; SleepCycleTimeMax = 5.005738019943237; SleepCycleTimeMin = 5.005082130432129; SleepCycleTimeStd = 0.0002874709957658258; SleepCycleTimeSum = 25.02612018585205; SubmitCycleTimeAvg = 0.01123205820719401; SubmitCycleTimeCount = 6.0; SubmitCycleTimeMax = 0.06737613677978516; SubmitCycleTimeMin = 2.86102294921875E-06; SubmitCycleTimeStd = 0.0275048689194563; SubmitCycleTimeSum = 0.06739234924316406; ]
01/12/25 11:20:10 All jobs Completed!
01/12/25 11:20:10 Note: 0 total node deferrals because of -MaxJobs limit (0)
01/12/25 11:20:10 Note: 0 total node deferrals because of -MaxIdle limit (1000)
01/12/25 11:20:10 Note: 0 total node deferrals because of node category throttles
01/12/25 11:20:10 Note: 0 total PRE script deferrals because of -MaxPre limit (20) or DEFER
01/12/25 11:20:10 Note: 0 total POST script deferrals because of -MaxPost limit (20) or DEFER
01/12/25 11:20:10 Note: 0 total HOLD script deferrals because of -MaxHold limit (20) or DEFER
01/12/25 11:20:10 DAG status: 0 (DAG_STATUS_OK)
01/12/25 11:20:10 Of 2 nodes total:
01/12/25 11:20:10  Done     Pre   Queued    Post   Ready   Un-Ready   Failed   Futile
01/12/25 11:20:10   ===     ===      ===     ===     ===        ===      ===      ===
01/12/25 11:20:10     2       0        0       0       0          0        0        0
01/12/25 11:20:10 0 job proc(s) currently held
01/12/25 11:20:10 DAGMan Runtime Statistics: [EventCycleTimeAvg = 0.04672775268554687; EventCycleTimeCount = 5.0; EventCycleTimeMax = 0.1158859729766846; EventCycleTimeMin = 2.789497375488281E-05; EventCycleTimeStd = 0.05244465878659323; EventCycleTimeSum = 0.2336387634277344; LogProcessCycleTimeAvg = 0.03598729769388834; LogProcessCycleTimeCount = 3.0; LogProcessCycleTimeMax = 0.05080389976501465; LogProcessCycleTimeMin = 0.02630090713500977; LogProcessCycleTimeStd = 0.01303220873746342; LogProcessCycleTimeSum = 0.107961893081665; SleepCycleTimeAvg = 5.00522403717041; SleepCycleTimeCount = 5.0; SleepCycleTimeMax = 5.005738019943237; SleepCycleTimeMin = 5.005082130432129; SleepCycleTimeStd = 0.0002874709957658258; SleepCycleTimeSum = 25.02612018585205; SubmitCycleTimeAvg = 0.01123205820719401; SubmitCycleTimeCount = 6.0; SubmitCycleTimeMax = 0.06737613677978516; SubmitCycleTimeMin = 2.86102294921875E-06; SubmitCycleTimeStd = 0.0275048689194563; SubmitCycleTimeSum = 0.06739234924316406; ]
01/12/25 11:20:10 Wrote metrics file dagman.dag.metrics.
01/12/25 11:20:10 DAGMan Runtime Statistics: [EventCycleTimeAvg = 0.04672775268554687; EventCycleTimeCount = 5.0; EventCycleTimeMax = 0.1158859729766846; EventCycleTimeMin = 2.789497375488281E-05; EventCycleTimeStd = 0.05244465878659323; EventCycleTimeSum = 0.2336387634277344; LogProcessCycleTimeAvg = 0.03598729769388834; LogProcessCycleTimeCount = 3.0; LogProcessCycleTimeMax = 0.05080389976501465; LogProcessCycleTimeMin = 0.02630090713500977; LogProcessCycleTimeStd = 0.01303220873746342; LogProcessCycleTimeSum = 0.107961893081665; SleepCycleTimeAvg = 5.00522403717041; SleepCycleTimeCount = 5.0; SleepCycleTimeMax = 5.005738019943237; SleepCycleTimeMin = 5.005082130432129; SleepCycleTimeStd = 0.0002874709957658258; SleepCycleTimeSum = 25.02612018585205; SubmitCycleTimeAvg = 0.01123205820719401; SubmitCycleTimeCount = 6.0; SubmitCycleTimeMax = 0.06737613677978516; SubmitCycleTimeMin = 2.86102294921875E-06; SubmitCycleTimeStd = 0.0275048689194563; SubmitCycleTimeSum = 0.06739234924316406; ]
01/12/25 11:20:11 **** condor_scheduniv_exec.65.0 (condor_DAGMAN) pid 2210 EXITING WITH STATUS 0
01/12/25 11:21:42 ******************************************************
01/12/25 11:21:42 ** condor_scheduniv_exec.68.0 (CONDOR_DAGMAN) STARTING UP
01/12/25 11:21:42 ** /usr/bin/condor_dagman
01/12/25 11:21:42 ** SubsystemInfo: name=DAGMAN type=DAGMAN(9) class=CLIENT(2)
01/12/25 11:21:42 ** Configuration: subsystem:DAGMAN local:<NONE> class:CLIENT
01/12/25 11:21:42 ** $CondorVersion: 23.10.19 2025-01-03 BuildID: 777890 PackageID: 23.10.19-1+ubu24 GitSHA: 91176a00 $
01/12/25 11:21:42 ** $CondorPlatform: X86_64-Ubuntu_24.04 $
01/12/25 11:21:42 ** PID = 2234 RealUID = 1000
01/12/25 11:21:42 ** Log last touched 1/12 11:20:11
01/12/25 11:21:42 ******************************************************
01/12/25 11:21:42 Using config source: /etc/condor/condor_config
01/12/25 11:21:42 Using local config sources: 
01/12/25 11:21:42    /etc/condor/config.d/00-security
01/12/25 11:21:42    /etc/condor/config.d/01-submit.config
01/12/25 11:21:42    /etc/condor/config.d/10-stash-plugin.conf
01/12/25 11:21:42    /etc/condor/condor_config.local
01/12/25 11:21:42 config Macros = 75, Sorted = 75, StringBytes = 2325, TablesBytes = 2764
01/12/25 11:21:42 CLASSAD_CACHING is ENABLED
01/12/25 11:21:42 Daemon Log is logging: D_ALWAYS D_ERROR D_STATUS
01/12/25 11:21:42 DaemonCore: No command port requested.
01/12/25 11:21:42 DAGMAN_USE_STRICT setting: 1
01/12/25 11:21:42 DAGMAN_VERBOSITY setting: 3
01/12/25 11:21:42 DAGMAN_DEBUG_CACHE_SIZE setting: 5242880
01/12/25 11:21:42 DAGMAN_DEBUG_CACHE_ENABLE setting: False
01/12/25 11:21:42 DAGMAN_SUBMIT_DELAY setting: 0
01/12/25 11:21:42 DAGMAN_MAX_SUBMIT_ATTEMPTS setting: 6
01/12/25 11:21:42 DAGMAN_STARTUP_CYCLE_DETECT setting: False
01/12/25 11:21:42 DAGMAN_MAX_SUBMITS_PER_INTERVAL setting: 100
01/12/25 11:21:42 DAGMAN_AGGRESSIVE_SUBMIT setting: False
01/12/25 11:21:42 DAGMAN_USER_LOG_SCAN_INTERVAL setting: 5
01/12/25 11:21:42 DAGMAN_QUEUE_UPDATE_INTERVAL setting: 300
01/12/25 11:21:42 DAGMAN_DEFAULT_PRIORITY setting: 0
01/12/25 11:21:42 DAGMAN_SUPPRESS_NOTIFICATION setting: False
01/12/25 11:21:42 allow_events (DAGMAN_ALLOW_EVENTS) setting: 114
01/12/25 11:21:42 DAGMAN_RETRY_SUBMIT_FIRST setting: True
01/12/25 11:21:42 DAGMAN_RETRY_NODE_FIRST setting: False
01/12/25 11:21:42 DAGMAN_MAX_JOBS_IDLE setting: 1000
01/12/25 11:21:42 DAGMAN_MAX_JOBS_SUBMITTED setting: 0
01/12/25 11:21:42 DAGMAN_MAX_PRE_SCRIPTS setting: 20
01/12/25 11:21:42 DAGMAN_MAX_POST_SCRIPTS setting: 20
01/12/25 11:21:42 DAGMAN_MAX_HOLD_SCRIPTS setting: 20
01/12/25 11:21:42 DAGMAN_MUNGE_NODE_NAMES setting: True
01/12/25 11:21:42 DAGMAN_PROHIBIT_MULTI_JOBS setting: False
01/12/25 11:21:42 DAGMAN_SUBMIT_DEPTH_FIRST setting: False
01/12/25 11:21:42 DAGMAN_ALWAYS_RUN_POST setting: False
01/12/25 11:21:42 DAGMAN_CONDOR_SUBMIT_EXE setting: /usr/bin/condor_submit
01/12/25 11:21:42 DAGMAN_CONDOR_RM_EXE setting: /usr/bin/condor_rm
01/12/25 11:21:42 DAGMAN_USE_DIRECT_SUBMIT setting: True
01/12/25 11:21:42 DAGMAN_PRODUCE_JOB_CREDENTIALS setting: True
01/12/25 11:21:42 DAGMAN_DEFAULT_APPEND_VARS setting: False
01/12/25 11:21:42 DAGMAN_INHERIT_ATTRS_PREFIX setting: 
01/12/25 11:21:42 DAGMAN_INHERIT_ATTRS setting: 
01/12/25 11:21:42 DAGMAN_ABORT_DUPLICATES setting: True
01/12/25 11:21:42 DAGMAN_ABORT_ON_SCARY_SUBMIT setting: True
01/12/25 11:21:43 DAGMAN_PENDING_REPORT_INTERVAL setting: 600
01/12/25 11:21:43 DAGMAN_CHECK_QUEUE_INTERVAL setting: 28800
01/12/25 11:21:43 DAGMAN_AUTO_RESCUE setting: True
01/12/25 11:21:43 DAGMAN_MAX_RESCUE_NUM setting: 100
01/12/25 11:21:43 DAGMAN_WRITE_PARTIAL_RESCUE setting: True
01/12/25 11:21:43 DAGMAN_DEFAULT_NODE_LOG setting: @(DAG_DIR)/@(DAG_FILE).nodes.log
01/12/25 11:21:43 DAGMAN_GENERATE_SUBDAG_SUBMITS setting: True
01/12/25 11:21:43 DAGMAN_MAX_JOB_HOLDS setting: 100
01/12/25 11:21:43 DAGMAN_HOLD_CLAIM_TIME setting: 20
01/12/25 11:21:43 DAGMAN_SUPPRESS_JOB_LOGS setting: False
01/12/25 11:21:43 DAGMAN_REMOVE_NODE_JOBS setting: True
01/12/25 11:21:43 DAGMAN_REMOVE_JOBS_AFTER_LIMIT_CHANGE setting: False
01/12/25 11:21:43 DAGMAN will adjust edges after parsing
01/12/25 11:21:43 argv[0] == "condor_scheduniv_exec.68.0"
01/12/25 11:21:43 argv[1] == "-Lockfile"
01/12/25 11:21:43 argv[2] == "dagman.dag.lock"
01/12/25 11:21:43 argv[3] == "-Dag"
01/12/25 11:21:43 argv[4] == "dagman.dag"
01/12/25 11:21:43 argv[5] == "-MaxIdle"
01/12/25 11:21:43 argv[6] == "1000"
01/12/25 11:21:43 argv[7] == "-CsdVersion"
01/12/25 11:21:43 argv[8] == "$CondorVersion: 23.10.19 2025-01-03 BuildID: 777890 PackageID: 23.10.19-1+ubu24 GitSHA: 91176a00 $"
01/12/25 11:21:43 argv[9] == "-dagman"
01/12/25 11:21:43 argv[10] == "/usr/bin/condor_dagman"
01/12/25 11:21:43 argv[11] == "-AutoRescue"
01/12/25 11:21:43 argv[12] == "1"
01/12/25 11:21:43 argv[13] == "-DoRescueFrom"
01/12/25 11:21:43 argv[14] == "0"
01/12/25 11:21:43 argv[15] == "-force"
01/12/25 11:21:43 Can't open directory "/etc/condor/passwords.d" as PRIV_ROOT, errno: 13 (Permission denied)
01/12/25 11:21:43 Can't open directory "/etc/condor/passwords.d" as PRIV_ROOT, errno: 13 (Permission denied)
01/12/25 11:21:43 Workflow batch-id: <68.0>
01/12/25 11:21:43 Workflow batch-name: <dagman.dag+68>
01/12/25 11:21:43 Workflow accounting_group: <>
01/12/25 11:21:43 Workflow accounting_group_user: <>
01/12/25 11:21:43 Warning: failed to get attribute DAGNodeName
01/12/25 11:21:43 DAGMAN_LOG_ON_NFS_IS_ERROR setting: False
01/12/25 11:21:43 Default node log file is: </home/ubuntu/wqd7008_group_project/./dagman.dag.nodes.log>
01/12/25 11:21:43 DAG Lockfile will be written to dagman.dag.lock
01/12/25 11:21:43 DAG Input file is dagman.dag
01/12/25 11:21:43 Parsing 1 dagfiles
01/12/25 11:21:43 Parsing dagman.dag ...
01/12/25 11:21:43 Adjusting edges
01/12/25 11:21:43 Dag contains 3 total nodes
01/12/25 11:21:43 Bootstrapping...
01/12/25 11:21:43 Number of pre-completed nodes: 0
01/12/25 11:21:43 MultiLogFiles: truncating log file /home/ubuntu/wqd7008_group_project/./dagman.dag.nodes.log
01/12/25 11:21:43 DAG status: 0 (DAG_STATUS_OK)
01/12/25 11:21:43 Of 3 nodes total:
01/12/25 11:21:43  Done     Pre   Queued    Post   Ready   Un-Ready   Failed   Futile
01/12/25 11:21:43   ===     ===      ===     ===     ===        ===      ===      ===
01/12/25 11:21:43     0       0        0       0       3          0        0        0
01/12/25 11:21:43 0 job proc(s) currently held
01/12/25 11:21:43 DAGMan Runtime Statistics: [EventCycleTimeCount = 0.0; EventCycleTimeSum = 0.0; LogProcessCycleTimeCount = 0.0; LogProcessCycleTimeSum = 0.0; SleepCycleTimeCount = 0.0; SleepCycleTimeSum = 0.0; SubmitCycleTimeCount = 0.0; SubmitCycleTimeSum = 0.0; ]
01/12/25 11:21:43 Registering condor_event_timer...
01/12/25 11:21:44 Submitting HTCondor Node ImportJob job(s)...
01/12/25 11:21:44 Submitting node ImportJob from file import.sub using direct job submission
01/12/25 11:21:44 	assigned HTCondor ID (69.0.0)
01/12/25 11:21:44 Submitting HTCondor Node PreprocessJob job(s)...
01/12/25 11:21:44 Submitting node PreprocessJob from file preprocess.sub using direct job submission
01/12/25 11:21:44 	assigned HTCondor ID (70.0.0)
01/12/25 11:21:44 Submitting HTCondor Node EDAJob job(s)...
01/12/25 11:21:44 Submitting node EDAJob from file eda.sub using direct job submission
01/12/25 11:21:44 ERROR: submit attempt failed, errno=2 No such file or directory
01/12/25 11:21:44 could not open submit file : eda.sub - can't open file eda.sub: No such file or directory
01/12/25 11:21:44 Submit warning: Submit:0:the line 'batch_id = 68.0' was unused by DAGMAN. Is it a typo?
|Submit:0:the line 'batch_name = dagman.dag+68' was unused by DAGMAN. Is it a typo?
|Submit:0:the line 'DAG_PARENT_NAMES = ' was unused by DAGMAN. Is it a typo?
01/12/25 11:21:44 Job submit try 1/6 failed, will try again in >= 1 second.
01/12/25 11:21:44 Just submitted 2 jobs this cycle...
01/12/25 11:21:44 DAG status: 0 (DAG_STATUS_OK)
01/12/25 11:21:44 Of 3 nodes total:
01/12/25 11:21:44  Done     Pre   Queued    Post   Ready   Un-Ready   Failed   Futile
01/12/25 11:21:44   ===     ===      ===     ===     ===        ===      ===      ===
01/12/25 11:21:44     0       0        2       0       1          0        0        0
01/12/25 11:21:44 0 job proc(s) currently held
01/12/25 11:21:44 DAGMan Runtime Statistics: [EventCycleTimeCount = 0.0; EventCycleTimeSum = 0.0; LogProcessCycleTimeCount = 0.0; LogProcessCycleTimeSum = 0.0; SleepCycleTimeCount = 0.0; SleepCycleTimeSum = 0.0; SubmitCycleTimeAvg = 0.09047389030456543; SubmitCycleTimeCount = 1.0; SubmitCycleTimeMax = 0.09047389030456543; SubmitCycleTimeMin = 0.09047389030456543; SubmitCycleTimeStd = 0.09047389030456543; SubmitCycleTimeSum = 0.09047389030456543; ]
01/12/25 11:21:49 Submitting HTCondor Node EDAJob job(s)...
01/12/25 11:21:49 Submitting node EDAJob from file eda.sub using direct job submission
01/12/25 11:21:49 ERROR: submit attempt failed, errno=2 No such file or directory
01/12/25 11:21:49 could not open submit file : eda.sub - can't open file eda.sub: No such file or directory
01/12/25 11:21:49 Submit warning: Submit:0:the line 'batch_id = 68.0' was unused by DAGMAN. Is it a typo?
|Submit:0:the line 'batch_name = dagman.dag+68' was unused by DAGMAN. Is it a typo?
|Submit:0:the line 'DAG_PARENT_NAMES = ' was unused by DAGMAN. Is it a typo?
01/12/25 11:21:49 Job submit try 2/6 failed, will try again in >= 2 seconds.
01/12/25 11:21:49 Currently monitoring 1 HTCondor log file(s)
01/12/25 11:21:49 Reassigning the id of job ImportJob from (69.0.0) to (69.0.0)
01/12/25 11:21:49 Event: ULOG_SUBMIT for HTCondor Node ImportJob (69.0.0) {01/12/25 11:21:44}
01/12/25 11:21:49 Number of idle job procs: 1
01/12/25 11:21:49 Reassigning the id of job PreprocessJob from (70.0.0) to (70.0.0)
01/12/25 11:21:49 Event: ULOG_SUBMIT for HTCondor Node PreprocessJob (70.0.0) {01/12/25 11:21:44}
01/12/25 11:21:49 Number of idle job procs: 2
01/12/25 11:21:54 Submitting HTCondor Node EDAJob job(s)...
01/12/25 11:21:54 Submitting node EDAJob from file eda.sub using direct job submission
01/12/25 11:21:54 ERROR: submit attempt failed, errno=2 No such file or directory
01/12/25 11:21:54 could not open submit file : eda.sub - can't open file eda.sub: No such file or directory
01/12/25 11:21:54 Submit warning: Submit:0:the line 'batch_id = 68.0' was unused by DAGMAN. Is it a typo?
|Submit:0:the line 'batch_name = dagman.dag+68' was unused by DAGMAN. Is it a typo?
|Submit:0:the line 'DAG_PARENT_NAMES = ' was unused by DAGMAN. Is it a typo?
01/12/25 11:21:54 Job submit try 3/6 failed, will try again in >= 4 seconds.
01/12/25 11:21:59 Submitting HTCondor Node EDAJob job(s)...
01/12/25 11:21:59 Submitting node EDAJob from file eda.sub using direct job submission
01/12/25 11:21:59 ERROR: submit attempt failed, errno=2 No such file or directory
01/12/25 11:21:59 could not open submit file : eda.sub - can't open file eda.sub: No such file or directory
01/12/25 11:21:59 Submit warning: Submit:0:the line 'batch_id = 68.0' was unused by DAGMAN. Is it a typo?
|Submit:0:the line 'batch_name = dagman.dag+68' was unused by DAGMAN. Is it a typo?
|Submit:0:the line 'DAG_PARENT_NAMES = ' was unused by DAGMAN. Is it a typo?
01/12/25 11:21:59 Job submit try 4/6 failed, will try again in >= 8 seconds.
01/12/25 11:22:05 Currently monitoring 1 HTCondor log file(s)
01/12/25 11:22:05 Event: ULOG_EXECUTE for HTCondor Node PreprocessJob (70.0.0) {01/12/25 11:22:03}
01/12/25 11:22:05 Number of idle job procs: 1
01/12/25 11:22:05 Event: ULOG_EXECUTE for HTCondor Node ImportJob (69.0.0) {01/12/25 11:22:03}
01/12/25 11:22:05 Number of idle job procs: 0
01/12/25 11:22:05 Event: ULOG_JOB_TERMINATED for HTCondor Node ImportJob (69.0.0) {01/12/25 11:22:04}
01/12/25 11:22:05 Number of idle job procs: 0
01/12/25 11:22:05 Node ImportJob job proc (69.0.0) completed successfully.
01/12/25 11:22:05 Node ImportJob job completed
01/12/25 11:22:05 DAG status: 0 (DAG_STATUS_OK)
01/12/25 11:22:05 Of 3 nodes total:
01/12/25 11:22:05  Done     Pre   Queued    Post   Ready   Un-Ready   Failed   Futile
01/12/25 11:22:05   ===     ===      ===     ===     ===        ===      ===      ===
01/12/25 11:22:05     1       0        1       0       1          0        0        0
01/12/25 11:22:05 0 job proc(s) currently held
01/12/25 11:22:05 DAGMan Runtime Statistics: [EventCycleTimeAvg = 0.0634307861328125; EventCycleTimeCount = 4.0; EventCycleTimeMax = 0.1285719871520996; EventCycleTimeMin = 0.0268700122833252; EventCycleTimeStd = 0.04623393365585608; EventCycleTimeSum = 0.25372314453125; LogProcessCycleTimeAvg = 0.03176546096801758; LogProcessCycleTimeCount = 2.0; LogProcessCycleTimeMax = 0.03499698638916016; LogProcessCycleTimeMin = 0.028533935546875; LogProcessCycleTimeStd = 0.004570067077733261; LogProcessCycleTimeSum = 0.06353092193603516; SleepCycleTimeAvg = 5.005334198474884; SleepCycleTimeCount = 4.0; SleepCycleTimeMax = 5.005803823471069; SleepCycleTimeMin = 5.005102157592773; SleepCycleTimeStd = 0.0003295136467191484; SleepCycleTimeSum = 20.02133679389954; SubmitCycleTimeAvg = 0.2376195430755615; SubmitCycleTimeCount = 5.0; SubmitCycleTimeMax = 1.001093864440918; SubmitCycleTimeMin = 0.02683496475219727; SubmitCycleTimeStd = 0.4275535646609738; SubmitCycleTimeSum = 1.188097715377808; ]
01/12/25 11:22:10 Submitting HTCondor Node EDAJob job(s)...
01/12/25 11:22:10 Submitting node EDAJob from file eda.sub using direct job submission
01/12/25 11:22:10 ERROR: submit attempt failed, errno=2 No such file or directory
01/12/25 11:22:10 could not open submit file : eda.sub - can't open file eda.sub: No such file or directory
01/12/25 11:22:10 Submit warning: Submit:0:the line 'batch_id = 68.0' was unused by DAGMAN. Is it a typo?
|Submit:0:the line 'batch_name = dagman.dag+68' was unused by DAGMAN. Is it a typo?
|Submit:0:the line 'DAG_PARENT_NAMES = ' was unused by DAGMAN. Is it a typo?
01/12/25 11:22:10 Job submit try 5/6 failed, will try again in >= 16 seconds.
01/12/25 11:22:10 Currently monitoring 1 HTCondor log file(s)
01/12/25 11:22:10 Event: ULOG_JOB_TERMINATED for HTCondor Node PreprocessJob (70.0.0) {01/12/25 11:22:07}
01/12/25 11:22:10 Number of idle job procs: 0
01/12/25 11:22:10 Node PreprocessJob job proc (70.0.0) completed successfully.
01/12/25 11:22:10 Node PreprocessJob job completed
01/12/25 11:22:10 DAG status: 0 (DAG_STATUS_OK)
01/12/25 11:22:10 Of 3 nodes total:
01/12/25 11:22:10  Done     Pre   Queued    Post   Ready   Un-Ready   Failed   Futile
01/12/25 11:22:10   ===     ===      ===     ===     ===        ===      ===      ===
01/12/25 11:22:10     2       0        0       0       1          0        0        0
01/12/25 11:22:10 0 job proc(s) currently held
01/12/25 11:22:10 DAGMan Runtime Statistics: [EventCycleTimeAvg = 0.2629080295562744; EventCycleTimeCount = 5.0; EventCycleTimeMax = 1.060817003250122; EventCycleTimeMin = 0.0268700122833252; EventCycleTimeStd = 0.4478381802449251; EventCycleTimeSum = 1.314540147781372; LogProcessCycleTimeAvg = 0.03019563357035319; LogProcessCycleTimeCount = 3.0; LogProcessCycleTimeMax = 0.03499698638916016; LogProcessCycleTimeMin = 0.02705597877502441; LogProcessCycleTimeStd = 0.004223248835063342; LogProcessCycleTimeSum = 0.09058690071105957; SleepCycleTimeAvg = 5.005325365066528; SleepCycleTimeCount = 5.0; SleepCycleTimeMax = 5.005803823471069; SleepCycleTimeMin = 5.005102157592773; SleepCycleTimeStd = 0.0002860499622245712; SleepCycleTimeSum = 25.02662682533264; SubmitCycleTimeAvg = 0.2034299373626709; SubmitCycleTimeCount = 6.0; SubmitCycleTimeMax = 1.001093864440918; SubmitCycleTimeMin = 0.02683496475219727; SubmitCycleTimeStd = 0.3914782437840728; SubmitCycleTimeSum = 1.220579624176025; ]
01/12/25 11:22:20 ******************************************************
01/12/25 11:22:20 ** condor_scheduniv_exec.71.0 (CONDOR_DAGMAN) STARTING UP
01/12/25 11:22:20 ** /usr/bin/condor_dagman
01/12/25 11:22:20 ** SubsystemInfo: name=DAGMAN type=DAGMAN(9) class=CLIENT(2)
01/12/25 11:22:20 ** Configuration: subsystem:DAGMAN local:<NONE> class:CLIENT
01/12/25 11:22:20 ** $CondorVersion: 23.10.19 2025-01-03 BuildID: 777890 PackageID: 23.10.19-1+ubu24 GitSHA: 91176a00 $
01/12/25 11:22:20 ** $CondorPlatform: X86_64-Ubuntu_24.04 $
01/12/25 11:22:20 ** PID = 2249 RealUID = 1000
01/12/25 11:22:20 ** Log last touched 1/12 11:22:10
01/12/25 11:22:20 ******************************************************
01/12/25 11:22:20 Using config source: /etc/condor/condor_config
01/12/25 11:22:20 Using local config sources: 
01/12/25 11:22:20    /etc/condor/config.d/00-security
01/12/25 11:22:20    /etc/condor/config.d/01-submit.config
01/12/25 11:22:20    /etc/condor/config.d/10-stash-plugin.conf
01/12/25 11:22:20    /etc/condor/condor_config.local
01/12/25 11:22:20 config Macros = 75, Sorted = 75, StringBytes = 2325, TablesBytes = 2764
01/12/25 11:22:20 CLASSAD_CACHING is ENABLED
01/12/25 11:22:20 Daemon Log is logging: D_ALWAYS D_ERROR D_STATUS
01/12/25 11:22:20 DaemonCore: No command port requested.
01/12/25 11:22:20 DAGMAN_USE_STRICT setting: 1
01/12/25 11:22:20 DAGMAN_VERBOSITY setting: 3
01/12/25 11:22:20 DAGMAN_DEBUG_CACHE_SIZE setting: 5242880
01/12/25 11:22:20 DAGMAN_DEBUG_CACHE_ENABLE setting: False
01/12/25 11:22:20 DAGMAN_SUBMIT_DELAY setting: 0
01/12/25 11:22:20 DAGMAN_MAX_SUBMIT_ATTEMPTS setting: 6
01/12/25 11:22:20 DAGMAN_STARTUP_CYCLE_DETECT setting: False
01/12/25 11:22:20 DAGMAN_MAX_SUBMITS_PER_INTERVAL setting: 100
01/12/25 11:22:20 DAGMAN_AGGRESSIVE_SUBMIT setting: False
01/12/25 11:22:20 DAGMAN_USER_LOG_SCAN_INTERVAL setting: 5
01/12/25 11:22:20 DAGMAN_QUEUE_UPDATE_INTERVAL setting: 300
01/12/25 11:22:20 DAGMAN_DEFAULT_PRIORITY setting: 0
01/12/25 11:22:20 DAGMAN_SUPPRESS_NOTIFICATION setting: False
01/12/25 11:22:20 allow_events (DAGMAN_ALLOW_EVENTS) setting: 114
01/12/25 11:22:20 DAGMAN_RETRY_SUBMIT_FIRST setting: True
01/12/25 11:22:20 DAGMAN_RETRY_NODE_FIRST setting: False
01/12/25 11:22:20 DAGMAN_MAX_JOBS_IDLE setting: 1000
01/12/25 11:22:20 DAGMAN_MAX_JOBS_SUBMITTED setting: 0
01/12/25 11:22:20 DAGMAN_MAX_PRE_SCRIPTS setting: 20
01/12/25 11:22:20 DAGMAN_MAX_POST_SCRIPTS setting: 20
01/12/25 11:22:20 DAGMAN_MAX_HOLD_SCRIPTS setting: 20
01/12/25 11:22:20 DAGMAN_MUNGE_NODE_NAMES setting: True
01/12/25 11:22:20 DAGMAN_PROHIBIT_MULTI_JOBS setting: False
01/12/25 11:22:20 DAGMAN_SUBMIT_DEPTH_FIRST setting: False
01/12/25 11:22:20 DAGMAN_ALWAYS_RUN_POST setting: False
01/12/25 11:22:20 DAGMAN_CONDOR_SUBMIT_EXE setting: /usr/bin/condor_submit
01/12/25 11:22:20 DAGMAN_CONDOR_RM_EXE setting: /usr/bin/condor_rm
01/12/25 11:22:20 DAGMAN_USE_DIRECT_SUBMIT setting: True
01/12/25 11:22:20 DAGMAN_PRODUCE_JOB_CREDENTIALS setting: True
01/12/25 11:22:20 DAGMAN_DEFAULT_APPEND_VARS setting: False
01/12/25 11:22:20 DAGMAN_INHERIT_ATTRS_PREFIX setting: 
01/12/25 11:22:20 DAGMAN_INHERIT_ATTRS setting: 
01/12/25 11:22:20 DAGMAN_ABORT_DUPLICATES setting: True
01/12/25 11:22:20 DAGMAN_ABORT_ON_SCARY_SUBMIT setting: True
01/12/25 11:22:20 DAGMAN_PENDING_REPORT_INTERVAL setting: 600
01/12/25 11:22:20 DAGMAN_CHECK_QUEUE_INTERVAL setting: 28800
01/12/25 11:22:20 DAGMAN_AUTO_RESCUE setting: True
01/12/25 11:22:20 DAGMAN_MAX_RESCUE_NUM setting: 100
01/12/25 11:22:20 DAGMAN_WRITE_PARTIAL_RESCUE setting: True
01/12/25 11:22:20 DAGMAN_DEFAULT_NODE_LOG setting: @(DAG_DIR)/@(DAG_FILE).nodes.log
01/12/25 11:22:20 DAGMAN_GENERATE_SUBDAG_SUBMITS setting: True
01/12/25 11:22:20 DAGMAN_MAX_JOB_HOLDS setting: 100
01/12/25 11:22:20 DAGMAN_HOLD_CLAIM_TIME setting: 20
01/12/25 11:22:20 DAGMAN_SUPPRESS_JOB_LOGS setting: False
01/12/25 11:22:20 DAGMAN_REMOVE_NODE_JOBS setting: True
01/12/25 11:22:20 DAGMAN_REMOVE_JOBS_AFTER_LIMIT_CHANGE setting: False
01/12/25 11:22:20 DAGMAN will adjust edges after parsing
01/12/25 11:22:20 argv[0] == "condor_scheduniv_exec.71.0"
01/12/25 11:22:20 argv[1] == "-Lockfile"
01/12/25 11:22:21 argv[2] == "dagman.dag.lock"
01/12/25 11:22:21 argv[3] == "-Dag"
01/12/25 11:22:21 argv[4] == "dagman.dag"
01/12/25 11:22:21 argv[5] == "-MaxIdle"
01/12/25 11:22:21 argv[6] == "1000"
01/12/25 11:22:21 argv[7] == "-CsdVersion"
01/12/25 11:22:21 argv[8] == "$CondorVersion: 23.10.19 2025-01-03 BuildID: 777890 PackageID: 23.10.19-1+ubu24 GitSHA: 91176a00 $"
01/12/25 11:22:21 argv[9] == "-dagman"
01/12/25 11:22:21 argv[10] == "/usr/bin/condor_dagman"
01/12/25 11:22:21 argv[11] == "-AutoRescue"
01/12/25 11:22:21 argv[12] == "1"
01/12/25 11:22:21 argv[13] == "-DoRescueFrom"
01/12/25 11:22:21 argv[14] == "0"
01/12/25 11:22:21 argv[15] == "-force"
01/12/25 11:22:21 Can't open directory "/etc/condor/passwords.d" as PRIV_ROOT, errno: 13 (Permission denied)
01/12/25 11:22:21 Can't open directory "/etc/condor/passwords.d" as PRIV_ROOT, errno: 13 (Permission denied)
01/12/25 11:22:21 Workflow batch-id: <71.0>
01/12/25 11:22:21 Workflow batch-name: <dagman.dag+71>
01/12/25 11:22:21 Workflow accounting_group: <>
01/12/25 11:22:21 Workflow accounting_group_user: <>
01/12/25 11:22:21 Warning: failed to get attribute DAGNodeName
01/12/25 11:22:21 DAGMAN_LOG_ON_NFS_IS_ERROR setting: False
01/12/25 11:22:21 Default node log file is: </home/ubuntu/wqd7008_group_project/./dagman.dag.nodes.log>
01/12/25 11:22:21 DAG Lockfile will be written to dagman.dag.lock
01/12/25 11:22:21 DAG Input file is dagman.dag
01/12/25 11:22:21 Parsing 1 dagfiles
01/12/25 11:22:21 Parsing dagman.dag ...
01/12/25 11:22:21 Adjusting edges
01/12/25 11:22:21 Dag contains 3 total nodes
01/12/25 11:22:21 Lock file dagman.dag.lock detected,
01/12/25 11:22:21 Duplicate DAGMan PID 2234 is no longer alive; this DAGMan should continue.
01/12/25 11:22:21 Bootstrapping...
01/12/25 11:22:21 Number of pre-completed nodes: 0
01/12/25 11:22:21 Running in RECOVERY mode... >>>>>>>>>>>>>>>>>>>>>>>>>>>>>>
01/12/25 11:22:21 Currently monitoring 1 HTCondor log file(s)
01/12/25 11:22:21 Event: ULOG_SUBMIT for HTCondor Node ImportJob (69.0.0) {01/12/25 11:21:44} [recovery mode]
01/12/25 11:22:21 Number of idle job procs: 1
01/12/25 11:22:21 Event: ULOG_SUBMIT for HTCondor Node PreprocessJob (70.0.0) {01/12/25 11:21:44} [recovery mode]
01/12/25 11:22:21 Number of idle job procs: 2
01/12/25 11:22:21 Event: ULOG_EXECUTE for HTCondor Node PreprocessJob (70.0.0) {01/12/25 11:22:03} [recovery mode]
01/12/25 11:22:21 Number of idle job procs: 1
01/12/25 11:22:21 Event: ULOG_EXECUTE for HTCondor Node ImportJob (69.0.0) {01/12/25 11:22:03} [recovery mode]
01/12/25 11:22:21 Number of idle job procs: 0
01/12/25 11:22:21 Event: ULOG_JOB_TERMINATED for HTCondor Node ImportJob (69.0.0) {01/12/25 11:22:04} [recovery mode]
01/12/25 11:22:21 Number of idle job procs: 0
01/12/25 11:22:21 Node ImportJob job proc (69.0.0) completed successfully.
01/12/25 11:22:21 Node ImportJob job completed
01/12/25 11:22:21 Event: ULOG_JOB_TERMINATED for HTCondor Node PreprocessJob (70.0.0) {01/12/25 11:22:07} [recovery mode]
01/12/25 11:22:21 Number of idle job procs: 0
01/12/25 11:22:21 Node PreprocessJob job proc (70.0.0) completed successfully.
01/12/25 11:22:21 Node PreprocessJob job completed
01/12/25 11:22:21     ------------------------------
01/12/25 11:22:21        HTCondor Recovery Complete
01/12/25 11:22:21     ------------------------------
01/12/25 11:22:21 ...done with RECOVERY mode <<<<<<<<<<<<<<<<<<<<<<<<<<<<<<
01/12/25 11:22:21 DAG status: 0 (DAG_STATUS_OK)
01/12/25 11:22:21 Of 3 nodes total:
01/12/25 11:22:21  Done     Pre   Queued    Post   Ready   Un-Ready   Failed   Futile
01/12/25 11:22:21   ===     ===      ===     ===     ===        ===      ===      ===
01/12/25 11:22:21     2       0        0       0       0          1        0        0
01/12/25 11:22:21 0 job proc(s) currently held
01/12/25 11:22:21 DAGMan Runtime Statistics: [EventCycleTimeCount = 0.0; EventCycleTimeSum = 0.0; LogProcessCycleTimeCount = 0.0; LogProcessCycleTimeSum = 0.0; SleepCycleTimeCount = 0.0; SleepCycleTimeSum = 0.0; SubmitCycleTimeCount = 0.0; SubmitCycleTimeSum = 0.0; ]
01/12/25 11:22:21 DAG status: 0 (DAG_STATUS_OK)
01/12/25 11:22:21 Of 3 nodes total:
01/12/25 11:22:21  Done     Pre   Queued    Post   Ready   Un-Ready   Failed   Futile
01/12/25 11:22:21   ===     ===      ===     ===     ===        ===      ===      ===
01/12/25 11:22:21     2       0        0       0       1          0        0        0
01/12/25 11:22:21 0 job proc(s) currently held
01/12/25 11:22:21 DAGMan Runtime Statistics: [EventCycleTimeCount = 0.0; EventCycleTimeSum = 0.0; LogProcessCycleTimeCount = 0.0; LogProcessCycleTimeSum = 0.0; SleepCycleTimeCount = 0.0; SleepCycleTimeSum = 0.0; SubmitCycleTimeCount = 0.0; SubmitCycleTimeSum = 0.0; ]
01/12/25 11:22:21 Registering condor_event_timer...
01/12/25 11:22:22 Submitting HTCondor Node EDAJob job(s)...
01/12/25 11:22:22 Submitting node EDAJob from file eda.sub using direct job submission
01/12/25 11:22:22 ERROR: submit attempt failed, errno=2 No such file or directory
01/12/25 11:22:22 could not open submit file : eda.sub - can't open file eda.sub: No such file or directory
01/12/25 11:22:22 Submit warning: Submit:0:the line 'batch_id = 71.0' was unused by DAGMAN. Is it a typo?
|Submit:0:the line 'batch_name = dagman.dag+71' was unused by DAGMAN. Is it a typo?
|Submit:0:the line 'DAG_PARENT_NAMES = ' was unused by DAGMAN. Is it a typo?
01/12/25 11:22:22 Job submit try 1/6 failed, will try again in >= 1 second.
01/12/25 11:22:22 Currently monitoring 1 HTCondor log file(s)
01/12/25 11:22:22 DAG status: 0 (DAG_STATUS_OK)
01/12/25 11:22:22 Of 3 nodes total:
01/12/25 11:22:22  Done     Pre   Queued    Post   Ready   Un-Ready   Failed   Futile
01/12/25 11:22:22   ===     ===      ===     ===     ===        ===      ===      ===
01/12/25 11:22:22     2       0        0       0       1          0        0        0
01/12/25 11:22:22 0 job proc(s) currently held
01/12/25 11:22:22 DAGMan Runtime Statistics: [EventCycleTimeCount = 0.0; EventCycleTimeSum = 0.0; LogProcessCycleTimeAvg = 0.003014802932739258; LogProcessCycleTimeCount = 1.0; LogProcessCycleTimeMax = 0.003014802932739258; LogProcessCycleTimeMin = 0.003014802932739258; LogProcessCycleTimeStd = 0.003014802932739258; LogProcessCycleTimeSum = 0.003014802932739258; SleepCycleTimeCount = 0.0; SleepCycleTimeSum = 0.0; SubmitCycleTimeAvg = 0.03224492073059082; SubmitCycleTimeCount = 1.0; SubmitCycleTimeMax = 0.03224492073059082; SubmitCycleTimeMin = 0.03224492073059082; SubmitCycleTimeStd = 0.03224492073059082; SubmitCycleTimeSum = 0.03224492073059082; ]
01/12/25 11:22:27 Submitting HTCondor Node EDAJob job(s)...
01/12/25 11:22:27 Submitting node EDAJob from file eda.sub using direct job submission
01/12/25 11:22:27 ERROR: submit attempt failed, errno=2 No such file or directory
01/12/25 11:22:27 could not open submit file : eda.sub - can't open file eda.sub: No such file or directory
01/12/25 11:22:27 Submit warning: Submit:0:the line 'batch_id = 71.0' was unused by DAGMAN. Is it a typo?
|Submit:0:the line 'batch_name = dagman.dag+71' was unused by DAGMAN. Is it a typo?
|Submit:0:the line 'DAG_PARENT_NAMES = ' was unused by DAGMAN. Is it a typo?
01/12/25 11:22:27 Job submit try 2/6 failed, will try again in >= 2 seconds.
01/12/25 11:22:27 Submitting HTCondor Node EDAJob job(s)...
01/12/25 11:22:27 Submitting node EDAJob from file eda.sub using direct job submission
01/12/25 11:22:27 ERROR: submit attempt failed, errno=2 No such file or directory
01/12/25 11:22:27 could not open submit file : eda.sub - can't open file eda.sub: No such file or directory
01/12/25 11:22:27 Submit warning: Submit:0:the line 'batch_id = 68.0' was unused by DAGMAN. Is it a typo?
|Submit:0:the line 'batch_name = dagman.dag+68' was unused by DAGMAN. Is it a typo?
|Submit:0:the line 'DAG_PARENT_NAMES = ' was unused by DAGMAN. Is it a typo?
01/12/25 11:22:27 Node submit failed after 6 tries.
01/12/25 11:22:27 Shortcutting node EDAJob retries because of submit failure(s)
01/12/25 11:22:27 DAG status: 2 (DAG_STATUS_NODE_FAILED)
01/12/25 11:22:27 Of 3 nodes total:
01/12/25 11:22:27  Done     Pre   Queued    Post   Ready   Un-Ready   Failed   Futile
01/12/25 11:22:27   ===     ===      ===     ===     ===        ===      ===      ===
01/12/25 11:22:27     2       0        0       0       0          0        1        0
01/12/25 11:22:27 0 job proc(s) currently held
01/12/25 11:22:27 DAGMan Runtime Statistics: [EventCycleTimeAvg = 0.4259598851203918; EventCycleTimeCount = 8.0; EventCycleTimeMax = 1.060817003250122; EventCycleTimeMin = 0.0268700122833252; EventCycleTimeStd = 0.4941766454037197; EventCycleTimeSum = 3.407679080963135; LogProcessCycleTimeAvg = 0.03019563357035319; LogProcessCycleTimeCount = 3.0; LogProcessCycleTimeMax = 0.03499698638916016; LogProcessCycleTimeMin = 0.02705597877502441; LogProcessCycleTimeStd = 0.004223248835063342; LogProcessCycleTimeSum = 0.09058690071105957; SleepCycleTimeAvg = 5.005242377519608; SleepCycleTimeCount = 8.0; SleepCycleTimeMax = 5.005803823471069; SleepCycleTimeMin = 5.005094051361084; SleepCycleTimeStd = 0.0002447734534304119; SleepCycleTimeSum = 40.04193902015686; SubmitCycleTimeAvg = 0.3613773981730143; SubmitCycleTimeCount = 9.0; SubmitCycleTimeMax = 1.001348972320557; SubmitCycleTimeMin = 0.02683496475219727; SubmitCycleTimeStd = 0.4802246010737944; SubmitCycleTimeSum = 3.252396583557129; ]
01/12/25 11:22:27 ERROR: the following job(s) failed:
01/12/25 11:22:27 ---------------------- Node ----------------------
01/12/25 11:22:27       Node Name: EDAJob
01/12/25 11:22:27            Noop: false
01/12/25 11:22:27          NodeID: 2
01/12/25 11:22:27     Node Status: STATUS_ERROR    
01/12/25 11:22:27 Node return val: -1
01/12/25 11:22:27           Error: Job submit failed
01/12/25 11:22:27 Job Submit File: eda.sub
01/12/25 11:22:27  HTCondor Job ID: [not yet submitted]
01/12/25 11:22:27 PARENTS:  WAITING: 0 CHILDREN: 
01/12/25 11:22:27 ---------------------------------------	<END>
01/12/25 11:22:27 Aborting DAG...
01/12/25 11:22:27 Writing Rescue DAG to dagman.dag.rescue001...
01/12/25 11:22:27 Removing submitted jobs...
01/12/25 11:22:27 Removing any/all submitted HTCondor jobs...
01/12/25 11:22:27 Running: /usr/bin/condor_rm -const DAGManJobId==68 -reason DAG' 'Abort:' 'DAG' 'is' 'exiting' 'and' 'writing' 'rescue' 'file.
01/12/25 11:22:27 Note: 0 total node deferrals because of -MaxJobs limit (0)
01/12/25 11:22:27 Note: 0 total node deferrals because of -MaxIdle limit (1000)
01/12/25 11:22:27 Note: 0 total node deferrals because of node category throttles
01/12/25 11:22:27 Note: 0 total PRE script deferrals because of -MaxPre limit (20) or DEFER
01/12/25 11:22:28 Note: 0 total POST script deferrals because of -MaxPost limit (20) or DEFER
01/12/25 11:22:28 Note: 0 total HOLD script deferrals because of -MaxHold limit (20) or DEFER
01/12/25 11:22:28 DAG status: 2 (DAG_STATUS_NODE_FAILED)
01/12/25 11:22:28 Of 3 nodes total:
01/12/25 11:22:28  Done     Pre   Queued    Post   Ready   Un-Ready   Failed   Futile
01/12/25 11:22:28   ===     ===      ===     ===     ===        ===      ===      ===
01/12/25 11:22:28     2       0        0       0       0          0        1        0
01/12/25 11:22:28 0 job proc(s) currently held
01/12/25 11:22:28 DAGMan Runtime Statistics: [EventCycleTimeAvg = 0.4259598851203918; EventCycleTimeCount = 8.0; EventCycleTimeMax = 1.060817003250122; EventCycleTimeMin = 0.0268700122833252; EventCycleTimeStd = 0.4941766454037197; EventCycleTimeSum = 3.407679080963135; LogProcessCycleTimeAvg = 0.03019563357035319; LogProcessCycleTimeCount = 3.0; LogProcessCycleTimeMax = 0.03499698638916016; LogProcessCycleTimeMin = 0.02705597877502441; LogProcessCycleTimeStd = 0.004223248835063342; LogProcessCycleTimeSum = 0.09058690071105957; SleepCycleTimeAvg = 5.005242377519608; SleepCycleTimeCount = 8.0; SleepCycleTimeMax = 5.005803823471069; SleepCycleTimeMin = 5.005094051361084; SleepCycleTimeStd = 0.0002447734534304119; SleepCycleTimeSum = 40.04193902015686; SubmitCycleTimeAvg = 0.3613773981730143; SubmitCycleTimeCount = 9.0; SubmitCycleTimeMax = 1.001348972320557; SubmitCycleTimeMin = 0.02683496475219727; SubmitCycleTimeStd = 0.4802246010737944; SubmitCycleTimeSum = 3.252396583557129; ]
01/12/25 11:22:28 Wrote metrics file dagman.dag.metrics.
01/12/25 11:22:28 DAGMan Runtime Statistics: [EventCycleTimeAvg = 0.4259598851203918; EventCycleTimeCount = 8.0; EventCycleTimeMax = 1.060817003250122; EventCycleTimeMin = 0.0268700122833252; EventCycleTimeStd = 0.4941766454037197; EventCycleTimeSum = 3.407679080963135; LogProcessCycleTimeAvg = 0.03019563357035319; LogProcessCycleTimeCount = 3.0; LogProcessCycleTimeMax = 0.03499698638916016; LogProcessCycleTimeMin = 0.02705597877502441; LogProcessCycleTimeStd = 0.004223248835063342; LogProcessCycleTimeSum = 0.09058690071105957; SleepCycleTimeAvg = 5.005242377519608; SleepCycleTimeCount = 8.0; SleepCycleTimeMax = 5.005803823471069; SleepCycleTimeMin = 5.005094051361084; SleepCycleTimeStd = 0.0002447734534304119; SleepCycleTimeSum = 40.04193902015686; SubmitCycleTimeAvg = 0.3613773981730143; SubmitCycleTimeCount = 9.0; SubmitCycleTimeMax = 1.001348972320557; SubmitCycleTimeMin = 0.02683496475219727; SubmitCycleTimeStd = 0.4802246010737944; SubmitCycleTimeSum = 3.252396583557129; ]
01/12/25 11:22:28 **** condor_scheduniv_exec.68.0 (condor_DAGMAN) pid 2234 EXITING WITH STATUS 1
01/12/25 11:22:32 Submitting HTCondor Node EDAJob job(s)...
01/12/25 11:22:32 Submitting node EDAJob from file eda.sub using direct job submission
01/12/25 11:22:32 ERROR: submit attempt failed, errno=2 No such file or directory
01/12/25 11:22:32 could not open submit file : eda.sub - can't open file eda.sub: No such file or directory
01/12/25 11:22:32 Submit warning: Submit:0:the line 'batch_id = 71.0' was unused by DAGMAN. Is it a typo?
|Submit:0:the line 'batch_name = dagman.dag+71' was unused by DAGMAN. Is it a typo?
|Submit:0:the line 'DAG_PARENT_NAMES = ' was unused by DAGMAN. Is it a typo?
01/12/25 11:22:32 Job submit try 3/6 failed, will try again in >= 4 seconds.
01/12/25 11:22:37 Submitting HTCondor Node EDAJob job(s)...
01/12/25 11:22:37 Submitting node EDAJob from file eda.sub using direct job submission
01/12/25 11:22:37 ERROR: submit attempt failed, errno=2 No such file or directory
01/12/25 11:22:37 could not open submit file : eda.sub - can't open file eda.sub: No such file or directory
01/12/25 11:22:37 Submit warning: Submit:0:the line 'batch_id = 71.0' was unused by DAGMAN. Is it a typo?
|Submit:0:the line 'batch_name = dagman.dag+71' was unused by DAGMAN. Is it a typo?
|Submit:0:the line 'DAG_PARENT_NAMES = ' was unused by DAGMAN. Is it a typo?
01/12/25 11:22:37 Job submit try 4/6 failed, will try again in >= 8 seconds.
01/12/25 11:22:48 Submitting HTCondor Node EDAJob job(s)...
01/12/25 11:22:48 Submitting node EDAJob from file eda.sub using direct job submission
01/12/25 11:22:48 ERROR: submit attempt failed, errno=2 No such file or directory
01/12/25 11:22:48 could not open submit file : eda.sub - can't open file eda.sub: No such file or directory
01/12/25 11:22:48 Submit warning: Submit:0:the line 'batch_id = 71.0' was unused by DAGMAN. Is it a typo?
|Submit:0:the line 'batch_name = dagman.dag+71' was unused by DAGMAN. Is it a typo?
|Submit:0:the line 'DAG_PARENT_NAMES = ' was unused by DAGMAN. Is it a typo?
01/12/25 11:22:48 Job submit try 5/6 failed, will try again in >= 16 seconds.
01/12/25 11:23:05 Submitting HTCondor Node EDAJob job(s)...
01/12/25 11:23:05 Submitting node EDAJob from file eda.sub using direct job submission
01/12/25 11:23:05 ERROR: submit attempt failed, errno=2 No such file or directory
01/12/25 11:23:05 could not open submit file : eda.sub - can't open file eda.sub: No such file or directory
01/12/25 11:23:05 Submit warning: Submit:0:the line 'batch_id = 71.0' was unused by DAGMAN. Is it a typo?
|Submit:0:the line 'batch_name = dagman.dag+71' was unused by DAGMAN. Is it a typo?
|Submit:0:the line 'DAG_PARENT_NAMES = ' was unused by DAGMAN. Is it a typo?
01/12/25 11:23:05 Node submit failed after 6 tries.
01/12/25 11:23:05 Shortcutting node EDAJob retries because of submit failure(s)
01/12/25 11:23:05 DAG status: 2 (DAG_STATUS_NODE_FAILED)
01/12/25 11:23:05 Of 3 nodes total:
01/12/25 11:23:05  Done     Pre   Queued    Post   Ready   Un-Ready   Failed   Futile
01/12/25 11:23:05   ===     ===      ===     ===     ===        ===      ===      ===
01/12/25 11:23:05     2       0        0       0       0          0        1        0
01/12/25 11:23:05 0 job proc(s) currently held
01/12/25 11:23:05 DAGMan Runtime Statistics: [EventCycleTimeAvg = 0.3976146578788757; EventCycleTimeCount = 8.0; EventCycleTimeMax = 1.001127958297729; EventCycleTimeMin = 0.02592778205871582; EventCycleTimeStd = 0.4998711815310179; EventCycleTimeSum = 3.180917263031006; LogProcessCycleTimeAvg = 0.003014802932739258; LogProcessCycleTimeCount = 1.0; LogProcessCycleTimeMax = 0.003014802932739258; LogProcessCycleTimeMin = 0.003014802932739258; LogProcessCycleTimeStd = 0.003014802932739258; LogProcessCycleTimeSum = 0.003014802932739258; SleepCycleTimeAvg = 5.004974991083145; SleepCycleTimeCount = 8.0; SleepCycleTimeMax = 5.005695819854736; SleepCycleTimeMin = 5.002929210662842; SleepCycleTimeStd = 0.0008532815323366333; SleepCycleTimeSum = 40.03979992866516; SubmitCycleTimeAvg = 0.3537936475541856; SubmitCycleTimeCount = 9.0; SubmitCycleTimeMax = 1.001101016998291; SubmitCycleTimeMin = 0.02590608596801758; SubmitCycleTimeStd = 0.4854743193009529; SubmitCycleTimeSum = 3.184142827987671; ]
01/12/25 11:23:05 ERROR: the following job(s) failed:
01/12/25 11:23:05 ---------------------- Node ----------------------
01/12/25 11:23:05       Node Name: EDAJob
01/12/25 11:23:05            Noop: false
01/12/25 11:23:05          NodeID: 2
01/12/25 11:23:05     Node Status: STATUS_ERROR    
01/12/25 11:23:05 Node return val: -1
01/12/25 11:23:05           Error: Job submit failed
01/12/25 11:23:05 Job Submit File: eda.sub
01/12/25 11:23:05  HTCondor Job ID: [not yet submitted]
01/12/25 11:23:05 PARENTS:  WAITING: 0 CHILDREN: 
01/12/25 11:23:05 ---------------------------------------	<END>
01/12/25 11:23:05 Aborting DAG...
01/12/25 11:23:05 Writing Rescue DAG to dagman.dag.rescue002...
01/12/25 11:23:05 Removing submitted jobs...
01/12/25 11:23:05 Removing any/all submitted HTCondor jobs...
01/12/25 11:23:05 Running: /usr/bin/condor_rm -const DAGManJobId==71 -reason DAG' 'Abort:' 'DAG' 'is' 'exiting' 'and' 'writing' 'rescue' 'file.
01/12/25 11:23:05 Note: 0 total node deferrals because of -MaxJobs limit (0)
01/12/25 11:23:05 Note: 0 total node deferrals because of -MaxIdle limit (1000)
01/12/25 11:23:05 Note: 0 total node deferrals because of node category throttles
01/12/25 11:23:05 Note: 0 total PRE script deferrals because of -MaxPre limit (20) or DEFER
01/12/25 11:23:05 Note: 0 total POST script deferrals because of -MaxPost limit (20) or DEFER
01/12/25 11:23:05 Note: 0 total HOLD script deferrals because of -MaxHold limit (20) or DEFER
01/12/25 11:23:05 DAG status: 2 (DAG_STATUS_NODE_FAILED)
01/12/25 11:23:05 Of 3 nodes total:
01/12/25 11:23:05  Done     Pre   Queued    Post   Ready   Un-Ready   Failed   Futile
01/12/25 11:23:05   ===     ===      ===     ===     ===        ===      ===      ===
01/12/25 11:23:05     2       0        0       0       0          0        1        0
01/12/25 11:23:05 0 job proc(s) currently held
01/12/25 11:23:05 DAGMan Runtime Statistics: [EventCycleTimeAvg = 0.3976146578788757; EventCycleTimeCount = 8.0; EventCycleTimeMax = 1.001127958297729; EventCycleTimeMin = 0.02592778205871582; EventCycleTimeStd = 0.4998711815310179; EventCycleTimeSum = 3.180917263031006; LogProcessCycleTimeAvg = 0.003014802932739258; LogProcessCycleTimeCount = 1.0; LogProcessCycleTimeMax = 0.003014802932739258; LogProcessCycleTimeMin = 0.003014802932739258; LogProcessCycleTimeStd = 0.003014802932739258; LogProcessCycleTimeSum = 0.003014802932739258; SleepCycleTimeAvg = 5.004974991083145; SleepCycleTimeCount = 8.0; SleepCycleTimeMax = 5.005695819854736; SleepCycleTimeMin = 5.002929210662842; SleepCycleTimeStd = 0.0008532815323366333; SleepCycleTimeSum = 40.03979992866516; SubmitCycleTimeAvg = 0.3537936475541856; SubmitCycleTimeCount = 9.0; SubmitCycleTimeMax = 1.001101016998291; SubmitCycleTimeMin = 0.02590608596801758; SubmitCycleTimeStd = 0.4854743193009529; SubmitCycleTimeSum = 3.184142827987671; ]
01/12/25 11:23:05 Wrote metrics file dagman.dag.metrics.
01/12/25 11:23:05 DAGMan Runtime Statistics: [EventCycleTimeAvg = 0.3976146578788757; EventCycleTimeCount = 8.0; EventCycleTimeMax = 1.001127958297729; EventCycleTimeMin = 0.02592778205871582; EventCycleTimeStd = 0.4998711815310179; EventCycleTimeSum = 3.180917263031006; LogProcessCycleTimeAvg = 0.003014802932739258; LogProcessCycleTimeCount = 1.0; LogProcessCycleTimeMax = 0.003014802932739258; LogProcessCycleTimeMin = 0.003014802932739258; LogProcessCycleTimeStd = 0.003014802932739258; LogProcessCycleTimeSum = 0.003014802932739258; SleepCycleTimeAvg = 5.004974991083145; SleepCycleTimeCount = 8.0; SleepCycleTimeMax = 5.005695819854736; SleepCycleTimeMin = 5.002929210662842; SleepCycleTimeStd = 0.0008532815323366333; SleepCycleTimeSum = 40.03979992866516; SubmitCycleTimeAvg = 0.3537936475541856; SubmitCycleTimeCount = 9.0; SubmitCycleTimeMax = 1.001101016998291; SubmitCycleTimeMin = 0.02590608596801758; SubmitCycleTimeStd = 0.4854743193009529; SubmitCycleTimeSum = 3.184142827987671; ]
01/12/25 11:23:05 **** condor_scheduniv_exec.71.0 (condor_DAGMAN) pid 2249 EXITING WITH STATUS 1
01/12/25 11:24:06 ******************************************************
01/12/25 11:24:06 ** condor_scheduniv_exec.72.0 (CONDOR_DAGMAN) STARTING UP
01/12/25 11:24:06 ** /usr/bin/condor_dagman
01/12/25 11:24:06 ** SubsystemInfo: name=DAGMAN type=DAGMAN(9) class=CLIENT(2)
01/12/25 11:24:06 ** Configuration: subsystem:DAGMAN local:<NONE> class:CLIENT
01/12/25 11:24:06 ** $CondorVersion: 23.10.19 2025-01-03 BuildID: 777890 PackageID: 23.10.19-1+ubu24 GitSHA: 91176a00 $
01/12/25 11:24:06 ** $CondorPlatform: X86_64-Ubuntu_24.04 $
01/12/25 11:24:06 ** PID = 2262 RealUID = 1000
01/12/25 11:24:06 ** Log last touched 1/12 11:23:05
01/12/25 11:24:06 ******************************************************
01/12/25 11:24:06 Using config source: /etc/condor/condor_config
01/12/25 11:24:06 Using local config sources: 
01/12/25 11:24:06    /etc/condor/config.d/00-security
01/12/25 11:24:06    /etc/condor/config.d/01-submit.config
01/12/25 11:24:06    /etc/condor/config.d/10-stash-plugin.conf
01/12/25 11:24:06    /etc/condor/condor_config.local
01/12/25 11:24:06 config Macros = 75, Sorted = 75, StringBytes = 2325, TablesBytes = 2764
01/12/25 11:24:06 CLASSAD_CACHING is ENABLED
01/12/25 11:24:06 Daemon Log is logging: D_ALWAYS D_ERROR D_STATUS
01/12/25 11:24:06 DaemonCore: No command port requested.
01/12/25 11:24:06 DAGMAN_USE_STRICT setting: 1
01/12/25 11:24:06 DAGMAN_VERBOSITY setting: 3
01/12/25 11:24:06 DAGMAN_DEBUG_CACHE_SIZE setting: 5242880
01/12/25 11:24:06 DAGMAN_DEBUG_CACHE_ENABLE setting: False
01/12/25 11:24:06 DAGMAN_SUBMIT_DELAY setting: 0
01/12/25 11:24:06 DAGMAN_MAX_SUBMIT_ATTEMPTS setting: 6
01/12/25 11:24:06 DAGMAN_STARTUP_CYCLE_DETECT setting: False
01/12/25 11:24:06 DAGMAN_MAX_SUBMITS_PER_INTERVAL setting: 100
01/12/25 11:24:06 DAGMAN_AGGRESSIVE_SUBMIT setting: False
01/12/25 11:24:06 DAGMAN_USER_LOG_SCAN_INTERVAL setting: 5
01/12/25 11:24:06 DAGMAN_QUEUE_UPDATE_INTERVAL setting: 300
01/12/25 11:24:06 DAGMAN_DEFAULT_PRIORITY setting: 0
01/12/25 11:24:06 DAGMAN_SUPPRESS_NOTIFICATION setting: False
01/12/25 11:24:06 allow_events (DAGMAN_ALLOW_EVENTS) setting: 114
01/12/25 11:24:06 DAGMAN_RETRY_SUBMIT_FIRST setting: True
01/12/25 11:24:06 DAGMAN_RETRY_NODE_FIRST setting: False
01/12/25 11:24:06 DAGMAN_MAX_JOBS_IDLE setting: 1000
01/12/25 11:24:06 DAGMAN_MAX_JOBS_SUBMITTED setting: 0
01/12/25 11:24:06 DAGMAN_MAX_PRE_SCRIPTS setting: 20
01/12/25 11:24:06 DAGMAN_MAX_POST_SCRIPTS setting: 20
01/12/25 11:24:06 DAGMAN_MAX_HOLD_SCRIPTS setting: 20
01/12/25 11:24:06 DAGMAN_MUNGE_NODE_NAMES setting: True
01/12/25 11:24:06 DAGMAN_PROHIBIT_MULTI_JOBS setting: False
01/12/25 11:24:06 DAGMAN_SUBMIT_DEPTH_FIRST setting: False
01/12/25 11:24:06 DAGMAN_ALWAYS_RUN_POST setting: False
01/12/25 11:24:06 DAGMAN_CONDOR_SUBMIT_EXE setting: /usr/bin/condor_submit
01/12/25 11:24:06 DAGMAN_CONDOR_RM_EXE setting: /usr/bin/condor_rm
01/12/25 11:24:06 DAGMAN_USE_DIRECT_SUBMIT setting: True
01/12/25 11:24:06 DAGMAN_PRODUCE_JOB_CREDENTIALS setting: True
01/12/25 11:24:06 DAGMAN_DEFAULT_APPEND_VARS setting: False
01/12/25 11:24:06 DAGMAN_INHERIT_ATTRS_PREFIX setting: 
01/12/25 11:24:06 DAGMAN_INHERIT_ATTRS setting: 
01/12/25 11:24:07 DAGMAN_ABORT_DUPLICATES setting: True
01/12/25 11:24:07 DAGMAN_ABORT_ON_SCARY_SUBMIT setting: True
01/12/25 11:24:07 DAGMAN_PENDING_REPORT_INTERVAL setting: 600
01/12/25 11:24:07 DAGMAN_CHECK_QUEUE_INTERVAL setting: 28800
01/12/25 11:24:07 DAGMAN_AUTO_RESCUE setting: True
01/12/25 11:24:07 DAGMAN_MAX_RESCUE_NUM setting: 100
01/12/25 11:24:07 DAGMAN_WRITE_PARTIAL_RESCUE setting: True
01/12/25 11:24:07 DAGMAN_DEFAULT_NODE_LOG setting: @(DAG_DIR)/@(DAG_FILE).nodes.log
01/12/25 11:24:07 DAGMAN_GENERATE_SUBDAG_SUBMITS setting: True
01/12/25 11:24:07 DAGMAN_MAX_JOB_HOLDS setting: 100
01/12/25 11:24:07 DAGMAN_HOLD_CLAIM_TIME setting: 20
01/12/25 11:24:07 DAGMAN_SUPPRESS_JOB_LOGS setting: False
01/12/25 11:24:07 DAGMAN_REMOVE_NODE_JOBS setting: True
01/12/25 11:24:07 DAGMAN_REMOVE_JOBS_AFTER_LIMIT_CHANGE setting: False
01/12/25 11:24:07 DAGMAN will adjust edges after parsing
01/12/25 11:24:07 argv[0] == "condor_scheduniv_exec.72.0"
01/12/25 11:24:07 argv[1] == "-Lockfile"
01/12/25 11:24:07 argv[2] == "dagman.dag.lock"
01/12/25 11:24:07 argv[3] == "-Dag"
01/12/25 11:24:07 argv[4] == "dagman.dag"
01/12/25 11:24:07 argv[5] == "-MaxIdle"
01/12/25 11:24:07 argv[6] == "1000"
01/12/25 11:24:07 argv[7] == "-CsdVersion"
01/12/25 11:24:07 argv[8] == "$CondorVersion: 23.10.19 2025-01-03 BuildID: 777890 PackageID: 23.10.19-1+ubu24 GitSHA: 91176a00 $"
01/12/25 11:24:07 argv[9] == "-dagman"
01/12/25 11:24:07 argv[10] == "/usr/bin/condor_dagman"
01/12/25 11:24:07 argv[11] == "-AutoRescue"
01/12/25 11:24:07 argv[12] == "1"
01/12/25 11:24:07 argv[13] == "-DoRescueFrom"
01/12/25 11:24:07 argv[14] == "0"
01/12/25 11:24:07 argv[15] == "-force"
01/12/25 11:24:07 Can't open directory "/etc/condor/passwords.d" as PRIV_ROOT, errno: 13 (Permission denied)
01/12/25 11:24:07 Can't open directory "/etc/condor/passwords.d" as PRIV_ROOT, errno: 13 (Permission denied)
01/12/25 11:24:07 Workflow batch-id: <72.0>
01/12/25 11:24:07 Workflow batch-name: <dagman.dag+72>
01/12/25 11:24:07 Workflow accounting_group: <>
01/12/25 11:24:07 Workflow accounting_group_user: <>
01/12/25 11:24:07 Warning: failed to get attribute DAGNodeName
01/12/25 11:24:07 DAGMAN_LOG_ON_NFS_IS_ERROR setting: False
01/12/25 11:24:07 Default node log file is: </home/ubuntu/wqd7008_group_project/./dagman.dag.nodes.log>
01/12/25 11:24:07 DAG Lockfile will be written to dagman.dag.lock
01/12/25 11:24:07 DAG Input file is dagman.dag
01/12/25 11:24:07 Parsing 1 dagfiles
01/12/25 11:24:07 Parsing dagman.dag ...
01/12/25 11:24:07 Adjusting edges
01/12/25 11:24:07 Dag contains 3 total nodes
01/12/25 11:24:07 Bootstrapping...
01/12/25 11:24:07 Number of pre-completed nodes: 0
01/12/25 11:24:07 MultiLogFiles: truncating log file /home/ubuntu/wqd7008_group_project/./dagman.dag.nodes.log
01/12/25 11:24:07 DAG status: 0 (DAG_STATUS_OK)
01/12/25 11:24:07 Of 3 nodes total:
01/12/25 11:24:07  Done     Pre   Queued    Post   Ready   Un-Ready   Failed   Futile
01/12/25 11:24:07   ===     ===      ===     ===     ===        ===      ===      ===
01/12/25 11:24:07     0       0        0       0       3          0        0        0
01/12/25 11:24:07 0 job proc(s) currently held
01/12/25 11:24:07 DAGMan Runtime Statistics: [EventCycleTimeCount = 0.0; EventCycleTimeSum = 0.0; LogProcessCycleTimeCount = 0.0; LogProcessCycleTimeSum = 0.0; SleepCycleTimeCount = 0.0; SleepCycleTimeSum = 0.0; SubmitCycleTimeCount = 0.0; SubmitCycleTimeSum = 0.0; ]
01/12/25 11:24:07 Registering condor_event_timer...
01/12/25 11:24:08 Submitting HTCondor Node ImportJob job(s)...
01/12/25 11:24:08 Submitting node ImportJob from file import.sub using direct job submission
01/12/25 11:24:08 	assigned HTCondor ID (73.0.0)
01/12/25 11:24:08 Submitting HTCondor Node PreprocessJob job(s)...
01/12/25 11:24:08 Submitting node PreprocessJob from file preprocess.sub using direct job submission
01/12/25 11:24:08 	assigned HTCondor ID (74.0.0)
01/12/25 11:24:08 Submitting HTCondor Node EDAJob job(s)...
01/12/25 11:24:08 Submitting node EDAJob from file eda.sub using direct job submission
01/12/25 11:24:08 ERROR: submit attempt failed, errno=2 No such file or directory
01/12/25 11:24:08 could not open submit file : eda.sub - can't open file eda.sub: No such file or directory
01/12/25 11:24:08 Submit warning: Submit:0:the line 'batch_id = 72.0' was unused by DAGMAN. Is it a typo?
|Submit:0:the line 'batch_name = dagman.dag+72' was unused by DAGMAN. Is it a typo?
|Submit:0:the line 'DAG_PARENT_NAMES = ' was unused by DAGMAN. Is it a typo?
01/12/25 11:24:08 Job submit try 1/6 failed, will try again in >= 1 second.
01/12/25 11:24:08 Just submitted 2 jobs this cycle...
01/12/25 11:24:08 DAG status: 0 (DAG_STATUS_OK)
01/12/25 11:24:08 Of 3 nodes total:
01/12/25 11:24:08  Done     Pre   Queued    Post   Ready   Un-Ready   Failed   Futile
01/12/25 11:24:08   ===     ===      ===     ===     ===        ===      ===      ===
01/12/25 11:24:08     0       0        2       0       1          0        0        0
01/12/25 11:24:08 0 job proc(s) currently held
01/12/25 11:24:08 DAGMan Runtime Statistics: [EventCycleTimeCount = 0.0; EventCycleTimeSum = 0.0; LogProcessCycleTimeCount = 0.0; LogProcessCycleTimeSum = 0.0; SleepCycleTimeCount = 0.0; SleepCycleTimeSum = 0.0; SubmitCycleTimeAvg = 0.1241588592529297; SubmitCycleTimeCount = 1.0; SubmitCycleTimeMax = 0.1241588592529297; SubmitCycleTimeMin = 0.1241588592529297; SubmitCycleTimeStd = 0.1241588592529297; SubmitCycleTimeSum = 0.1241588592529297; ]
01/12/25 11:24:13 Submitting HTCondor Node EDAJob job(s)...
01/12/25 11:24:13 Submitting node EDAJob from file eda.sub using direct job submission
01/12/25 11:24:13 ERROR: submit attempt failed, errno=2 No such file or directory
01/12/25 11:24:13 could not open submit file : eda.sub - can't open file eda.sub: No such file or directory
01/12/25 11:24:13 Submit warning: Submit:0:the line 'batch_id = 72.0' was unused by DAGMAN. Is it a typo?
|Submit:0:the line 'batch_name = dagman.dag+72' was unused by DAGMAN. Is it a typo?
|Submit:0:the line 'DAG_PARENT_NAMES = ' was unused by DAGMAN. Is it a typo?
01/12/25 11:24:13 Job submit try 2/6 failed, will try again in >= 2 seconds.
01/12/25 11:24:13 Currently monitoring 1 HTCondor log file(s)
01/12/25 11:24:13 Reassigning the id of job ImportJob from (73.0.0) to (73.0.0)
01/12/25 11:24:13 Event: ULOG_SUBMIT for HTCondor Node ImportJob (73.0.0) {01/12/25 11:24:08}
01/12/25 11:24:13 Number of idle job procs: 1
01/12/25 11:24:13 Reassigning the id of job PreprocessJob from (74.0.0) to (74.0.0)
01/12/25 11:24:13 Event: ULOG_SUBMIT for HTCondor Node PreprocessJob (74.0.0) {01/12/25 11:24:08}
01/12/25 11:24:13 Number of idle job procs: 2
01/12/25 11:24:18 Submitting HTCondor Node EDAJob job(s)...
01/12/25 11:24:18 Submitting node EDAJob from file eda.sub using direct job submission
01/12/25 11:24:18 ERROR: submit attempt failed, errno=2 No such file or directory
01/12/25 11:24:18 could not open submit file : eda.sub - can't open file eda.sub: No such file or directory
01/12/25 11:24:18 Submit warning: Submit:0:the line 'batch_id = 72.0' was unused by DAGMAN. Is it a typo?
|Submit:0:the line 'batch_name = dagman.dag+72' was unused by DAGMAN. Is it a typo?
|Submit:0:the line 'DAG_PARENT_NAMES = ' was unused by DAGMAN. Is it a typo?
01/12/25 11:24:18 Job submit try 3/6 failed, will try again in >= 4 seconds.
01/12/25 11:24:23 Submitting HTCondor Node EDAJob job(s)...
01/12/25 11:24:23 Submitting node EDAJob from file eda.sub using direct job submission
01/12/25 11:24:23 ERROR: submit attempt failed, errno=2 No such file or directory
01/12/25 11:24:23 could not open submit file : eda.sub - can't open file eda.sub: No such file or directory
01/12/25 11:24:23 Submit warning: Submit:0:the line 'batch_id = 72.0' was unused by DAGMAN. Is it a typo?
|Submit:0:the line 'batch_name = dagman.dag+72' was unused by DAGMAN. Is it a typo?
|Submit:0:the line 'DAG_PARENT_NAMES = ' was unused by DAGMAN. Is it a typo?
01/12/25 11:24:23 Job submit try 4/6 failed, will try again in >= 8 seconds.
01/12/25 11:24:29 Currently monitoring 1 HTCondor log file(s)
01/12/25 11:24:29 Event: ULOG_JOB_EVICTED for HTCondor Node PreprocessJob (74.0.0) {01/12/25 11:24:27}
01/12/25 11:24:29 Number of idle job procs: 2
01/12/25 11:24:29 Event: ULOG_JOB_HELD for HTCondor Node PreprocessJob (74.0.0) {01/12/25 11:24:27}
01/12/25 11:24:29   Hold reason: Transfer input files failure at access point ip-172-31-42-11 while sending files to execution point slot1_2@ip-172-31-17-139.ec2.internal. Details: reading from file /home/ubuntu/wqd7008_group_project/imported_data.pkl: (errno 2) No such file or directory
01/12/25 11:24:29 Number of idle job procs: 2
01/12/25 11:24:29 Event: ULOG_EXECUTE for HTCondor Node ImportJob (73.0.0) {01/12/25 11:24:27}
01/12/25 11:24:29 Number of idle job procs: 1
01/12/25 11:24:29 Event: ULOG_JOB_TERMINATED for HTCondor Node ImportJob (73.0.0) {01/12/25 11:24:28}
01/12/25 11:24:29 Number of idle job procs: 1
01/12/25 11:24:29 Node ImportJob job proc (73.0.0) completed successfully.
01/12/25 11:24:29 Node ImportJob job completed
01/12/25 11:24:29 DAG status: 0 (DAG_STATUS_OK)
01/12/25 11:24:29 Of 3 nodes total:
01/12/25 11:24:29  Done     Pre   Queued    Post   Ready   Un-Ready   Failed   Futile
01/12/25 11:24:29   ===     ===      ===     ===     ===        ===      ===      ===
01/12/25 11:24:29     1       0        1       0       1          0        0        0
01/12/25 11:24:29 1 job proc(s) currently held
01/12/25 11:24:29 DAGMan Runtime Statistics: [EventCycleTimeAvg = 0.08216166496276855; EventCycleTimeCount = 4.0; EventCycleTimeMax = 0.1688590049743652; EventCycleTimeMin = 0.03797602653503418; EventCycleTimeStd = 0.0608432768120007; EventCycleTimeSum = 0.3286466598510742; LogProcessCycleTimeAvg = 0.04662656784057617; LogProcessCycleTimeCount = 2.0; LogProcessCycleTimeMax = 0.05094408988952637; LogProcessCycleTimeMin = 0.04230904579162598; LogProcessCycleTimeStd = 0.00610589823747024; LogProcessCycleTimeSum = 0.09325313568115234; SleepCycleTimeAvg = 5.00529682636261; SleepCycleTimeCount = 4.0; SleepCycleTimeMax = 5.005656003952026; SleepCycleTimeMin = 5.005096197128296; SleepCycleTimeStd = 0.0002613767633976755; SleepCycleTimeSum = 20.02118730545044; SubmitCycleTimeAvg = 0.2484775543212891; SubmitCycleTimeCount = 5.0; SubmitCycleTimeMax = 1.001384973526001; SubmitCycleTimeMin = 0.0371699333190918; SubmitCycleTimeStd = 0.4225057725381204; SubmitCycleTimeSum = 1.242387771606445; ]
01/12/25 11:24:34 Submitting HTCondor Node EDAJob job(s)...
01/12/25 11:24:34 Submitting node EDAJob from file eda.sub using direct job submission
01/12/25 11:24:34 ERROR: submit attempt failed, errno=2 No such file or directory
01/12/25 11:24:34 could not open submit file : eda.sub - can't open file eda.sub: No such file or directory
01/12/25 11:24:34 Submit warning: Submit:0:the line 'batch_id = 72.0' was unused by DAGMAN. Is it a typo?
|Submit:0:the line 'batch_name = dagman.dag+72' was unused by DAGMAN. Is it a typo?
|Submit:0:the line 'DAG_PARENT_NAMES = ' was unused by DAGMAN. Is it a typo?
01/12/25 11:24:34 Job submit try 5/6 failed, will try again in >= 16 seconds.
01/12/25 11:24:51 Submitting HTCondor Node EDAJob job(s)...
01/12/25 11:24:51 Submitting node EDAJob from file eda.sub using direct job submission
01/12/25 11:24:51 ERROR: submit attempt failed, errno=2 No such file or directory
01/12/25 11:24:51 could not open submit file : eda.sub - can't open file eda.sub: No such file or directory
01/12/25 11:24:51 Submit warning: Submit:0:the line 'batch_id = 72.0' was unused by DAGMAN. Is it a typo?
|Submit:0:the line 'batch_name = dagman.dag+72' was unused by DAGMAN. Is it a typo?
|Submit:0:the line 'DAG_PARENT_NAMES = ' was unused by DAGMAN. Is it a typo?
01/12/25 11:24:51 Node submit failed after 6 tries.
01/12/25 11:24:51 Shortcutting node EDAJob retries because of submit failure(s)
01/12/25 11:24:51 DAG status: 2 (DAG_STATUS_NODE_FAILED)
01/12/25 11:24:51 Of 3 nodes total:
01/12/25 11:24:51  Done     Pre   Queued    Post   Ready   Un-Ready   Failed   Futile
01/12/25 11:24:51   ===     ===      ===     ===     ===        ===      ===      ===
01/12/25 11:24:51     1       0        1       0       0          0        1        0
01/12/25 11:24:51 1 job proc(s) currently held
01/12/25 11:24:51 DAGMan Runtime Statistics: [EventCycleTimeAvg = 0.4311078190803528; EventCycleTimeCount = 8.0; EventCycleTimeMax = 1.084959983825684; EventCycleTimeMin = 0.03303813934326172; EventCycleTimeStd = 0.4977009917426391; EventCycleTimeSum = 3.448862552642822; LogProcessCycleTimeAvg = 0.04662656784057617; LogProcessCycleTimeCount = 2.0; LogProcessCycleTimeMax = 0.05094408988952637; LogProcessCycleTimeMin = 0.04230904579162598; LogProcessCycleTimeStd = 0.00610589823747024; LogProcessCycleTimeSum = 0.09325313568115234; SleepCycleTimeAvg = 5.005251556634903; SleepCycleTimeCount = 8.0; SleepCycleTimeMax = 5.005656003952026; SleepCycleTimeMin = 5.0050950050354; SleepCycleTimeStd = 0.0002274150839510289; SleepCycleTimeSum = 40.04201245307922; SubmitCycleTimeAvg = 0.3691190613640679; SubmitCycleTimeCount = 9.0; SubmitCycleTimeMax = 1.001384973526001; SubmitCycleTimeMin = 0.03300881385803223; SubmitCycleTimeStd = 0.4748562068674465; SubmitCycleTimeSum = 3.322071552276611; ]
01/12/25 11:26:04 ******************************************************
01/12/25 11:26:04 ** condor_scheduniv_exec.75.0 (CONDOR_DAGMAN) STARTING UP
01/12/25 11:26:04 ** /usr/bin/condor_dagman
01/12/25 11:26:04 ** SubsystemInfo: name=DAGMAN type=DAGMAN(9) class=CLIENT(2)
01/12/25 11:26:04 ** Configuration: subsystem:DAGMAN local:<NONE> class:CLIENT
01/12/25 11:26:04 ** $CondorVersion: 23.10.19 2025-01-03 BuildID: 777890 PackageID: 23.10.19-1+ubu24 GitSHA: 91176a00 $
01/12/25 11:26:04 ** $CondorPlatform: X86_64-Ubuntu_24.04 $
01/12/25 11:26:04 ** PID = 2279 RealUID = 1000
01/12/25 11:26:04 ** Log last touched 1/12 11:25:07
01/12/25 11:26:04 ******************************************************
01/12/25 11:26:04 Using config source: /etc/condor/condor_config
01/12/25 11:26:04 Using local config sources: 
01/12/25 11:26:04    /etc/condor/config.d/00-security
01/12/25 11:26:04    /etc/condor/config.d/01-submit.config
01/12/25 11:26:04    /etc/condor/config.d/10-stash-plugin.conf
01/12/25 11:26:04    /etc/condor/condor_config.local
01/12/25 11:26:04 config Macros = 75, Sorted = 75, StringBytes = 2325, TablesBytes = 2764
01/12/25 11:26:04 CLASSAD_CACHING is ENABLED
01/12/25 11:26:04 Daemon Log is logging: D_ALWAYS D_ERROR D_STATUS
01/12/25 11:26:04 DaemonCore: No command port requested.
01/12/25 11:26:04 DAGMAN_USE_STRICT setting: 1
01/12/25 11:26:04 DAGMAN_VERBOSITY setting: 3
01/12/25 11:26:04 DAGMAN_DEBUG_CACHE_SIZE setting: 5242880
01/12/25 11:26:04 DAGMAN_DEBUG_CACHE_ENABLE setting: False
01/12/25 11:26:04 DAGMAN_SUBMIT_DELAY setting: 0
01/12/25 11:26:04 DAGMAN_MAX_SUBMIT_ATTEMPTS setting: 6
01/12/25 11:26:04 DAGMAN_STARTUP_CYCLE_DETECT setting: False
01/12/25 11:26:04 DAGMAN_MAX_SUBMITS_PER_INTERVAL setting: 100
01/12/25 11:26:04 DAGMAN_AGGRESSIVE_SUBMIT setting: False
01/12/25 11:26:04 DAGMAN_USER_LOG_SCAN_INTERVAL setting: 5
01/12/25 11:26:04 DAGMAN_QUEUE_UPDATE_INTERVAL setting: 300
01/12/25 11:26:04 DAGMAN_DEFAULT_PRIORITY setting: 0
01/12/25 11:26:04 DAGMAN_SUPPRESS_NOTIFICATION setting: False
01/12/25 11:26:04 allow_events (DAGMAN_ALLOW_EVENTS) setting: 114
01/12/25 11:26:04 DAGMAN_RETRY_SUBMIT_FIRST setting: True
01/12/25 11:26:04 DAGMAN_RETRY_NODE_FIRST setting: False
01/12/25 11:26:04 DAGMAN_MAX_JOBS_IDLE setting: 1000
01/12/25 11:26:04 DAGMAN_MAX_JOBS_SUBMITTED setting: 0
01/12/25 11:26:04 DAGMAN_MAX_PRE_SCRIPTS setting: 20
01/12/25 11:26:04 DAGMAN_MAX_POST_SCRIPTS setting: 20
01/12/25 11:26:04 DAGMAN_MAX_HOLD_SCRIPTS setting: 20
01/12/25 11:26:04 DAGMAN_MUNGE_NODE_NAMES setting: True
01/12/25 11:26:04 DAGMAN_PROHIBIT_MULTI_JOBS setting: False
01/12/25 11:26:04 DAGMAN_SUBMIT_DEPTH_FIRST setting: False
01/12/25 11:26:04 DAGMAN_ALWAYS_RUN_POST setting: False
01/12/25 11:26:04 DAGMAN_CONDOR_SUBMIT_EXE setting: /usr/bin/condor_submit
01/12/25 11:26:04 DAGMAN_CONDOR_RM_EXE setting: /usr/bin/condor_rm
01/12/25 11:26:04 DAGMAN_USE_DIRECT_SUBMIT setting: True
01/12/25 11:26:04 DAGMAN_PRODUCE_JOB_CREDENTIALS setting: True
01/12/25 11:26:05 DAGMAN_DEFAULT_APPEND_VARS setting: False
01/12/25 11:26:05 DAGMAN_INHERIT_ATTRS_PREFIX setting: 
01/12/25 11:26:05 DAGMAN_INHERIT_ATTRS setting: 
01/12/25 11:26:05 DAGMAN_ABORT_DUPLICATES setting: True
01/12/25 11:26:05 DAGMAN_ABORT_ON_SCARY_SUBMIT setting: True
01/12/25 11:26:05 DAGMAN_PENDING_REPORT_INTERVAL setting: 600
01/12/25 11:26:05 DAGMAN_CHECK_QUEUE_INTERVAL setting: 28800
01/12/25 11:26:05 DAGMAN_AUTO_RESCUE setting: True
01/12/25 11:26:05 DAGMAN_MAX_RESCUE_NUM setting: 100
01/12/25 11:26:05 DAGMAN_WRITE_PARTIAL_RESCUE setting: True
01/12/25 11:26:05 DAGMAN_DEFAULT_NODE_LOG setting: @(DAG_DIR)/@(DAG_FILE).nodes.log
01/12/25 11:26:05 DAGMAN_GENERATE_SUBDAG_SUBMITS setting: True
01/12/25 11:26:05 DAGMAN_MAX_JOB_HOLDS setting: 100
01/12/25 11:26:05 DAGMAN_HOLD_CLAIM_TIME setting: 20
01/12/25 11:26:05 DAGMAN_SUPPRESS_JOB_LOGS setting: False
01/12/25 11:26:05 DAGMAN_REMOVE_NODE_JOBS setting: True
01/12/25 11:26:05 DAGMAN_REMOVE_JOBS_AFTER_LIMIT_CHANGE setting: False
01/12/25 11:26:05 DAGMAN will adjust edges after parsing
01/12/25 11:26:05 argv[0] == "condor_scheduniv_exec.75.0"
01/12/25 11:26:05 argv[1] == "-Lockfile"
01/12/25 11:26:05 argv[2] == "dagman.dag.lock"
01/12/25 11:26:05 argv[3] == "-Dag"
01/12/25 11:26:05 argv[4] == "dagman.dag"
01/12/25 11:26:05 argv[5] == "-MaxIdle"
01/12/25 11:26:05 argv[6] == "1000"
01/12/25 11:26:05 argv[7] == "-CsdVersion"
01/12/25 11:26:05 argv[8] == "$CondorVersion: 23.10.19 2025-01-03 BuildID: 777890 PackageID: 23.10.19-1+ubu24 GitSHA: 91176a00 $"
01/12/25 11:26:05 argv[9] == "-dagman"
01/12/25 11:26:05 argv[10] == "/usr/bin/condor_dagman"
01/12/25 11:26:05 argv[11] == "-AutoRescue"
01/12/25 11:26:05 argv[12] == "1"
01/12/25 11:26:05 argv[13] == "-DoRescueFrom"
01/12/25 11:26:05 argv[14] == "0"
01/12/25 11:26:05 argv[15] == "-force"
01/12/25 11:26:05 Can't open directory "/etc/condor/passwords.d" as PRIV_ROOT, errno: 13 (Permission denied)
01/12/25 11:26:05 Can't open directory "/etc/condor/passwords.d" as PRIV_ROOT, errno: 13 (Permission denied)
01/12/25 11:26:05 Workflow batch-id: <75.0>
01/12/25 11:26:05 Workflow batch-name: <dagman.dag+75>
01/12/25 11:26:05 Workflow accounting_group: <>
01/12/25 11:26:05 Workflow accounting_group_user: <>
01/12/25 11:26:05 Warning: failed to get attribute DAGNodeName
01/12/25 11:26:05 DAGMAN_LOG_ON_NFS_IS_ERROR setting: False
01/12/25 11:26:05 Default node log file is: </home/ubuntu/wqd7008_group_project/./dagman.dag.nodes.log>
01/12/25 11:26:05 DAG Lockfile will be written to dagman.dag.lock
01/12/25 11:26:05 DAG Input file is dagman.dag
01/12/25 11:26:05 Parsing 1 dagfiles
01/12/25 11:26:05 Parsing dagman.dag ...
01/12/25 11:26:05 Adjusting edges
01/12/25 11:26:05 Dag contains 2 total nodes
01/12/25 11:26:05 Lock file dagman.dag.lock detected,
01/12/25 11:26:05 Duplicate DAGMan PID 2262 is no longer alive; this DAGMan should continue.
01/12/25 11:26:05 Bootstrapping...
01/12/25 11:26:05 Number of pre-completed nodes: 0
01/12/25 11:26:05 Running in RECOVERY mode... >>>>>>>>>>>>>>>>>>>>>>>>>>>>>>
01/12/25 11:26:05 Currently monitoring 1 HTCondor log file(s)
01/12/25 11:26:05 Event: ULOG_SUBMIT for HTCondor Node ImportJob (73.0.0) {01/12/25 11:24:08} [recovery mode]
01/12/25 11:26:05 Number of idle job procs: 1
01/12/25 11:26:05 Event: ULOG_SUBMIT for HTCondor Node PreprocessJob (74.0.0) {01/12/25 11:24:08} [recovery mode]
01/12/25 11:26:05 Error: DAG semantics violated! Node PreprocessJob was submitted but has unfinished parents!
01/12/25 11:26:05 This may indicate log file corruption; you may want to check the log files and re-run the DAG in recovery mode by giving the command 'condor_submit dagman.dag.condor.sub'
01/12/25 11:26:05 ---------------------- Node ----------------------
01/12/25 11:26:05       Node Name: PreprocessJob
01/12/25 11:26:05            Noop: false
01/12/25 11:26:05          NodeID: 1
01/12/25 11:26:05     Node Status: STATUS_READY    
01/12/25 11:26:05 Node return val: -1
01/12/25 11:26:05 Job Submit File: preprocess.sub
01/12/25 11:26:05  HTCondor Job ID: (74.0.0)
01/12/25 11:26:05 PARENTS: ImportJob WAITING: 1 CHILDREN: 
01/12/25 11:26:05 **** condor_scheduniv_exec.75.0 (condor_DAGMAN) pid 2279 EXITING WITH STATUS 1
01/12/25 11:31:10 ******************************************************
01/12/25 11:31:10 ** condor_scheduniv_exec.76.0 (CONDOR_DAGMAN) STARTING UP
01/12/25 11:31:10 ** /usr/bin/condor_dagman
01/12/25 11:31:10 ** SubsystemInfo: name=DAGMAN type=DAGMAN(9) class=CLIENT(2)
01/12/25 11:31:10 ** Configuration: subsystem:DAGMAN local:<NONE> class:CLIENT
01/12/25 11:31:10 ** $CondorVersion: 23.10.19 2025-01-03 BuildID: 777890 PackageID: 23.10.19-1+ubu24 GitSHA: 91176a00 $
01/12/25 11:31:10 ** $CondorPlatform: X86_64-Ubuntu_24.04 $
01/12/25 11:31:10 ** PID = 2304 RealUID = 1000
01/12/25 11:31:10 ** Log last touched 1/12 11:31:07
01/12/25 11:31:10 ******************************************************
01/12/25 11:31:10 Using config source: /etc/condor/condor_config
01/12/25 11:31:10 Using local config sources: 
01/12/25 11:31:10    /etc/condor/config.d/00-security
01/12/25 11:31:10    /etc/condor/config.d/01-submit.config
01/12/25 11:31:10    /etc/condor/config.d/10-stash-plugin.conf
01/12/25 11:31:10    /etc/condor/condor_config.local
01/12/25 11:31:10 config Macros = 75, Sorted = 75, StringBytes = 2325, TablesBytes = 2764
01/12/25 11:31:10 CLASSAD_CACHING is ENABLED
01/12/25 11:31:10 Daemon Log is logging: D_ALWAYS D_ERROR D_STATUS
01/12/25 11:31:10 DaemonCore: No command port requested.
01/12/25 11:31:10 DAGMAN_USE_STRICT setting: 1
01/12/25 11:31:10 DAGMAN_VERBOSITY setting: 3
01/12/25 11:31:10 DAGMAN_DEBUG_CACHE_SIZE setting: 5242880
01/12/25 11:31:10 DAGMAN_DEBUG_CACHE_ENABLE setting: False
01/12/25 11:31:10 DAGMAN_SUBMIT_DELAY setting: 0
01/12/25 11:31:10 DAGMAN_MAX_SUBMIT_ATTEMPTS setting: 6
01/12/25 11:31:10 DAGMAN_STARTUP_CYCLE_DETECT setting: False
01/12/25 11:31:10 DAGMAN_MAX_SUBMITS_PER_INTERVAL setting: 100
01/12/25 11:31:10 DAGMAN_AGGRESSIVE_SUBMIT setting: False
01/12/25 11:31:10 DAGMAN_USER_LOG_SCAN_INTERVAL setting: 5
01/12/25 11:31:10 DAGMAN_QUEUE_UPDATE_INTERVAL setting: 300
01/12/25 11:31:10 DAGMAN_DEFAULT_PRIORITY setting: 0
01/12/25 11:31:10 DAGMAN_SUPPRESS_NOTIFICATION setting: False
01/12/25 11:31:10 allow_events (DAGMAN_ALLOW_EVENTS) setting: 114
01/12/25 11:31:10 DAGMAN_RETRY_SUBMIT_FIRST setting: True
01/12/25 11:31:10 DAGMAN_RETRY_NODE_FIRST setting: False
01/12/25 11:31:10 DAGMAN_MAX_JOBS_IDLE setting: 1000
01/12/25 11:31:10 DAGMAN_MAX_JOBS_SUBMITTED setting: 0
01/12/25 11:31:10 DAGMAN_MAX_PRE_SCRIPTS setting: 20
01/12/25 11:31:10 DAGMAN_MAX_POST_SCRIPTS setting: 20
01/12/25 11:31:10 DAGMAN_MAX_HOLD_SCRIPTS setting: 20
01/12/25 11:31:10 DAGMAN_MUNGE_NODE_NAMES setting: True
01/12/25 11:31:10 DAGMAN_PROHIBIT_MULTI_JOBS setting: False
01/12/25 11:31:10 DAGMAN_SUBMIT_DEPTH_FIRST setting: False
01/12/25 11:31:10 DAGMAN_ALWAYS_RUN_POST setting: False
01/12/25 11:31:10 DAGMAN_CONDOR_SUBMIT_EXE setting: /usr/bin/condor_submit
01/12/25 11:31:10 DAGMAN_CONDOR_RM_EXE setting: /usr/bin/condor_rm
01/12/25 11:31:10 DAGMAN_USE_DIRECT_SUBMIT setting: True
01/12/25 11:31:10 DAGMAN_PRODUCE_JOB_CREDENTIALS setting: True
01/12/25 11:31:10 DAGMAN_DEFAULT_APPEND_VARS setting: False
01/12/25 11:31:10 DAGMAN_INHERIT_ATTRS_PREFIX setting: 
01/12/25 11:31:10 DAGMAN_INHERIT_ATTRS setting: 
01/12/25 11:31:10 DAGMAN_ABORT_DUPLICATES setting: True
01/12/25 11:31:10 DAGMAN_ABORT_ON_SCARY_SUBMIT setting: True
01/12/25 11:31:10 DAGMAN_PENDING_REPORT_INTERVAL setting: 600
01/12/25 11:31:10 DAGMAN_CHECK_QUEUE_INTERVAL setting: 28800
01/12/25 11:31:10 DAGMAN_AUTO_RESCUE setting: True
01/12/25 11:31:10 DAGMAN_MAX_RESCUE_NUM setting: 100
01/12/25 11:31:10 DAGMAN_WRITE_PARTIAL_RESCUE setting: True
01/12/25 11:31:10 DAGMAN_DEFAULT_NODE_LOG setting: @(DAG_DIR)/@(DAG_FILE).nodes.log
01/12/25 11:31:10 DAGMAN_GENERATE_SUBDAG_SUBMITS setting: True
01/12/25 11:31:10 DAGMAN_MAX_JOB_HOLDS setting: 100
01/12/25 11:31:10 DAGMAN_HOLD_CLAIM_TIME setting: 20
01/12/25 11:31:10 DAGMAN_SUPPRESS_JOB_LOGS setting: False
01/12/25 11:31:10 DAGMAN_REMOVE_NODE_JOBS setting: True
01/12/25 11:31:10 DAGMAN_REMOVE_JOBS_AFTER_LIMIT_CHANGE setting: False
01/12/25 11:31:10 DAGMAN will adjust edges after parsing
01/12/25 11:31:10 argv[0] == "condor_scheduniv_exec.76.0"
01/12/25 11:31:10 argv[1] == "-Lockfile"
01/12/25 11:31:10 argv[2] == "dagman.dag.lock"
01/12/25 11:31:10 argv[3] == "-Dag"
01/12/25 11:31:10 argv[4] == "dagman.dag"
01/12/25 11:31:10 argv[5] == "-MaxIdle"
01/12/25 11:31:10 argv[6] == "1000"
01/12/25 11:31:10 argv[7] == "-CsdVersion"
01/12/25 11:31:10 argv[8] == "$CondorVersion: 23.10.19 2025-01-03 BuildID: 777890 PackageID: 23.10.19-1+ubu24 GitSHA: 91176a00 $"
01/12/25 11:31:10 argv[9] == "-dagman"
01/12/25 11:31:10 argv[10] == "/usr/bin/condor_dagman"
01/12/25 11:31:10 argv[11] == "-AutoRescue"
01/12/25 11:31:10 argv[12] == "1"
01/12/25 11:31:10 argv[13] == "-DoRescueFrom"
01/12/25 11:31:11 argv[14] == "0"
01/12/25 11:31:11 argv[15] == "-force"
01/12/25 11:31:11 Can't open directory "/etc/condor/passwords.d" as PRIV_ROOT, errno: 13 (Permission denied)
01/12/25 11:31:11 Can't open directory "/etc/condor/passwords.d" as PRIV_ROOT, errno: 13 (Permission denied)
01/12/25 11:31:11 Workflow batch-id: <76.0>
01/12/25 11:31:11 Workflow batch-name: <dagman.dag+76>
01/12/25 11:31:11 Workflow accounting_group: <>
01/12/25 11:31:11 Workflow accounting_group_user: <>
01/12/25 11:31:11 Warning: failed to get attribute DAGNodeName
01/12/25 11:31:11 DAGMAN_LOG_ON_NFS_IS_ERROR setting: False
01/12/25 11:31:11 Default node log file is: </home/ubuntu/wqd7008_group_project/./dagman.dag.nodes.log>
01/12/25 11:31:11 DAG Lockfile will be written to dagman.dag.lock
01/12/25 11:31:11 DAG Input file is dagman.dag
01/12/25 11:31:11 Parsing 1 dagfiles
01/12/25 11:31:11 Parsing dagman.dag ...
01/12/25 11:31:11 Adjusting edges
01/12/25 11:31:11 Dag contains 2 total nodes
01/12/25 11:31:11 Lock file dagman.dag.lock detected,
01/12/25 11:31:11 Duplicate DAGMan PID 2279 is no longer alive; this DAGMan should continue.
01/12/25 11:31:11 Bootstrapping...
01/12/25 11:31:11 Number of pre-completed nodes: 0
01/12/25 11:31:11 Running in RECOVERY mode... >>>>>>>>>>>>>>>>>>>>>>>>>>>>>>
01/12/25 11:31:11 Currently monitoring 1 HTCondor log file(s)
01/12/25 11:31:11 Event: ULOG_SUBMIT for HTCondor Node ImportJob (73.0.0) {01/12/25 11:24:08} [recovery mode]
01/12/25 11:31:11 Number of idle job procs: 1
01/12/25 11:31:11 Event: ULOG_SUBMIT for HTCondor Node PreprocessJob (74.0.0) {01/12/25 11:24:08} [recovery mode]
01/12/25 11:31:11 Number of idle job procs: 2
01/12/25 11:31:11 Event: ULOG_JOB_EVICTED for HTCondor Node PreprocessJob (74.0.0) {01/12/25 11:24:27} [recovery mode]
01/12/25 11:31:11 Number of idle job procs: 2
01/12/25 11:31:11 Event: ULOG_JOB_HELD for HTCondor Node PreprocessJob (74.0.0) {01/12/25 11:24:27} [recovery mode]
01/12/25 11:31:11   Hold reason: Transfer input files failure at access point ip-172-31-42-11 while sending files to execution point slot1_2@ip-172-31-17-139.ec2.internal. Details: reading from file /home/ubuntu/wqd7008_group_project/imported_data.pkl: (errno 2) No such file or directory
01/12/25 11:31:11 Number of idle job procs: 2
01/12/25 11:31:11 Event: ULOG_EXECUTE for HTCondor Node ImportJob (73.0.0) {01/12/25 11:24:27} [recovery mode]
01/12/25 11:31:11 Number of idle job procs: 1
01/12/25 11:31:11 Event: ULOG_JOB_TERMINATED for HTCondor Node ImportJob (73.0.0) {01/12/25 11:24:28} [recovery mode]
01/12/25 11:31:11 Number of idle job procs: 1
01/12/25 11:31:11 Node ImportJob job proc (73.0.0) completed successfully.
01/12/25 11:31:11 Node ImportJob job completed
01/12/25 11:31:11     ------------------------------
01/12/25 11:31:11        HTCondor Recovery Complete
01/12/25 11:31:11     ------------------------------
01/12/25 11:31:11 ...done with RECOVERY mode <<<<<<<<<<<<<<<<<<<<<<<<<<<<<<
01/12/25 11:31:11 1 nodes claim to have jobs submitted to queue. Verifying...
01/12/25 11:31:11 Querying local schedd for associated jobs in queue
01/12/25 11:31:11 ERROR: DAGMan lost track of node PreprocessJob (ClusterId=74). Please resubmit DAG from produced rescue file.
01/12/25 11:31:11 Aborting DAG...
01/12/25 11:31:11 Writing Rescue DAG to dagman.dag.rescue001...
01/12/25 11:31:11 Removing submitted jobs...
01/12/25 11:31:11 Removing any/all submitted HTCondor jobs...
01/12/25 11:31:11 Running: /usr/bin/condor_rm -const DAGManJobId==76 -reason DAG' 'Abort:' 'DAG' 'is' 'exiting' 'and' 'writing' 'rescue' 'file.
01/12/25 11:31:11 Note: 0 total node deferrals because of -MaxJobs limit (0)
01/12/25 11:31:11 Note: 0 total node deferrals because of -MaxIdle limit (1000)
01/12/25 11:31:11 Note: 0 total node deferrals because of node category throttles
01/12/25 11:31:11 Note: 0 total PRE script deferrals because of -MaxPre limit (20) or DEFER
01/12/25 11:31:11 Note: 0 total POST script deferrals because of -MaxPost limit (20) or DEFER
01/12/25 11:31:11 Note: 0 total HOLD script deferrals because of -MaxHold limit (20) or DEFER
01/12/25 11:31:11 DAG status: 1 (DAG_STATUS_ERROR)
01/12/25 11:31:11 Of 2 nodes total:
01/12/25 11:31:11  Done     Pre   Queued    Post   Ready   Un-Ready   Failed   Futile
01/12/25 11:31:11   ===     ===      ===     ===     ===        ===      ===      ===
01/12/25 11:31:11     1       0        1       0       0          0        0        0
01/12/25 11:31:11 1 job proc(s) currently held
01/12/25 11:31:11 DAGMan Runtime Statistics: [EventCycleTimeCount = 0.0; EventCycleTimeSum = 0.0; LogProcessCycleTimeCount = 0.0; LogProcessCycleTimeSum = 0.0; SleepCycleTimeCount = 0.0; SleepCycleTimeSum = 0.0; SubmitCycleTimeCount = 0.0; SubmitCycleTimeSum = 0.0; ]
01/12/25 11:31:11 Wrote metrics file dagman.dag.metrics.
01/12/25 11:31:11 DAGMan Runtime Statistics: [EventCycleTimeCount = 0.0; EventCycleTimeSum = 0.0; LogProcessCycleTimeCount = 0.0; LogProcessCycleTimeSum = 0.0; SleepCycleTimeCount = 0.0; SleepCycleTimeSum = 0.0; SubmitCycleTimeCount = 0.0; SubmitCycleTimeSum = 0.0; ]
01/12/25 11:31:11 **** condor_scheduniv_exec.76.0 (condor_DAGMAN) pid 2304 EXITING WITH STATUS 1
01/12/25 11:34:32 604 seconds since last log event
01/12/25 11:34:32 Pending DAG nodes:
01/12/25 11:34:32   Node PreprocessJob, HTCondor ID 74, status STATUS_SUBMITTED
01/12/25 11:35:32 ******************************************************
01/12/25 11:35:32 ** condor_scheduniv_exec.77.0 (CONDOR_DAGMAN) STARTING UP
01/12/25 11:35:32 ** /usr/bin/condor_dagman
01/12/25 11:35:32 ** SubsystemInfo: name=DAGMAN type=DAGMAN(9) class=CLIENT(2)
01/12/25 11:35:32 ** Configuration: subsystem:DAGMAN local:<NONE> class:CLIENT
01/12/25 11:35:32 ** $CondorVersion: 23.10.19 2025-01-03 BuildID: 777890 PackageID: 23.10.19-1+ubu24 GitSHA: 91176a00 $
01/12/25 11:35:32 ** $CondorPlatform: X86_64-Ubuntu_24.04 $
01/12/25 11:35:32 ** PID = 2343 RealUID = 1000
01/12/25 11:35:32 ** Log last touched 1/12 11:35:07
01/12/25 11:35:32 ******************************************************
01/12/25 11:35:32 Using config source: /etc/condor/condor_config
01/12/25 11:35:32 Using local config sources: 
01/12/25 11:35:32    /etc/condor/config.d/00-security
01/12/25 11:35:32    /etc/condor/config.d/01-submit.config
01/12/25 11:35:32    /etc/condor/config.d/10-stash-plugin.conf
01/12/25 11:35:32    /etc/condor/condor_config.local
01/12/25 11:35:32 config Macros = 75, Sorted = 75, StringBytes = 2325, TablesBytes = 2764
01/12/25 11:35:32 CLASSAD_CACHING is ENABLED
01/12/25 11:35:32 Daemon Log is logging: D_ALWAYS D_ERROR D_STATUS
01/12/25 11:35:32 DaemonCore: No command port requested.
01/12/25 11:35:32 DAGMAN_USE_STRICT setting: 1
01/12/25 11:35:32 DAGMAN_VERBOSITY setting: 3
01/12/25 11:35:32 DAGMAN_DEBUG_CACHE_SIZE setting: 5242880
01/12/25 11:35:32 DAGMAN_DEBUG_CACHE_ENABLE setting: False
01/12/25 11:35:32 DAGMAN_SUBMIT_DELAY setting: 0
01/12/25 11:35:32 DAGMAN_MAX_SUBMIT_ATTEMPTS setting: 6
01/12/25 11:35:32 DAGMAN_STARTUP_CYCLE_DETECT setting: False
01/12/25 11:35:33 DAGMAN_MAX_SUBMITS_PER_INTERVAL setting: 100
01/12/25 11:35:33 DAGMAN_AGGRESSIVE_SUBMIT setting: False
01/12/25 11:35:33 DAGMAN_USER_LOG_SCAN_INTERVAL setting: 5
01/12/25 11:35:33 DAGMAN_QUEUE_UPDATE_INTERVAL setting: 300
01/12/25 11:35:33 DAGMAN_DEFAULT_PRIORITY setting: 0
01/12/25 11:35:33 DAGMAN_SUPPRESS_NOTIFICATION setting: False
01/12/25 11:35:33 allow_events (DAGMAN_ALLOW_EVENTS) setting: 114
01/12/25 11:35:33 DAGMAN_RETRY_SUBMIT_FIRST setting: True
01/12/25 11:35:33 DAGMAN_RETRY_NODE_FIRST setting: False
01/12/25 11:35:33 DAGMAN_MAX_JOBS_IDLE setting: 1000
01/12/25 11:35:33 DAGMAN_MAX_JOBS_SUBMITTED setting: 0
01/12/25 11:35:33 DAGMAN_MAX_PRE_SCRIPTS setting: 20
01/12/25 11:35:33 DAGMAN_MAX_POST_SCRIPTS setting: 20
01/12/25 11:35:33 DAGMAN_MAX_HOLD_SCRIPTS setting: 20
01/12/25 11:35:33 DAGMAN_MUNGE_NODE_NAMES setting: True
01/12/25 11:35:33 DAGMAN_PROHIBIT_MULTI_JOBS setting: False
01/12/25 11:35:33 DAGMAN_SUBMIT_DEPTH_FIRST setting: False
01/12/25 11:35:33 DAGMAN_ALWAYS_RUN_POST setting: False
01/12/25 11:35:33 DAGMAN_CONDOR_SUBMIT_EXE setting: /usr/bin/condor_submit
01/12/25 11:35:33 DAGMAN_CONDOR_RM_EXE setting: /usr/bin/condor_rm
01/12/25 11:35:33 DAGMAN_USE_DIRECT_SUBMIT setting: True
01/12/25 11:35:33 DAGMAN_PRODUCE_JOB_CREDENTIALS setting: True
01/12/25 11:35:33 DAGMAN_DEFAULT_APPEND_VARS setting: False
01/12/25 11:35:33 DAGMAN_INHERIT_ATTRS_PREFIX setting: 
01/12/25 11:35:33 DAGMAN_INHERIT_ATTRS setting: 
01/12/25 11:35:33 DAGMAN_ABORT_DUPLICATES setting: True
01/12/25 11:35:33 DAGMAN_ABORT_ON_SCARY_SUBMIT setting: True
01/12/25 11:35:33 DAGMAN_PENDING_REPORT_INTERVAL setting: 600
01/12/25 11:35:33 DAGMAN_CHECK_QUEUE_INTERVAL setting: 28800
01/12/25 11:35:33 DAGMAN_AUTO_RESCUE setting: True
01/12/25 11:35:33 DAGMAN_MAX_RESCUE_NUM setting: 100
01/12/25 11:35:33 DAGMAN_WRITE_PARTIAL_RESCUE setting: True
01/12/25 11:35:33 DAGMAN_DEFAULT_NODE_LOG setting: @(DAG_DIR)/@(DAG_FILE).nodes.log
01/12/25 11:35:33 DAGMAN_GENERATE_SUBDAG_SUBMITS setting: True
01/12/25 11:35:33 DAGMAN_MAX_JOB_HOLDS setting: 100
01/12/25 11:35:33 DAGMAN_HOLD_CLAIM_TIME setting: 20
01/12/25 11:35:33 DAGMAN_SUPPRESS_JOB_LOGS setting: False
01/12/25 11:35:33 DAGMAN_REMOVE_NODE_JOBS setting: True
01/12/25 11:35:33 DAGMAN_REMOVE_JOBS_AFTER_LIMIT_CHANGE setting: False
01/12/25 11:35:33 DAGMAN will adjust edges after parsing
01/12/25 11:35:33 argv[0] == "condor_scheduniv_exec.77.0"
01/12/25 11:35:33 argv[1] == "-Lockfile"
01/12/25 11:35:33 argv[2] == "dagman.dag.lock"
01/12/25 11:35:33 argv[3] == "-Dag"
01/12/25 11:35:33 argv[4] == "dagman.dag"
01/12/25 11:35:33 argv[5] == "-MaxIdle"
01/12/25 11:35:33 argv[6] == "1000"
01/12/25 11:35:33 argv[7] == "-CsdVersion"
01/12/25 11:35:33 argv[8] == "$CondorVersion: 23.10.19 2025-01-03 BuildID: 777890 PackageID: 23.10.19-1+ubu24 GitSHA: 91176a00 $"
01/12/25 11:35:33 argv[9] == "-dagman"
01/12/25 11:35:33 argv[10] == "/usr/bin/condor_dagman"
01/12/25 11:35:33 argv[11] == "-AutoRescue"
01/12/25 11:35:33 argv[12] == "1"
01/12/25 11:35:33 argv[13] == "-DoRescueFrom"
01/12/25 11:35:33 argv[14] == "0"
01/12/25 11:35:33 argv[15] == "-force"
01/12/25 11:35:33 Can't open directory "/etc/condor/passwords.d" as PRIV_ROOT, errno: 13 (Permission denied)
01/12/25 11:35:33 Can't open directory "/etc/condor/passwords.d" as PRIV_ROOT, errno: 13 (Permission denied)
01/12/25 11:35:33 Workflow batch-id: <77.0>
01/12/25 11:35:33 Workflow batch-name: <dagman.dag+77>
01/12/25 11:35:33 Workflow accounting_group: <>
01/12/25 11:35:33 Workflow accounting_group_user: <>
01/12/25 11:35:33 Warning: failed to get attribute DAGNodeName
01/12/25 11:35:33 DAGMAN_LOG_ON_NFS_IS_ERROR setting: False
01/12/25 11:35:33 Default node log file is: </home/ubuntu/wqd7008_group_project/./dagman.dag.nodes.log>
01/12/25 11:35:33 DAG Lockfile will be written to dagman.dag.lock
01/12/25 11:35:33 DAG Input file is dagman.dag
01/12/25 11:35:33 Parsing 1 dagfiles
01/12/25 11:35:33 Parsing dagman.dag ...
01/12/25 11:35:33 Adjusting edges
01/12/25 11:35:33 Dag contains 2 total nodes
01/12/25 11:35:33 Bootstrapping...
01/12/25 11:35:33 Number of pre-completed nodes: 0
01/12/25 11:35:33 MultiLogFiles: truncating log file /home/ubuntu/wqd7008_group_project/./dagman.dag.nodes.log
01/12/25 11:35:33 DAG status: 0 (DAG_STATUS_OK)
01/12/25 11:35:33 Of 2 nodes total:
01/12/25 11:35:33  Done     Pre   Queued    Post   Ready   Un-Ready   Failed   Futile
01/12/25 11:35:33   ===     ===      ===     ===     ===        ===      ===      ===
01/12/25 11:35:33     0       0        0       0       2          0        0        0
01/12/25 11:35:33 0 job proc(s) currently held
01/12/25 11:35:33 DAGMan Runtime Statistics: [EventCycleTimeCount = 0.0; EventCycleTimeSum = 0.0; LogProcessCycleTimeCount = 0.0; LogProcessCycleTimeSum = 0.0; SleepCycleTimeCount = 0.0; SleepCycleTimeSum = 0.0; SubmitCycleTimeCount = 0.0; SubmitCycleTimeSum = 0.0; ]
01/12/25 11:35:33 Registering condor_event_timer...
01/12/25 11:35:34 Submitting HTCondor Node ImportJob job(s)...
01/12/25 11:35:34 Submitting node ImportJob from file import.sub using direct job submission
01/12/25 11:35:34 	assigned HTCondor ID (78.0.0)
01/12/25 11:35:34 Submitting HTCondor Node PreprocessJob job(s)...
01/12/25 11:35:34 Submitting node PreprocessJob from file preprocess.sub using direct job submission
01/12/25 11:35:34 	assigned HTCondor ID (79.0.0)
01/12/25 11:35:34 Just submitted 2 jobs this cycle...
01/12/25 11:35:34 DAG status: 0 (DAG_STATUS_OK)
01/12/25 11:35:34 Of 2 nodes total:
01/12/25 11:35:34  Done     Pre   Queued    Post   Ready   Un-Ready   Failed   Futile
01/12/25 11:35:34   ===     ===      ===     ===     ===        ===      ===      ===
01/12/25 11:35:34     0       0        2       0       0          0        0        0
01/12/25 11:35:34 0 job proc(s) currently held
01/12/25 11:35:34 DAGMan Runtime Statistics: [EventCycleTimeCount = 0.0; EventCycleTimeSum = 0.0; LogProcessCycleTimeCount = 0.0; LogProcessCycleTimeSum = 0.0; SleepCycleTimeCount = 0.0; SleepCycleTimeSum = 0.0; SubmitCycleTimeAvg = 0.08594894409179688; SubmitCycleTimeCount = 1.0; SubmitCycleTimeMax = 0.08594894409179688; SubmitCycleTimeMin = 0.08594894409179688; SubmitCycleTimeStd = 0.08594894409179688; SubmitCycleTimeSum = 0.08594894409179688; ]
01/12/25 11:35:37 ERROR: log file /home/ubuntu/wqd7008_group_project/./dagman.dag.nodes.log has shrunk, probably due to being overwritten. Aborting.
01/12/25 11:35:37 MultiLogFiles: detected error, cleaning up all log monitors
01/12/25 11:35:37 DAGMan exiting due to error in log file
01/12/25 11:35:37 DAG status: 1 (DAG_STATUS_ERROR)
01/12/25 11:35:37 Of 3 nodes total:
01/12/25 11:35:37  Done     Pre   Queued    Post   Ready   Un-Ready   Failed   Futile
01/12/25 11:35:37   ===     ===      ===     ===     ===        ===      ===      ===
01/12/25 11:35:37     1       0        1       0       0          0        1        0
01/12/25 11:35:37 1 job proc(s) currently held
01/12/25 11:35:37 DAGMan Runtime Statistics: [EventCycleTimeAvg = 0.02613987017722025; EventCycleTimeCount = 137.0; EventCycleTimeMax = 1.084959983825684; EventCycleTimeMin = 1.9073486328125E-05; EventCycleTimeStd = 0.1518518718091147; EventCycleTimeSum = 3.581162214279175; LogProcessCycleTimeAvg = 0.04662656784057617; LogProcessCycleTimeCount = 2.0; LogProcessCycleTimeMax = 0.05094408988952637; LogProcessCycleTimeMin = 0.04230904579162598; LogProcessCycleTimeStd = 0.00610589823747024; LogProcessCycleTimeSum = 0.09325313568115234; SleepCycleTimeAvg = 5.005379816041375; SleepCycleTimeCount = 137.0; SleepCycleTimeMax = 5.01052188873291; SleepCycleTimeMin = 5.000855922698975; SleepCycleTimeStd = 0.001193960066898398; SleepCycleTimeSum = 685.7370347976685; SubmitCycleTimeAvg = 0.0242517934228382; SubmitCycleTimeCount = 137.0; SubmitCycleTimeMax = 1.001384973526001; SubmitCycleTimeMin = 1.9073486328125E-06; SubmitCycleTimeStd = 0.1472685320668493; SubmitCycleTimeSum = 3.322495698928833; ]
01/12/25 11:35:37 Wrote metrics file dagman.dag.metrics.
01/12/25 11:35:37 **** condor_scheduniv_exec.72.0 (condor_DAGMAN) pid 2262 EXITING WITH STATUS 2
01/12/25 11:35:39 Currently monitoring 1 HTCondor log file(s)
01/12/25 11:35:39 Reassigning the id of job ImportJob from (78.0.0) to (78.0.0)
01/12/25 11:35:39 Event: ULOG_SUBMIT for HTCondor Node ImportJob (78.0.0) {01/12/25 11:35:34}
01/12/25 11:35:39 Number of idle job procs: 1
01/12/25 11:35:39 Reassigning the id of job PreprocessJob from (79.0.0) to (79.0.0)
01/12/25 11:35:39 Event: ULOG_SUBMIT for HTCondor Node PreprocessJob (79.0.0) {01/12/25 11:35:34}
01/12/25 11:35:39 Number of idle job procs: 2
01/12/25 11:35:39 ERROR: node for condor ID 74.0.0 not found! (might be because of node retries)
01/12/25 11:35:39 Event: ULOG_JOB_ABORTED for unknown Node (74.0.0) {01/12/25 11:35:37}: ignoring...
01/12/25 11:35:49 Currently monitoring 1 HTCondor log file(s)
01/12/25 11:35:49 Event: ULOG_JOB_EVICTED for HTCondor Node PreprocessJob (79.0.0) {01/12/25 11:35:46}
01/12/25 11:35:49 Number of idle job procs: 2
01/12/25 11:35:49 Event: ULOG_JOB_HELD for HTCondor Node PreprocessJob (79.0.0) {01/12/25 11:35:46}
01/12/25 11:35:49   Hold reason: Transfer input files failure at access point ip-172-31-42-11 while sending files to execution point slot1_2@ip-172-31-17-139.ec2.internal. Details: reading from file /home/ubuntu/wqd7008_group_project/imported_data.pkl: (errno 2) No such file or directory
01/12/25 11:35:49 Number of idle job procs: 2
01/12/25 11:35:49 Event: ULOG_EXECUTE for HTCondor Node ImportJob (78.0.0) {01/12/25 11:35:46}
01/12/25 11:35:49 Number of idle job procs: 1
01/12/25 11:35:49 Event: ULOG_JOB_TERMINATED for HTCondor Node ImportJob (78.0.0) {01/12/25 11:35:46}
01/12/25 11:35:49 Number of idle job procs: 1
01/12/25 11:35:49 Node ImportJob job proc (78.0.0) completed successfully.
01/12/25 11:35:49 Node ImportJob job completed
01/12/25 11:35:49 DAG status: 0 (DAG_STATUS_OK)
01/12/25 11:35:49 Of 2 nodes total:
01/12/25 11:35:49  Done     Pre   Queued    Post   Ready   Un-Ready   Failed   Futile
01/12/25 11:35:49   ===     ===      ===     ===     ===        ===      ===      ===
01/12/25 11:35:49     1       0        1       0       0          0        0        0
01/12/25 11:35:49 1 job proc(s) currently held
01/12/25 11:35:49 DAGMan Runtime Statistics: [EventCycleTimeAvg = 0.0631566047668457; EventCycleTimeCount = 3.0; EventCycleTimeMax = 0.1339647769927979; EventCycleTimeMin = 3.504753112792969E-05; EventCycleTimeStd = 0.06729491916872399; EventCycleTimeSum = 0.1894698143005371; LogProcessCycleTimeAvg = 0.05279850959777832; LogProcessCycleTimeCount = 2.0; LogProcessCycleTimeMax = 0.05439901351928711; LogProcessCycleTimeMin = 0.05119800567626953; LogProcessCycleTimeStd = 0.002263454352429053; LogProcessCycleTimeSum = 0.1055970191955566; SleepCycleTimeAvg = 5.005121390024821; SleepCycleTimeCount = 3.0; SleepCycleTimeMax = 5.005169153213501; SleepCycleTimeMin = 5.005096197128296; SleepCycleTimeStd = 4.138485738927779E-05; SleepCycleTimeSum = 15.01536417007446; SubmitCycleTimeAvg = 0.02148991823196411; SubmitCycleTimeCount = 4.0; SubmitCycleTimeMax = 0.08594894409179688; SubmitCycleTimeMin = 2.86102294921875E-06; SubmitCycleTimeStd = 0.04297268390964167; SubmitCycleTimeSum = 0.08595967292785645; ]
01/12/25 11:37:23 ******************************************************
01/12/25 11:37:23 ** condor_scheduniv_exec.80.0 (CONDOR_DAGMAN) STARTING UP
01/12/25 11:37:23 ** /usr/bin/condor_dagman
01/12/25 11:37:23 ** SubsystemInfo: name=DAGMAN type=DAGMAN(9) class=CLIENT(2)
01/12/25 11:37:23 ** Configuration: subsystem:DAGMAN local:<NONE> class:CLIENT
01/12/25 11:37:23 ** $CondorVersion: 23.10.19 2025-01-03 BuildID: 777890 PackageID: 23.10.19-1+ubu24 GitSHA: 91176a00 $
01/12/25 11:37:23 ** $CondorPlatform: X86_64-Ubuntu_24.04 $
01/12/25 11:37:23 ** PID = 2387 RealUID = 1000
01/12/25 11:37:23 ** Log last touched 1/12 11:36:33
01/12/25 11:37:23 ******************************************************
01/12/25 11:37:23 Using config source: /etc/condor/condor_config
01/12/25 11:37:23 Using local config sources: 
01/12/25 11:37:23    /etc/condor/config.d/00-security
01/12/25 11:37:23    /etc/condor/config.d/01-submit.config
01/12/25 11:37:23    /etc/condor/config.d/10-stash-plugin.conf
01/12/25 11:37:23    /etc/condor/condor_config.local
01/12/25 11:37:23 config Macros = 75, Sorted = 75, StringBytes = 2325, TablesBytes = 2764
01/12/25 11:37:23 CLASSAD_CACHING is ENABLED
01/12/25 11:37:23 Daemon Log is logging: D_ALWAYS D_ERROR D_STATUS
01/12/25 11:37:23 DaemonCore: No command port requested.
01/12/25 11:37:23 DAGMAN_USE_STRICT setting: 1
01/12/25 11:37:23 DAGMAN_VERBOSITY setting: 3
01/12/25 11:37:23 DAGMAN_DEBUG_CACHE_SIZE setting: 5242880
01/12/25 11:37:23 DAGMAN_DEBUG_CACHE_ENABLE setting: False
01/12/25 11:37:23 DAGMAN_SUBMIT_DELAY setting: 0
01/12/25 11:37:23 DAGMAN_MAX_SUBMIT_ATTEMPTS setting: 6
01/12/25 11:37:23 DAGMAN_STARTUP_CYCLE_DETECT setting: False
01/12/25 11:37:23 DAGMAN_MAX_SUBMITS_PER_INTERVAL setting: 100
01/12/25 11:37:23 DAGMAN_AGGRESSIVE_SUBMIT setting: False
01/12/25 11:37:23 DAGMAN_USER_LOG_SCAN_INTERVAL setting: 5
01/12/25 11:37:23 DAGMAN_QUEUE_UPDATE_INTERVAL setting: 300
01/12/25 11:37:23 DAGMAN_DEFAULT_PRIORITY setting: 0
01/12/25 11:37:23 DAGMAN_SUPPRESS_NOTIFICATION setting: False
01/12/25 11:37:23 allow_events (DAGMAN_ALLOW_EVENTS) setting: 114
01/12/25 11:37:23 DAGMAN_RETRY_SUBMIT_FIRST setting: True
01/12/25 11:37:23 DAGMAN_RETRY_NODE_FIRST setting: False
01/12/25 11:37:23 DAGMAN_MAX_JOBS_IDLE setting: 1000
01/12/25 11:37:23 DAGMAN_MAX_JOBS_SUBMITTED setting: 0
01/12/25 11:37:23 DAGMAN_MAX_PRE_SCRIPTS setting: 20
01/12/25 11:37:23 DAGMAN_MAX_POST_SCRIPTS setting: 20
01/12/25 11:37:23 DAGMAN_MAX_HOLD_SCRIPTS setting: 20
01/12/25 11:37:23 DAGMAN_MUNGE_NODE_NAMES setting: True
01/12/25 11:37:23 DAGMAN_PROHIBIT_MULTI_JOBS setting: False
01/12/25 11:37:23 DAGMAN_SUBMIT_DEPTH_FIRST setting: False
01/12/25 11:37:23 DAGMAN_ALWAYS_RUN_POST setting: False
01/12/25 11:37:23 DAGMAN_CONDOR_SUBMIT_EXE setting: /usr/bin/condor_submit
01/12/25 11:37:23 DAGMAN_CONDOR_RM_EXE setting: /usr/bin/condor_rm
01/12/25 11:37:23 DAGMAN_USE_DIRECT_SUBMIT setting: True
01/12/25 11:37:23 DAGMAN_PRODUCE_JOB_CREDENTIALS setting: True
01/12/25 11:37:23 DAGMAN_DEFAULT_APPEND_VARS setting: False
01/12/25 11:37:23 DAGMAN_INHERIT_ATTRS_PREFIX setting: 
01/12/25 11:37:23 DAGMAN_INHERIT_ATTRS setting: 
01/12/25 11:37:23 DAGMAN_ABORT_DUPLICATES setting: True
01/12/25 11:37:23 DAGMAN_ABORT_ON_SCARY_SUBMIT setting: True
01/12/25 11:37:23 DAGMAN_PENDING_REPORT_INTERVAL setting: 600
01/12/25 11:37:23 DAGMAN_CHECK_QUEUE_INTERVAL setting: 28800
01/12/25 11:37:23 DAGMAN_AUTO_RESCUE setting: True
01/12/25 11:37:23 DAGMAN_MAX_RESCUE_NUM setting: 100
01/12/25 11:37:23 DAGMAN_WRITE_PARTIAL_RESCUE setting: True
01/12/25 11:37:23 DAGMAN_DEFAULT_NODE_LOG setting: @(DAG_DIR)/@(DAG_FILE).nodes.log
01/12/25 11:37:23 DAGMAN_GENERATE_SUBDAG_SUBMITS setting: True
01/12/25 11:37:23 DAGMAN_MAX_JOB_HOLDS setting: 100
01/12/25 11:37:23 DAGMAN_HOLD_CLAIM_TIME setting: 20
01/12/25 11:37:23 DAGMAN_SUPPRESS_JOB_LOGS setting: False
01/12/25 11:37:23 DAGMAN_REMOVE_NODE_JOBS setting: True
01/12/25 11:37:23 DAGMAN_REMOVE_JOBS_AFTER_LIMIT_CHANGE setting: False
01/12/25 11:37:23 DAGMAN will adjust edges after parsing
01/12/25 11:37:23 argv[0] == "condor_scheduniv_exec.80.0"
01/12/25 11:37:23 argv[1] == "-Lockfile"
01/12/25 11:37:23 argv[2] == "dagman.dag.lock"
01/12/25 11:37:23 argv[3] == "-Dag"
01/12/25 11:37:23 argv[4] == "dagman.dag"
01/12/25 11:37:23 argv[5] == "-MaxIdle"
01/12/25 11:37:23 argv[6] == "1000"
01/12/25 11:37:23 argv[7] == "-CsdVersion"
01/12/25 11:37:23 argv[8] == "$CondorVersion: 23.10.19 2025-01-03 BuildID: 777890 PackageID: 23.10.19-1+ubu24 GitSHA: 91176a00 $"
01/12/25 11:37:23 argv[9] == "-dagman"
01/12/25 11:37:23 argv[10] == "/usr/bin/condor_dagman"
01/12/25 11:37:23 argv[11] == "-AutoRescue"
01/12/25 11:37:23 argv[12] == "1"
01/12/25 11:37:23 argv[13] == "-DoRescueFrom"
01/12/25 11:37:23 argv[14] == "0"
01/12/25 11:37:23 argv[15] == "-force"
01/12/25 11:37:23 Can't open directory "/etc/condor/passwords.d" as PRIV_ROOT, errno: 13 (Permission denied)
01/12/25 11:37:23 Can't open directory "/etc/condor/passwords.d" as PRIV_ROOT, errno: 13 (Permission denied)
01/12/25 11:37:23 Workflow batch-id: <80.0>
01/12/25 11:37:23 Workflow batch-name: <dagman.dag+80>
01/12/25 11:37:23 Workflow accounting_group: <>
01/12/25 11:37:23 Workflow accounting_group_user: <>
01/12/25 11:37:23 Warning: failed to get attribute DAGNodeName
01/12/25 11:37:23 DAGMAN_LOG_ON_NFS_IS_ERROR setting: False
01/12/25 11:37:23 Default node log file is: </home/ubuntu/wqd7008_group_project/./dagman.dag.nodes.log>
01/12/25 11:37:23 DAG Lockfile will be written to dagman.dag.lock
01/12/25 11:37:23 DAG Input file is dagman.dag
01/12/25 11:37:23 Parsing 1 dagfiles
01/12/25 11:37:23 Parsing dagman.dag ...
01/12/25 11:37:23 Adjusting edges
01/12/25 11:37:23 Dag contains 2 total nodes
01/12/25 11:37:23 Lock file dagman.dag.lock detected,
01/12/25 11:37:23 Duplicate DAGMan PID 2343 is no longer alive; this DAGMan should continue.
01/12/25 11:37:23 Bootstrapping...
01/12/25 11:37:23 Number of pre-completed nodes: 0
01/12/25 11:37:23 Running in RECOVERY mode... >>>>>>>>>>>>>>>>>>>>>>>>>>>>>>
01/12/25 11:37:23 Currently monitoring 1 HTCondor log file(s)
01/12/25 11:37:23 Event: ULOG_SUBMIT for HTCondor Node ImportJob (78.0.0) {01/12/25 11:35:34} [recovery mode]
01/12/25 11:37:23 Number of idle job procs: 1
01/12/25 11:37:23 Event: ULOG_SUBMIT for HTCondor Node PreprocessJob (79.0.0) {01/12/25 11:35:34} [recovery mode]
01/12/25 11:37:23 Number of idle job procs: 2
01/12/25 11:37:23 ERROR: node for condor ID 74.0.0 not found! (might be because of node retries)
01/12/25 11:37:23 Event: ULOG_JOB_ABORTED for unknown Node (74.0.0) {01/12/25 11:35:37}: ignoring... [recovery mode]
01/12/25 11:37:23 Event: ULOG_JOB_EVICTED for HTCondor Node PreprocessJob (79.0.0) {01/12/25 11:35:46} [recovery mode]
01/12/25 11:37:23 Number of idle job procs: 2
01/12/25 11:37:23 Event: ULOG_JOB_HELD for HTCondor Node PreprocessJob (79.0.0) {01/12/25 11:35:46} [recovery mode]
01/12/25 11:37:23   Hold reason: Transfer input files failure at access point ip-172-31-42-11 while sending files to execution point slot1_2@ip-172-31-17-139.ec2.internal. Details: reading from file /home/ubuntu/wqd7008_group_project/imported_data.pkl: (errno 2) No such file or directory
01/12/25 11:37:23 Number of idle job procs: 2
01/12/25 11:37:23 Event: ULOG_EXECUTE for HTCondor Node ImportJob (78.0.0) {01/12/25 11:35:46} [recovery mode]
01/12/25 11:37:23 Number of idle job procs: 1
01/12/25 11:37:23 Event: ULOG_JOB_TERMINATED for HTCondor Node ImportJob (78.0.0) {01/12/25 11:35:46} [recovery mode]
01/12/25 11:37:23 Number of idle job procs: 1
01/12/25 11:37:23 Node ImportJob job proc (78.0.0) completed successfully.
01/12/25 11:37:23 Node ImportJob job completed
01/12/25 11:37:23     ------------------------------
01/12/25 11:37:23        HTCondor Recovery Complete
01/12/25 11:37:23     ------------------------------
01/12/25 11:37:23 ...done with RECOVERY mode <<<<<<<<<<<<<<<<<<<<<<<<<<<<<<
01/12/25 11:37:23 1 nodes claim to have jobs submitted to queue. Verifying...
01/12/25 11:37:23 Querying local schedd for associated jobs in queue
01/12/25 11:37:23 ERROR: DAGMan lost track of node PreprocessJob (ClusterId=79). Please resubmit DAG from produced rescue file.
01/12/25 11:37:23 Aborting DAG...
01/12/25 11:37:23 Writing Rescue DAG to dagman.dag.rescue001...
01/12/25 11:37:23 Removing submitted jobs...
01/12/25 11:37:23 Removing any/all submitted HTCondor jobs...
01/12/25 11:37:23 Running: /usr/bin/condor_rm -const DAGManJobId==80 -reason DAG' 'Abort:' 'DAG' 'is' 'exiting' 'and' 'writing' 'rescue' 'file.
01/12/25 11:37:24 Note: 0 total node deferrals because of -MaxJobs limit (0)
01/12/25 11:37:24 Note: 0 total node deferrals because of -MaxIdle limit (1000)
01/12/25 11:37:24 Note: 0 total node deferrals because of node category throttles
01/12/25 11:37:24 Note: 0 total PRE script deferrals because of -MaxPre limit (20) or DEFER
01/12/25 11:37:24 Note: 0 total POST script deferrals because of -MaxPost limit (20) or DEFER
01/12/25 11:37:24 Note: 0 total HOLD script deferrals because of -MaxHold limit (20) or DEFER
01/12/25 11:37:24 DAG status: 1 (DAG_STATUS_ERROR)
01/12/25 11:37:24 Of 2 nodes total:
01/12/25 11:37:24  Done     Pre   Queued    Post   Ready   Un-Ready   Failed   Futile
01/12/25 11:37:24   ===     ===      ===     ===     ===        ===      ===      ===
01/12/25 11:37:24     1       0        1       0       0          0        0        0
01/12/25 11:37:24 1 job proc(s) currently held
01/12/25 11:37:24 DAGMan Runtime Statistics: [EventCycleTimeCount = 0.0; EventCycleTimeSum = 0.0; LogProcessCycleTimeCount = 0.0; LogProcessCycleTimeSum = 0.0; SleepCycleTimeCount = 0.0; SleepCycleTimeSum = 0.0; SubmitCycleTimeCount = 0.0; SubmitCycleTimeSum = 0.0; ]
01/12/25 11:37:24 Wrote metrics file dagman.dag.metrics.
01/12/25 11:37:24 DAGMan Runtime Statistics: [EventCycleTimeCount = 0.0; EventCycleTimeSum = 0.0; LogProcessCycleTimeCount = 0.0; LogProcessCycleTimeSum = 0.0; SleepCycleTimeCount = 0.0; SleepCycleTimeSum = 0.0; SubmitCycleTimeCount = 0.0; SubmitCycleTimeSum = 0.0; ]
01/12/25 11:37:24 **** condor_scheduniv_exec.80.0 (condor_DAGMAN) pid 2387 EXITING WITH STATUS 1
01/12/25 11:41:55 ******************************************************
01/12/25 11:41:55 ** condor_scheduniv_exec.81.0 (CONDOR_DAGMAN) STARTING UP
01/12/25 11:41:55 ** /usr/bin/condor_dagman
01/12/25 11:41:55 ** SubsystemInfo: name=DAGMAN type=DAGMAN(9) class=CLIENT(2)
01/12/25 11:41:55 ** Configuration: subsystem:DAGMAN local:<NONE> class:CLIENT
01/12/25 11:41:55 ** $CondorVersion: 23.10.19 2025-01-03 BuildID: 777890 PackageID: 23.10.19-1+ubu24 GitSHA: 91176a00 $
01/12/25 11:41:55 ** $CondorPlatform: X86_64-Ubuntu_24.04 $
01/12/25 11:41:55 ** PID = 2436 RealUID = 1000
01/12/25 11:41:55 ** Log last touched 1/12 11:41:34
01/12/25 11:41:55 ******************************************************
01/12/25 11:41:55 Using config source: /etc/condor/condor_config
01/12/25 11:41:55 Using local config sources: 
01/12/25 11:41:55    /etc/condor/config.d/00-security
01/12/25 11:41:55    /etc/condor/config.d/01-submit.config
01/12/25 11:41:55    /etc/condor/config.d/10-stash-plugin.conf
01/12/25 11:41:55    /etc/condor/condor_config.local
01/12/25 11:41:55 config Macros = 75, Sorted = 75, StringBytes = 2325, TablesBytes = 2764
01/12/25 11:41:55 CLASSAD_CACHING is ENABLED
01/12/25 11:41:55 Daemon Log is logging: D_ALWAYS D_ERROR D_STATUS
01/12/25 11:41:55 DaemonCore: No command port requested.
01/12/25 11:41:55 DAGMAN_USE_STRICT setting: 1
01/12/25 11:41:55 DAGMAN_VERBOSITY setting: 3
01/12/25 11:41:55 DAGMAN_DEBUG_CACHE_SIZE setting: 5242880
01/12/25 11:41:55 DAGMAN_DEBUG_CACHE_ENABLE setting: False
01/12/25 11:41:55 DAGMAN_SUBMIT_DELAY setting: 0
01/12/25 11:41:55 DAGMAN_MAX_SUBMIT_ATTEMPTS setting: 6
01/12/25 11:41:55 DAGMAN_STARTUP_CYCLE_DETECT setting: False
01/12/25 11:41:55 DAGMAN_MAX_SUBMITS_PER_INTERVAL setting: 100
01/12/25 11:41:55 DAGMAN_AGGRESSIVE_SUBMIT setting: False
01/12/25 11:41:55 DAGMAN_USER_LOG_SCAN_INTERVAL setting: 5
01/12/25 11:41:55 DAGMAN_QUEUE_UPDATE_INTERVAL setting: 300
01/12/25 11:41:55 DAGMAN_DEFAULT_PRIORITY setting: 0
01/12/25 11:41:55 DAGMAN_SUPPRESS_NOTIFICATION setting: False
01/12/25 11:41:55 allow_events (DAGMAN_ALLOW_EVENTS) setting: 114
01/12/25 11:41:55 DAGMAN_RETRY_SUBMIT_FIRST setting: True
01/12/25 11:41:55 DAGMAN_RETRY_NODE_FIRST setting: False
01/12/25 11:41:55 DAGMAN_MAX_JOBS_IDLE setting: 1000
01/12/25 11:41:55 DAGMAN_MAX_JOBS_SUBMITTED setting: 0
01/12/25 11:41:55 DAGMAN_MAX_PRE_SCRIPTS setting: 20
01/12/25 11:41:55 DAGMAN_MAX_POST_SCRIPTS setting: 20
01/12/25 11:41:55 DAGMAN_MAX_HOLD_SCRIPTS setting: 20
01/12/25 11:41:55 DAGMAN_MUNGE_NODE_NAMES setting: True
01/12/25 11:41:55 DAGMAN_PROHIBIT_MULTI_JOBS setting: False
01/12/25 11:41:55 DAGMAN_SUBMIT_DEPTH_FIRST setting: False
01/12/25 11:41:55 DAGMAN_ALWAYS_RUN_POST setting: False
01/12/25 11:41:55 DAGMAN_CONDOR_SUBMIT_EXE setting: /usr/bin/condor_submit
01/12/25 11:41:55 DAGMAN_CONDOR_RM_EXE setting: /usr/bin/condor_rm
01/12/25 11:41:55 DAGMAN_USE_DIRECT_SUBMIT setting: True
01/12/25 11:41:55 DAGMAN_PRODUCE_JOB_CREDENTIALS setting: True
01/12/25 11:41:55 DAGMAN_DEFAULT_APPEND_VARS setting: False
01/12/25 11:41:55 DAGMAN_INHERIT_ATTRS_PREFIX setting: 
01/12/25 11:41:55 DAGMAN_INHERIT_ATTRS setting: 
01/12/25 11:41:55 DAGMAN_ABORT_DUPLICATES setting: True
01/12/25 11:41:55 DAGMAN_ABORT_ON_SCARY_SUBMIT setting: True
01/12/25 11:41:55 DAGMAN_PENDING_REPORT_INTERVAL setting: 600
01/12/25 11:41:55 DAGMAN_CHECK_QUEUE_INTERVAL setting: 28800
01/12/25 11:41:55 DAGMAN_AUTO_RESCUE setting: True
01/12/25 11:41:55 DAGMAN_MAX_RESCUE_NUM setting: 100
01/12/25 11:41:55 DAGMAN_WRITE_PARTIAL_RESCUE setting: True
01/12/25 11:41:55 DAGMAN_DEFAULT_NODE_LOG setting: @(DAG_DIR)/@(DAG_FILE).nodes.log
01/12/25 11:41:55 DAGMAN_GENERATE_SUBDAG_SUBMITS setting: True
01/12/25 11:41:55 DAGMAN_MAX_JOB_HOLDS setting: 100
01/12/25 11:41:55 DAGMAN_HOLD_CLAIM_TIME setting: 20
01/12/25 11:41:55 DAGMAN_SUPPRESS_JOB_LOGS setting: False
01/12/25 11:41:56 DAGMAN_REMOVE_NODE_JOBS setting: True
01/12/25 11:41:56 DAGMAN_REMOVE_JOBS_AFTER_LIMIT_CHANGE setting: False
01/12/25 11:41:56 DAGMAN will adjust edges after parsing
01/12/25 11:41:56 argv[0] == "condor_scheduniv_exec.81.0"
01/12/25 11:41:56 argv[1] == "-Lockfile"
01/12/25 11:41:56 argv[2] == "dagman.dag.lock"
01/12/25 11:41:56 argv[3] == "-Dag"
01/12/25 11:41:56 argv[4] == "dagman.dag"
01/12/25 11:41:56 argv[5] == "-MaxIdle"
01/12/25 11:41:56 argv[6] == "1000"
01/12/25 11:41:56 argv[7] == "-CsdVersion"
01/12/25 11:41:56 argv[8] == "$CondorVersion: 23.10.19 2025-01-03 BuildID: 777890 PackageID: 23.10.19-1+ubu24 GitSHA: 91176a00 $"
01/12/25 11:41:56 argv[9] == "-dagman"
01/12/25 11:41:56 argv[10] == "/usr/bin/condor_dagman"
01/12/25 11:41:56 argv[11] == "-AutoRescue"
01/12/25 11:41:56 argv[12] == "1"
01/12/25 11:41:56 argv[13] == "-DoRescueFrom"
01/12/25 11:41:56 argv[14] == "0"
01/12/25 11:41:56 argv[15] == "-force"
01/12/25 11:41:56 Can't open directory "/etc/condor/passwords.d" as PRIV_ROOT, errno: 13 (Permission denied)
01/12/25 11:41:56 Can't open directory "/etc/condor/passwords.d" as PRIV_ROOT, errno: 13 (Permission denied)
01/12/25 11:41:56 Workflow batch-id: <81.0>
01/12/25 11:41:56 Workflow batch-name: <dagman.dag+81>
01/12/25 11:41:56 Workflow accounting_group: <>
01/12/25 11:41:56 Workflow accounting_group_user: <>
01/12/25 11:41:56 Warning: failed to get attribute DAGNodeName
01/12/25 11:41:56 DAGMAN_LOG_ON_NFS_IS_ERROR setting: False
01/12/25 11:41:56 Default node log file is: </home/ubuntu/wqd7008_group_project/./dagman.dag.nodes.log>
01/12/25 11:41:56 DAG Lockfile will be written to dagman.dag.lock
01/12/25 11:41:56 DAG Input file is dagman.dag
01/12/25 11:41:56 Parsing 1 dagfiles
01/12/25 11:41:56 Parsing dagman.dag ...
01/12/25 11:41:56 Adjusting edges
01/12/25 11:41:56 Dag contains 2 total nodes
01/12/25 11:41:56 Bootstrapping...
01/12/25 11:41:56 Number of pre-completed nodes: 0
01/12/25 11:41:56 MultiLogFiles: truncating log file /home/ubuntu/wqd7008_group_project/./dagman.dag.nodes.log
01/12/25 11:41:56 DAG status: 0 (DAG_STATUS_OK)
01/12/25 11:41:56 Of 2 nodes total:
01/12/25 11:41:56  Done     Pre   Queued    Post   Ready   Un-Ready   Failed   Futile
01/12/25 11:41:56   ===     ===      ===     ===     ===        ===      ===      ===
01/12/25 11:41:56     0       0        0       0       2          0        0        0
01/12/25 11:41:56 0 job proc(s) currently held
01/12/25 11:41:56 DAGMan Runtime Statistics: [EventCycleTimeCount = 0.0; EventCycleTimeSum = 0.0; LogProcessCycleTimeCount = 0.0; LogProcessCycleTimeSum = 0.0; SleepCycleTimeCount = 0.0; SleepCycleTimeSum = 0.0; SubmitCycleTimeCount = 0.0; SubmitCycleTimeSum = 0.0; ]
01/12/25 11:41:56 Registering condor_event_timer...
01/12/25 11:41:57 Submitting HTCondor Node ImportJob job(s)...
01/12/25 11:41:57 Submitting node ImportJob from file import.sub using direct job submission
01/12/25 11:41:57 	assigned HTCondor ID (82.0.0)
01/12/25 11:41:57 Submitting HTCondor Node PreprocessJob job(s)...
01/12/25 11:41:57 Submitting node PreprocessJob from file preprocess.sub using direct job submission
01/12/25 11:41:57 	assigned HTCondor ID (83.0.0)
01/12/25 11:41:57 Just submitted 2 jobs this cycle...
01/12/25 11:41:57 DAG status: 0 (DAG_STATUS_OK)
01/12/25 11:41:57 Of 2 nodes total:
01/12/25 11:41:57  Done     Pre   Queued    Post   Ready   Un-Ready   Failed   Futile
01/12/25 11:41:57   ===     ===      ===     ===     ===        ===      ===      ===
01/12/25 11:41:57     0       0        2       0       0          0        0        0
01/12/25 11:41:57 0 job proc(s) currently held
01/12/25 11:41:57 DAGMan Runtime Statistics: [EventCycleTimeCount = 0.0; EventCycleTimeSum = 0.0; LogProcessCycleTimeCount = 0.0; LogProcessCycleTimeSum = 0.0; SleepCycleTimeCount = 0.0; SleepCycleTimeSum = 0.0; SubmitCycleTimeAvg = 0.08296799659729004; SubmitCycleTimeCount = 1.0; SubmitCycleTimeMax = 0.08296799659729004; SubmitCycleTimeMin = 0.08296799659729004; SubmitCycleTimeStd = 0.08296799659729004; SubmitCycleTimeSum = 0.08296799659729004; ]
01/12/25 11:41:59 ERROR: log file /home/ubuntu/wqd7008_group_project/./dagman.dag.nodes.log has shrunk, probably due to being overwritten. Aborting.
01/12/25 11:41:59 MultiLogFiles: detected error, cleaning up all log monitors
01/12/25 11:41:59 DAGMan exiting due to error in log file
01/12/25 11:41:59 DAG status: 1 (DAG_STATUS_ERROR)
01/12/25 11:41:59 Of 2 nodes total:
01/12/25 11:41:59  Done     Pre   Queued    Post   Ready   Un-Ready   Failed   Futile
01/12/25 11:41:59   ===     ===      ===     ===     ===        ===      ===      ===
01/12/25 11:41:59     1       0        1       0       0          0        0        0
01/12/25 11:41:59 1 job proc(s) currently held
01/12/25 11:41:59 DAGMan Runtime Statistics: [EventCycleTimeAvg = 0.003713880266462054; EventCycleTimeCount = 77.0; EventCycleTimeMax = 0.1339647769927979; EventCycleTimeMin = 1.883506774902344E-05; EventCycleTimeStd = 0.01902274063462779; EventCycleTimeSum = 0.2859687805175781; LogProcessCycleTimeAvg = 0.05279850959777832; LogProcessCycleTimeCount = 2.0; LogProcessCycleTimeMax = 0.05439901351928711; LogProcessCycleTimeMin = 0.05119800567626953; LogProcessCycleTimeStd = 0.002263454352429053; LogProcessCycleTimeSum = 0.1055970191955566; SleepCycleTimeAvg = 4.992382597613644; SleepCycleTimeCount = 77.0; SleepCycleTimeMax = 5.009675025939941; SleepCycleTimeMin = 4.008605003356934; SleepCycleTimeStd = 0.1135935128753245; SleepCycleTimeSum = 384.4134600162506; SubmitCycleTimeAvg = 0.001119495986343978; SubmitCycleTimeCount = 77.0; SubmitCycleTimeMax = 0.08594894409179688; SubmitCycleTimeMin = 1.9073486328125E-06; SubmitCycleTimeStd = 0.009794413055907388; SubmitCycleTimeSum = 0.08620119094848633; ]
01/12/25 11:41:59 Wrote metrics file dagman.dag.metrics.
01/12/25 11:41:59 **** condor_scheduniv_exec.77.0 (condor_DAGMAN) pid 2343 EXITING WITH STATUS 2
01/12/25 11:42:02 Currently monitoring 1 HTCondor log file(s)
01/12/25 11:42:02 Reassigning the id of job ImportJob from (82.0.0) to (82.0.0)
01/12/25 11:42:02 Event: ULOG_SUBMIT for HTCondor Node ImportJob (82.0.0) {01/12/25 11:41:57}
01/12/25 11:42:02 Number of idle job procs: 1
01/12/25 11:42:02 Reassigning the id of job PreprocessJob from (83.0.0) to (83.0.0)
01/12/25 11:42:02 Event: ULOG_SUBMIT for HTCondor Node PreprocessJob (83.0.0) {01/12/25 11:41:57}
01/12/25 11:42:02 Number of idle job procs: 2
01/12/25 11:42:02 ERROR: node for condor ID 79.0.0 not found! (might be because of node retries)
01/12/25 11:42:02 Event: ULOG_JOB_ABORTED for unknown Node (79.0.0) {01/12/25 11:41:59}: ignoring...
01/12/25 11:42:17 Currently monitoring 1 HTCondor log file(s)
01/12/25 11:42:17 Event: ULOG_JOB_EVICTED for HTCondor Node PreprocessJob (83.0.0) {01/12/25 11:42:16}
01/12/25 11:42:17 Number of idle job procs: 2
01/12/25 11:42:17 Event: ULOG_JOB_HELD for HTCondor Node PreprocessJob (83.0.0) {01/12/25 11:42:16}
01/12/25 11:42:17   Hold reason: Transfer input files failure at access point ip-172-31-42-11 while sending files to execution point slot1_2@ip-172-31-17-139.ec2.internal. Details: reading from file /home/ubuntu/wqd7008_group_project/imported_data.pkl: (errno 2) No such file or directory
01/12/25 11:42:17 Number of idle job procs: 2
01/12/25 11:42:17 Event: ULOG_EXECUTE for HTCondor Node ImportJob (82.0.0) {01/12/25 11:42:16}
01/12/25 11:42:17 Number of idle job procs: 1
01/12/25 11:42:17 Event: ULOG_JOB_TERMINATED for HTCondor Node ImportJob (82.0.0) {01/12/25 11:42:17}
01/12/25 11:42:17 Number of idle job procs: 1
01/12/25 11:42:17 Node ImportJob job proc (82.0.0) completed successfully.
01/12/25 11:42:17 Node ImportJob job completed
01/12/25 11:42:17 DAG status: 0 (DAG_STATUS_OK)
01/12/25 11:42:17 Of 2 nodes total:
01/12/25 11:42:17  Done     Pre   Queued    Post   Ready   Un-Ready   Failed   Futile
01/12/25 11:42:17   ===     ===      ===     ===     ===        ===      ===      ===
01/12/25 11:42:17     1       0        1       0       0          0        0        0
01/12/25 11:42:17 1 job proc(s) currently held
01/12/25 11:42:17 DAGMan Runtime Statistics: [EventCycleTimeAvg = 0.04793572425842285; EventCycleTimeCount = 4.0; EventCycleTimeMax = 0.1331617832183838; EventCycleTimeMin = 2.908706665039062E-05; EventCycleTimeStd = 0.06315470545670507; EventCycleTimeSum = 0.1917428970336914; LogProcessCycleTimeAvg = 0.05427443981170654; LogProcessCycleTimeCount = 2.0; LogProcessCycleTimeMax = 0.05781102180480957; LogProcessCycleTimeMin = 0.05073785781860352; LogProcessCycleTimeStd = 0.005001482219090773; LogProcessCycleTimeSum = 0.1085488796234131; SleepCycleTimeAvg = 5.005168497562408; SleepCycleTimeCount = 4.0; SleepCycleTimeMax = 5.005300998687744; SleepCycleTimeMin = 5.005090951919556; SleepCycleTimeStd = 9.84853204976492E-05; SleepCycleTimeSum = 20.02067399024963; SubmitCycleTimeAvg = 0.0165964126586914; SubmitCycleTimeCount = 5.0; SubmitCycleTimeMax = 0.08296799659729004; SubmitCycleTimeMin = 3.099441528320312E-06; SubmitCycleTimeStd = 0.03710284336770165; SubmitCycleTimeSum = 0.08298206329345703; ]
01/12/25 11:48:46 ******************************************************
01/12/25 11:48:46 ** condor_scheduniv_exec.84.0 (CONDOR_DAGMAN) STARTING UP
01/12/25 11:48:46 ** /usr/bin/condor_dagman
01/12/25 11:48:46 ** SubsystemInfo: name=DAGMAN type=DAGMAN(9) class=CLIENT(2)
01/12/25 11:48:46 ** Configuration: subsystem:DAGMAN local:<NONE> class:CLIENT
01/12/25 11:48:46 ** $CondorVersion: 23.10.19 2025-01-03 BuildID: 777890 PackageID: 23.10.19-1+ubu24 GitSHA: 91176a00 $
01/12/25 11:48:46 ** $CondorPlatform: X86_64-Ubuntu_24.04 $
01/12/25 11:48:46 ** PID = 2472 RealUID = 1000
01/12/25 11:48:46 ** Log last touched 1/12 11:47:56
01/12/25 11:48:46 ******************************************************
01/12/25 11:48:46 Using config source: /etc/condor/condor_config
01/12/25 11:48:46 Using local config sources: 
01/12/25 11:48:46    /etc/condor/config.d/00-security
01/12/25 11:48:46    /etc/condor/config.d/01-submit.config
01/12/25 11:48:46    /etc/condor/config.d/10-stash-plugin.conf
01/12/25 11:48:46    /etc/condor/condor_config.local
01/12/25 11:48:46 config Macros = 75, Sorted = 75, StringBytes = 2325, TablesBytes = 2764
01/12/25 11:48:46 CLASSAD_CACHING is ENABLED
01/12/25 11:48:46 Daemon Log is logging: D_ALWAYS D_ERROR D_STATUS
01/12/25 11:48:46 DaemonCore: No command port requested.
01/12/25 11:48:46 DAGMAN_USE_STRICT setting: 1
01/12/25 11:48:46 DAGMAN_VERBOSITY setting: 3
01/12/25 11:48:46 DAGMAN_DEBUG_CACHE_SIZE setting: 5242880
01/12/25 11:48:46 DAGMAN_DEBUG_CACHE_ENABLE setting: False
01/12/25 11:48:46 DAGMAN_SUBMIT_DELAY setting: 0
01/12/25 11:48:46 DAGMAN_MAX_SUBMIT_ATTEMPTS setting: 6
01/12/25 11:48:46 DAGMAN_STARTUP_CYCLE_DETECT setting: False
01/12/25 11:48:46 DAGMAN_MAX_SUBMITS_PER_INTERVAL setting: 100
01/12/25 11:48:46 DAGMAN_AGGRESSIVE_SUBMIT setting: False
01/12/25 11:48:46 DAGMAN_USER_LOG_SCAN_INTERVAL setting: 5
01/12/25 11:48:46 DAGMAN_QUEUE_UPDATE_INTERVAL setting: 300
01/12/25 11:48:46 DAGMAN_DEFAULT_PRIORITY setting: 0
01/12/25 11:48:46 DAGMAN_SUPPRESS_NOTIFICATION setting: False
01/12/25 11:48:46 allow_events (DAGMAN_ALLOW_EVENTS) setting: 114
01/12/25 11:48:46 DAGMAN_RETRY_SUBMIT_FIRST setting: True
01/12/25 11:48:46 DAGMAN_RETRY_NODE_FIRST setting: False
01/12/25 11:48:46 DAGMAN_MAX_JOBS_IDLE setting: 1000
01/12/25 11:48:46 DAGMAN_MAX_JOBS_SUBMITTED setting: 0
01/12/25 11:48:46 DAGMAN_MAX_PRE_SCRIPTS setting: 20
01/12/25 11:48:46 DAGMAN_MAX_POST_SCRIPTS setting: 20
01/12/25 11:48:46 DAGMAN_MAX_HOLD_SCRIPTS setting: 20
01/12/25 11:48:46 DAGMAN_MUNGE_NODE_NAMES setting: True
01/12/25 11:48:46 DAGMAN_PROHIBIT_MULTI_JOBS setting: False
01/12/25 11:48:46 DAGMAN_SUBMIT_DEPTH_FIRST setting: False
01/12/25 11:48:46 DAGMAN_ALWAYS_RUN_POST setting: False
01/12/25 11:48:46 DAGMAN_CONDOR_SUBMIT_EXE setting: /usr/bin/condor_submit
01/12/25 11:48:46 DAGMAN_CONDOR_RM_EXE setting: /usr/bin/condor_rm
01/12/25 11:48:46 DAGMAN_USE_DIRECT_SUBMIT setting: True
01/12/25 11:48:46 DAGMAN_PRODUCE_JOB_CREDENTIALS setting: True
01/12/25 11:48:46 DAGMAN_DEFAULT_APPEND_VARS setting: False
01/12/25 11:48:46 DAGMAN_INHERIT_ATTRS_PREFIX setting: 
01/12/25 11:48:46 DAGMAN_INHERIT_ATTRS setting: 
01/12/25 11:48:46 DAGMAN_ABORT_DUPLICATES setting: True
01/12/25 11:48:46 DAGMAN_ABORT_ON_SCARY_SUBMIT setting: True
01/12/25 11:48:46 DAGMAN_PENDING_REPORT_INTERVAL setting: 600
01/12/25 11:48:46 DAGMAN_CHECK_QUEUE_INTERVAL setting: 28800
01/12/25 11:48:46 DAGMAN_AUTO_RESCUE setting: True
01/12/25 11:48:46 DAGMAN_MAX_RESCUE_NUM setting: 100
01/12/25 11:48:46 DAGMAN_WRITE_PARTIAL_RESCUE setting: True
01/12/25 11:48:46 DAGMAN_DEFAULT_NODE_LOG setting: @(DAG_DIR)/@(DAG_FILE).nodes.log
01/12/25 11:48:46 DAGMAN_GENERATE_SUBDAG_SUBMITS setting: True
01/12/25 11:48:46 DAGMAN_MAX_JOB_HOLDS setting: 100
01/12/25 11:48:46 DAGMAN_HOLD_CLAIM_TIME setting: 20
01/12/25 11:48:46 DAGMAN_SUPPRESS_JOB_LOGS setting: False
01/12/25 11:48:46 DAGMAN_REMOVE_NODE_JOBS setting: True
01/12/25 11:48:46 DAGMAN_REMOVE_JOBS_AFTER_LIMIT_CHANGE setting: False
01/12/25 11:48:46 DAGMAN will adjust edges after parsing
01/12/25 11:48:46 argv[0] == "condor_scheduniv_exec.84.0"
01/12/25 11:48:46 argv[1] == "-Lockfile"
01/12/25 11:48:46 argv[2] == "dagman.dag.lock"
01/12/25 11:48:46 argv[3] == "-Dag"
01/12/25 11:48:46 argv[4] == "dagman.dag"
01/12/25 11:48:46 argv[5] == "-MaxIdle"
01/12/25 11:48:46 argv[6] == "1000"
01/12/25 11:48:46 argv[7] == "-CsdVersion"
01/12/25 11:48:46 argv[8] == "$CondorVersion: 23.10.19 2025-01-03 BuildID: 777890 PackageID: 23.10.19-1+ubu24 GitSHA: 91176a00 $"
01/12/25 11:48:46 argv[9] == "-dagman"
01/12/25 11:48:46 argv[10] == "/usr/bin/condor_dagman"
01/12/25 11:48:46 argv[11] == "-AutoRescue"
01/12/25 11:48:46 argv[12] == "1"
01/12/25 11:48:46 argv[13] == "-DoRescueFrom"
01/12/25 11:48:46 argv[14] == "0"
01/12/25 11:48:46 argv[15] == "-force"
01/12/25 11:48:46 Can't open directory "/etc/condor/passwords.d" as PRIV_ROOT, errno: 13 (Permission denied)
01/12/25 11:48:46 Can't open directory "/etc/condor/passwords.d" as PRIV_ROOT, errno: 13 (Permission denied)
01/12/25 11:48:46 Workflow batch-id: <84.0>
01/12/25 11:48:46 Workflow batch-name: <dagman.dag+84>
01/12/25 11:48:46 Workflow accounting_group: <>
01/12/25 11:48:46 Workflow accounting_group_user: <>
01/12/25 11:48:46 Warning: failed to get attribute DAGNodeName
01/12/25 11:48:46 DAGMAN_LOG_ON_NFS_IS_ERROR setting: False
01/12/25 11:48:46 Default node log file is: </home/ubuntu/wqd7008_group_project/./dagman.dag.nodes.log>
01/12/25 11:48:46 DAG Lockfile will be written to dagman.dag.lock
01/12/25 11:48:47 DAG Input file is dagman.dag
01/12/25 11:48:47 Parsing 1 dagfiles
01/12/25 11:48:47 Parsing dagman.dag ...
01/12/25 11:48:47 Adjusting edges
01/12/25 11:48:47 Dag contains 2 total nodes
01/12/25 11:48:47 Lock file dagman.dag.lock detected,
01/12/25 11:48:47 Duplicate DAGMan PID 2436 is no longer alive; this DAGMan should continue.
01/12/25 11:48:47 Bootstrapping...
01/12/25 11:48:47 Number of pre-completed nodes: 0
01/12/25 11:48:47 Running in RECOVERY mode... >>>>>>>>>>>>>>>>>>>>>>>>>>>>>>
01/12/25 11:48:47 Currently monitoring 1 HTCondor log file(s)
01/12/25 11:48:47 Event: ULOG_SUBMIT for HTCondor Node ImportJob (82.0.0) {01/12/25 11:41:57} [recovery mode]
01/12/25 11:48:47 Number of idle job procs: 1
01/12/25 11:48:47 Event: ULOG_SUBMIT for HTCondor Node PreprocessJob (83.0.0) {01/12/25 11:41:57} [recovery mode]
01/12/25 11:48:47 Number of idle job procs: 2
01/12/25 11:48:47 ERROR: node for condor ID 79.0.0 not found! (might be because of node retries)
01/12/25 11:48:47 Event: ULOG_JOB_ABORTED for unknown Node (79.0.0) {01/12/25 11:41:59}: ignoring... [recovery mode]
01/12/25 11:48:47 Event: ULOG_JOB_EVICTED for HTCondor Node PreprocessJob (83.0.0) {01/12/25 11:42:16} [recovery mode]
01/12/25 11:48:47 Number of idle job procs: 2
01/12/25 11:48:47 Event: ULOG_JOB_HELD for HTCondor Node PreprocessJob (83.0.0) {01/12/25 11:42:16} [recovery mode]
01/12/25 11:48:47   Hold reason: Transfer input files failure at access point ip-172-31-42-11 while sending files to execution point slot1_2@ip-172-31-17-139.ec2.internal. Details: reading from file /home/ubuntu/wqd7008_group_project/imported_data.pkl: (errno 2) No such file or directory
01/12/25 11:48:47 Number of idle job procs: 2
01/12/25 11:48:47 Event: ULOG_EXECUTE for HTCondor Node ImportJob (82.0.0) {01/12/25 11:42:16} [recovery mode]
01/12/25 11:48:47 Number of idle job procs: 1
01/12/25 11:48:47 Event: ULOG_JOB_TERMINATED for HTCondor Node ImportJob (82.0.0) {01/12/25 11:42:17} [recovery mode]
01/12/25 11:48:47 Number of idle job procs: 1
01/12/25 11:48:47 Node ImportJob job proc (82.0.0) completed successfully.
01/12/25 11:48:47 Node ImportJob job completed
01/12/25 11:48:47     ------------------------------
01/12/25 11:48:47        HTCondor Recovery Complete
01/12/25 11:48:47     ------------------------------
01/12/25 11:48:47 ...done with RECOVERY mode <<<<<<<<<<<<<<<<<<<<<<<<<<<<<<
01/12/25 11:48:47 1 nodes claim to have jobs submitted to queue. Verifying...
01/12/25 11:48:47 Querying local schedd for associated jobs in queue
01/12/25 11:48:47 ERROR: DAGMan lost track of node PreprocessJob (ClusterId=83). Please resubmit DAG from produced rescue file.
01/12/25 11:48:47 Aborting DAG...
01/12/25 11:48:47 Writing Rescue DAG to dagman.dag.rescue001...
01/12/25 11:48:47 Removing submitted jobs...
01/12/25 11:48:47 Removing any/all submitted HTCondor jobs...
01/12/25 11:48:47 Running: /usr/bin/condor_rm -const DAGManJobId==84 -reason DAG' 'Abort:' 'DAG' 'is' 'exiting' 'and' 'writing' 'rescue' 'file.
01/12/25 11:48:47 Note: 0 total node deferrals because of -MaxJobs limit (0)
01/12/25 11:48:47 Note: 0 total node deferrals because of -MaxIdle limit (1000)
01/12/25 11:48:47 Note: 0 total node deferrals because of node category throttles
01/12/25 11:48:47 Note: 0 total PRE script deferrals because of -MaxPre limit (20) or DEFER
01/12/25 11:48:47 Note: 0 total POST script deferrals because of -MaxPost limit (20) or DEFER
01/12/25 11:48:47 Note: 0 total HOLD script deferrals because of -MaxHold limit (20) or DEFER
01/12/25 11:48:47 DAG status: 1 (DAG_STATUS_ERROR)
01/12/25 11:48:47 Of 2 nodes total:
01/12/25 11:48:47  Done     Pre   Queued    Post   Ready   Un-Ready   Failed   Futile
01/12/25 11:48:47   ===     ===      ===     ===     ===        ===      ===      ===
01/12/25 11:48:47     1       0        1       0       0          0        0        0
01/12/25 11:48:47 1 job proc(s) currently held
01/12/25 11:48:47 DAGMan Runtime Statistics: [EventCycleTimeCount = 0.0; EventCycleTimeSum = 0.0; LogProcessCycleTimeCount = 0.0; LogProcessCycleTimeSum = 0.0; SleepCycleTimeCount = 0.0; SleepCycleTimeSum = 0.0; SubmitCycleTimeCount = 0.0; SubmitCycleTimeSum = 0.0; ]
01/12/25 11:48:47 Wrote metrics file dagman.dag.metrics.
01/12/25 11:48:47 DAGMan Runtime Statistics: [EventCycleTimeCount = 0.0; EventCycleTimeSum = 0.0; LogProcessCycleTimeCount = 0.0; LogProcessCycleTimeSum = 0.0; SleepCycleTimeCount = 0.0; SleepCycleTimeSum = 0.0; SubmitCycleTimeCount = 0.0; SubmitCycleTimeSum = 0.0; ]
01/12/25 11:48:47 **** condor_scheduniv_exec.84.0 (condor_DAGMAN) pid 2472 EXITING WITH STATUS 1
01/12/25 11:52:17 600 seconds since last log event
01/12/25 11:52:17 Pending DAG nodes:
01/12/25 11:52:17   Node PreprocessJob, HTCondor ID 83, status STATUS_SUBMITTED
01/12/25 11:53:42 ******************************************************
01/12/25 11:53:42 ** condor_scheduniv_exec.85.0 (CONDOR_DAGMAN) STARTING UP
01/12/25 11:53:42 ** /usr/bin/condor_dagman
01/12/25 11:53:42 ** SubsystemInfo: name=DAGMAN type=DAGMAN(9) class=CLIENT(2)
01/12/25 11:53:42 ** Configuration: subsystem:DAGMAN local:<NONE> class:CLIENT
01/12/25 11:53:42 ** $CondorVersion: 23.10.19 2025-01-03 BuildID: 777890 PackageID: 23.10.19-1+ubu24 GitSHA: 91176a00 $
01/12/25 11:53:42 ** $CondorPlatform: X86_64-Ubuntu_24.04 $
01/12/25 11:53:42 ** PID = 2509 RealUID = 1000
01/12/25 11:53:42 ** Log last touched 1/12 11:52:57
01/12/25 11:53:42 ******************************************************
01/12/25 11:53:42 Using config source: /etc/condor/condor_config
01/12/25 11:53:42 Using local config sources: 
01/12/25 11:53:42    /etc/condor/config.d/00-security
01/12/25 11:53:42    /etc/condor/config.d/01-submit.config
01/12/25 11:53:42    /etc/condor/config.d/10-stash-plugin.conf
01/12/25 11:53:42    /etc/condor/condor_config.local
01/12/25 11:53:42 config Macros = 75, Sorted = 75, StringBytes = 2325, TablesBytes = 2764
01/12/25 11:53:42 CLASSAD_CACHING is ENABLED
01/12/25 11:53:42 Daemon Log is logging: D_ALWAYS D_ERROR D_STATUS
01/12/25 11:53:42 DaemonCore: No command port requested.
01/12/25 11:53:42 DAGMAN_USE_STRICT setting: 1
01/12/25 11:53:42 DAGMAN_VERBOSITY setting: 3
01/12/25 11:53:42 DAGMAN_DEBUG_CACHE_SIZE setting: 5242880
01/12/25 11:53:42 DAGMAN_DEBUG_CACHE_ENABLE setting: False
01/12/25 11:53:42 DAGMAN_SUBMIT_DELAY setting: 0
01/12/25 11:53:42 DAGMAN_MAX_SUBMIT_ATTEMPTS setting: 6
01/12/25 11:53:42 DAGMAN_STARTUP_CYCLE_DETECT setting: False
01/12/25 11:53:42 DAGMAN_MAX_SUBMITS_PER_INTERVAL setting: 100
01/12/25 11:53:42 DAGMAN_AGGRESSIVE_SUBMIT setting: False
01/12/25 11:53:42 DAGMAN_USER_LOG_SCAN_INTERVAL setting: 5
01/12/25 11:53:42 DAGMAN_QUEUE_UPDATE_INTERVAL setting: 300
01/12/25 11:53:42 DAGMAN_DEFAULT_PRIORITY setting: 0
01/12/25 11:53:42 DAGMAN_SUPPRESS_NOTIFICATION setting: False
01/12/25 11:53:42 allow_events (DAGMAN_ALLOW_EVENTS) setting: 114
01/12/25 11:53:42 DAGMAN_RETRY_SUBMIT_FIRST setting: True
01/12/25 11:53:42 DAGMAN_RETRY_NODE_FIRST setting: False
01/12/25 11:53:42 DAGMAN_MAX_JOBS_IDLE setting: 1000
01/12/25 11:53:42 DAGMAN_MAX_JOBS_SUBMITTED setting: 0
01/12/25 11:53:42 DAGMAN_MAX_PRE_SCRIPTS setting: 20
01/12/25 11:53:42 DAGMAN_MAX_POST_SCRIPTS setting: 20
01/12/25 11:53:42 DAGMAN_MAX_HOLD_SCRIPTS setting: 20
01/12/25 11:53:42 DAGMAN_MUNGE_NODE_NAMES setting: True
01/12/25 11:53:42 DAGMAN_PROHIBIT_MULTI_JOBS setting: False
01/12/25 11:53:42 DAGMAN_SUBMIT_DEPTH_FIRST setting: False
01/12/25 11:53:43 DAGMAN_ALWAYS_RUN_POST setting: False
01/12/25 11:53:43 DAGMAN_CONDOR_SUBMIT_EXE setting: /usr/bin/condor_submit
01/12/25 11:53:43 DAGMAN_CONDOR_RM_EXE setting: /usr/bin/condor_rm
01/12/25 11:53:43 DAGMAN_USE_DIRECT_SUBMIT setting: True
01/12/25 11:53:43 DAGMAN_PRODUCE_JOB_CREDENTIALS setting: True
01/12/25 11:53:43 DAGMAN_DEFAULT_APPEND_VARS setting: False
01/12/25 11:53:43 DAGMAN_INHERIT_ATTRS_PREFIX setting: 
01/12/25 11:53:43 DAGMAN_INHERIT_ATTRS setting: 
01/12/25 11:53:43 DAGMAN_ABORT_DUPLICATES setting: True
01/12/25 11:53:43 DAGMAN_ABORT_ON_SCARY_SUBMIT setting: True
01/12/25 11:53:43 DAGMAN_PENDING_REPORT_INTERVAL setting: 600
01/12/25 11:53:43 DAGMAN_CHECK_QUEUE_INTERVAL setting: 28800
01/12/25 11:53:43 DAGMAN_AUTO_RESCUE setting: True
01/12/25 11:53:43 DAGMAN_MAX_RESCUE_NUM setting: 100
01/12/25 11:53:43 DAGMAN_WRITE_PARTIAL_RESCUE setting: True
01/12/25 11:53:43 DAGMAN_DEFAULT_NODE_LOG setting: @(DAG_DIR)/@(DAG_FILE).nodes.log
01/12/25 11:53:43 DAGMAN_GENERATE_SUBDAG_SUBMITS setting: True
01/12/25 11:53:43 DAGMAN_MAX_JOB_HOLDS setting: 100
01/12/25 11:53:43 DAGMAN_HOLD_CLAIM_TIME setting: 20
01/12/25 11:53:43 DAGMAN_SUPPRESS_JOB_LOGS setting: False
01/12/25 11:53:43 DAGMAN_REMOVE_NODE_JOBS setting: True
01/12/25 11:53:43 DAGMAN_REMOVE_JOBS_AFTER_LIMIT_CHANGE setting: False
01/12/25 11:53:43 DAGMAN will adjust edges after parsing
01/12/25 11:53:43 argv[0] == "condor_scheduniv_exec.85.0"
01/12/25 11:53:43 argv[1] == "-Lockfile"
01/12/25 11:53:43 argv[2] == "dagman.dag.lock"
01/12/25 11:53:43 argv[3] == "-Dag"
01/12/25 11:53:43 argv[4] == "dagman.dag"
01/12/25 11:53:43 argv[5] == "-MaxIdle"
01/12/25 11:53:43 argv[6] == "1000"
01/12/25 11:53:43 argv[7] == "-CsdVersion"
01/12/25 11:53:43 argv[8] == "$CondorVersion: 23.10.19 2025-01-03 BuildID: 777890 PackageID: 23.10.19-1+ubu24 GitSHA: 91176a00 $"
01/12/25 11:53:43 argv[9] == "-dagman"
01/12/25 11:53:43 argv[10] == "/usr/bin/condor_dagman"
01/12/25 11:53:43 argv[11] == "-AutoRescue"
01/12/25 11:53:43 argv[12] == "1"
01/12/25 11:53:43 argv[13] == "-DoRescueFrom"
01/12/25 11:53:43 argv[14] == "0"
01/12/25 11:53:43 argv[15] == "-force"
01/12/25 11:53:43 Can't open directory "/etc/condor/passwords.d" as PRIV_ROOT, errno: 13 (Permission denied)
01/12/25 11:53:43 Can't open directory "/etc/condor/passwords.d" as PRIV_ROOT, errno: 13 (Permission denied)
01/12/25 11:53:43 Workflow batch-id: <85.0>
01/12/25 11:53:43 Workflow batch-name: <dagman.dag+85>
01/12/25 11:53:43 Workflow accounting_group: <>
01/12/25 11:53:43 Workflow accounting_group_user: <>
01/12/25 11:53:43 Warning: failed to get attribute DAGNodeName
01/12/25 11:53:43 DAGMAN_LOG_ON_NFS_IS_ERROR setting: False
01/12/25 11:53:43 Default node log file is: </home/ubuntu/wqd7008_group_project/./dagman.dag.nodes.log>
01/12/25 11:53:43 DAG Lockfile will be written to dagman.dag.lock
01/12/25 11:53:43 DAG Input file is dagman.dag
01/12/25 11:53:43 Parsing 1 dagfiles
01/12/25 11:53:43 Parsing dagman.dag ...
01/12/25 11:53:43 Adjusting edges
01/12/25 11:53:43 Dag contains 2 total nodes
01/12/25 11:53:43 Bootstrapping...
01/12/25 11:53:43 Number of pre-completed nodes: 0
01/12/25 11:53:43 MultiLogFiles: truncating log file /home/ubuntu/wqd7008_group_project/./dagman.dag.nodes.log
01/12/25 11:53:43 DAG status: 0 (DAG_STATUS_OK)
01/12/25 11:53:43 Of 2 nodes total:
01/12/25 11:53:43  Done     Pre   Queued    Post   Ready   Un-Ready   Failed   Futile
01/12/25 11:53:43   ===     ===      ===     ===     ===        ===      ===      ===
01/12/25 11:53:43     0       0        0       0       2          0        0        0
01/12/25 11:53:43 0 job proc(s) currently held
01/12/25 11:53:43 DAGMan Runtime Statistics: [EventCycleTimeCount = 0.0; EventCycleTimeSum = 0.0; LogProcessCycleTimeCount = 0.0; LogProcessCycleTimeSum = 0.0; SleepCycleTimeCount = 0.0; SleepCycleTimeSum = 0.0; SubmitCycleTimeCount = 0.0; SubmitCycleTimeSum = 0.0; ]
01/12/25 11:53:43 Registering condor_event_timer...
01/12/25 11:53:44 Submitting HTCondor Node ImportJob job(s)...
01/12/25 11:53:44 Submitting node ImportJob from file import.sub using direct job submission
01/12/25 11:53:44 	assigned HTCondor ID (86.0.0)
01/12/25 11:53:44 Submitting HTCondor Node PreprocessJob job(s)...
01/12/25 11:53:44 Submitting node PreprocessJob from file preprocess.sub using direct job submission
01/12/25 11:53:44 	assigned HTCondor ID (87.0.0)
01/12/25 11:53:44 Just submitted 2 jobs this cycle...
01/12/25 11:53:44 DAG status: 0 (DAG_STATUS_OK)
01/12/25 11:53:44 Of 2 nodes total:
01/12/25 11:53:44  Done     Pre   Queued    Post   Ready   Un-Ready   Failed   Futile
01/12/25 11:53:44   ===     ===      ===     ===     ===        ===      ===      ===
01/12/25 11:53:44     0       0        2       0       0          0        0        0
01/12/25 11:53:44 0 job proc(s) currently held
01/12/25 11:53:44 DAGMan Runtime Statistics: [EventCycleTimeCount = 0.0; EventCycleTimeSum = 0.0; LogProcessCycleTimeCount = 0.0; LogProcessCycleTimeSum = 0.0; SleepCycleTimeCount = 0.0; SleepCycleTimeSum = 0.0; SubmitCycleTimeAvg = 0.0864708423614502; SubmitCycleTimeCount = 1.0; SubmitCycleTimeMax = 0.0864708423614502; SubmitCycleTimeMin = 0.0864708423614502; SubmitCycleTimeStd = 0.0864708423614502; SubmitCycleTimeSum = 0.0864708423614502; ]
01/12/25 11:53:47 ERROR: log file /home/ubuntu/wqd7008_group_project/./dagman.dag.nodes.log has shrunk, probably due to being overwritten. Aborting.
01/12/25 11:53:47 MultiLogFiles: detected error, cleaning up all log monitors
01/12/25 11:53:47 DAGMan exiting due to error in log file
01/12/25 11:53:47 DAG status: 1 (DAG_STATUS_ERROR)
01/12/25 11:53:47 Of 2 nodes total:
01/12/25 11:53:47  Done     Pre   Queued    Post   Ready   Un-Ready   Failed   Futile
01/12/25 11:53:47   ===     ===      ===     ===     ===        ===      ===      ===
01/12/25 11:53:47     1       0        1       0       0          0        0        0
01/12/25 11:53:47 1 job proc(s) currently held
01/12/25 11:53:47 DAGMan Runtime Statistics: [EventCycleTimeAvg = 0.002198803592735613; EventCycleTimeCount = 142.0; EventCycleTimeMax = 0.1331617832183838; EventCycleTimeMin = 1.692771911621094E-05; EventCycleTimeStd = 0.01393951001447674; EventCycleTimeSum = 0.312230110168457; LogProcessCycleTimeAvg = 0.05427443981170654; LogProcessCycleTimeCount = 2.0; LogProcessCycleTimeMax = 0.05781102180480957; LogProcessCycleTimeMin = 0.05073785781860352; LogProcessCycleTimeStd = 0.005001482219090773; LogProcessCycleTimeSum = 0.1085488796234131; SleepCycleTimeAvg = 4.9980456812281; SleepCycleTimeCount = 142.0; SleepCycleTimeMax = 5.009889125823975; SleepCycleTimeMin = 4.008766174316406; SleepCycleTimeStd = 0.08362336167300764; SleepCycleTimeSum = 709.7224867343903; SubmitCycleTimeAvg = 0.0005875926622202699; SubmitCycleTimeCount = 142.0; SubmitCycleTimeMax = 0.08296799659729004; SubmitCycleTimeMin = 1.9073486328125E-06; SubmitCycleTimeStd = 0.006962239820259988; SubmitCycleTimeSum = 0.08343815803527832; ]
01/12/25 11:53:47 Wrote metrics file dagman.dag.metrics.
01/12/25 11:53:47 **** condor_scheduniv_exec.81.0 (condor_DAGMAN) pid 2436 EXITING WITH STATUS 2
01/12/25 11:53:49 Currently monitoring 1 HTCondor log file(s)
01/12/25 11:53:49 Reassigning the id of job ImportJob from (86.0.0) to (86.0.0)
01/12/25 11:53:49 Event: ULOG_SUBMIT for HTCondor Node ImportJob (86.0.0) {01/12/25 11:53:44}
01/12/25 11:53:49 Number of idle job procs: 1
01/12/25 11:53:49 Reassigning the id of job PreprocessJob from (87.0.0) to (87.0.0)
01/12/25 11:53:49 Event: ULOG_SUBMIT for HTCondor Node PreprocessJob (87.0.0) {01/12/25 11:53:44}
01/12/25 11:53:49 Number of idle job procs: 2
01/12/25 11:53:49 ERROR: node for condor ID 83.0.0 not found! (might be because of node retries)
01/12/25 11:53:49 Event: ULOG_JOB_ABORTED for unknown Node (83.0.0) {01/12/25 11:53:47}: ignoring...
01/12/25 11:54:04 Currently monitoring 1 HTCondor log file(s)
01/12/25 11:54:04 Event: ULOG_EXECUTE for HTCondor Node PreprocessJob (87.0.0) {01/12/25 11:54:03}
01/12/25 11:54:04 Number of idle job procs: 1
01/12/25 11:54:04 Event: ULOG_EXECUTE for HTCondor Node ImportJob (86.0.0) {01/12/25 11:54:03}
01/12/25 11:54:04 Number of idle job procs: 0
01/12/25 11:54:04 Event: ULOG_JOB_TERMINATED for HTCondor Node ImportJob (86.0.0) {01/12/25 11:54:04}
01/12/25 11:54:04 Number of idle job procs: 0
01/12/25 11:54:04 Node ImportJob job proc (86.0.0) completed successfully.
01/12/25 11:54:04 Node ImportJob job completed
01/12/25 11:54:04 DAG status: 0 (DAG_STATUS_OK)
01/12/25 11:54:04 Of 2 nodes total:
01/12/25 11:54:04  Done     Pre   Queued    Post   Ready   Un-Ready   Failed   Futile
01/12/25 11:54:04   ===     ===      ===     ===     ===        ===      ===      ===
01/12/25 11:54:04     1       0        1       0       0          0        0        0
01/12/25 11:54:04 0 job proc(s) currently held
01/12/25 11:54:04 DAGMan Runtime Statistics: [EventCycleTimeAvg = 0.04906046390533447; EventCycleTimeCount = 4.0; EventCycleTimeMax = 0.1375041007995605; EventCycleTimeMin = 2.884864807128906E-05; EventCycleTimeStd = 0.06512291995656602; EventCycleTimeSum = 0.1962418556213379; LogProcessCycleTimeAvg = 0.05452954769134521; LogProcessCycleTimeCount = 2.0; LogProcessCycleTimeMax = 0.05730295181274414; LogProcessCycleTimeMin = 0.05175614356994629; LogProcessCycleTimeStd = 0.003922185722423799; LogProcessCycleTimeSum = 0.1090590953826904; SleepCycleTimeAvg = 5.00421005487442; SleepCycleTimeCount = 4.0; SleepCycleTimeMax = 5.005856037139893; SleepCycleTimeMin = 5.000797986984253; SleepCycleTimeStd = 0.002302980553256331; SleepCycleTimeSum = 20.01684021949768; SubmitCycleTimeAvg = 0.01729660034179687; SubmitCycleTimeCount = 5.0; SubmitCycleTimeMax = 0.0864708423614502; SubmitCycleTimeMin = 2.86102294921875E-06; SubmitCycleTimeStd = 0.0386695768621296; SubmitCycleTimeSum = 0.08648300170898438; ]
01/12/25 11:54:09 Currently monitoring 1 HTCondor log file(s)
01/12/25 11:54:09 Event: ULOG_JOB_TERMINATED for HTCondor Node PreprocessJob (87.0.0) {01/12/25 11:54:07}
01/12/25 11:54:09 Number of idle job procs: 0
01/12/25 11:54:09 Node PreprocessJob job proc (87.0.0) completed successfully.
01/12/25 11:54:09 Node PreprocessJob job completed
01/12/25 11:54:09 DAG status: 0 (DAG_STATUS_OK)
01/12/25 11:54:09 Of 2 nodes total:
01/12/25 11:54:09  Done     Pre   Queued    Post   Ready   Un-Ready   Failed   Futile
01/12/25 11:54:09   ===     ===      ===     ===     ===        ===      ===      ===
01/12/25 11:54:09     2       0        0       0       0          0        0        0
01/12/25 11:54:09 0 job proc(s) currently held
01/12/25 11:54:09 DAGMan Runtime Statistics: [EventCycleTimeAvg = 0.05678257942199707; EventCycleTimeCount = 5.0; EventCycleTimeMax = 0.1375041007995605; EventCycleTimeMin = 2.884864807128906E-05; EventCycleTimeStd = 0.0589822123018066; EventCycleTimeSum = 0.2839128971099854; LogProcessCycleTimeAvg = 0.0447084108988444; LogProcessCycleTimeCount = 3.0; LogProcessCycleTimeMax = 0.05730295181274414; LogProcessCycleTimeMin = 0.02506613731384277; LogProcessCycleTimeStd = 0.01723531125659273; LogProcessCycleTimeSum = 0.1341252326965332; SleepCycleTimeAvg = 5.004385423660278; SleepCycleTimeCount = 5.0; SleepCycleTimeMax = 5.005856037139893; SleepCycleTimeMin = 5.000797986984253; SleepCycleTimeStd = 0.002032624073965449; SleepCycleTimeSum = 25.02192711830139; SubmitCycleTimeAvg = 0.01441431045532227; SubmitCycleTimeCount = 6.0; SubmitCycleTimeMax = 0.0864708423614502; SubmitCycleTimeMin = 2.86102294921875E-06; SubmitCycleTimeStd = 0.03530034716111106; SubmitCycleTimeSum = 0.08648586273193359; ]
01/12/25 11:54:09 All jobs Completed!
01/12/25 11:54:09 Note: 0 total node deferrals because of -MaxJobs limit (0)
01/12/25 11:54:09 Note: 0 total node deferrals because of -MaxIdle limit (1000)
01/12/25 11:54:09 Note: 0 total node deferrals because of node category throttles
01/12/25 11:54:09 Note: 0 total PRE script deferrals because of -MaxPre limit (20) or DEFER
01/12/25 11:54:09 Note: 0 total POST script deferrals because of -MaxPost limit (20) or DEFER
01/12/25 11:54:09 Note: 0 total HOLD script deferrals because of -MaxHold limit (20) or DEFER
01/12/25 11:54:09 DAG status: 0 (DAG_STATUS_OK)
01/12/25 11:54:09 Of 2 nodes total:
01/12/25 11:54:09  Done     Pre   Queued    Post   Ready   Un-Ready   Failed   Futile
01/12/25 11:54:09   ===     ===      ===     ===     ===        ===      ===      ===
01/12/25 11:54:09     2       0        0       0       0          0        0        0
01/12/25 11:54:09 0 job proc(s) currently held
01/12/25 11:54:09 DAGMan Runtime Statistics: [EventCycleTimeAvg = 0.05678257942199707; EventCycleTimeCount = 5.0; EventCycleTimeMax = 0.1375041007995605; EventCycleTimeMin = 2.884864807128906E-05; EventCycleTimeStd = 0.0589822123018066; EventCycleTimeSum = 0.2839128971099854; LogProcessCycleTimeAvg = 0.0447084108988444; LogProcessCycleTimeCount = 3.0; LogProcessCycleTimeMax = 0.05730295181274414; LogProcessCycleTimeMin = 0.02506613731384277; LogProcessCycleTimeStd = 0.01723531125659273; LogProcessCycleTimeSum = 0.1341252326965332; SleepCycleTimeAvg = 5.004385423660278; SleepCycleTimeCount = 5.0; SleepCycleTimeMax = 5.005856037139893; SleepCycleTimeMin = 5.000797986984253; SleepCycleTimeStd = 0.002032624073965449; SleepCycleTimeSum = 25.02192711830139; SubmitCycleTimeAvg = 0.01441431045532227; SubmitCycleTimeCount = 6.0; SubmitCycleTimeMax = 0.0864708423614502; SubmitCycleTimeMin = 2.86102294921875E-06; SubmitCycleTimeStd = 0.03530034716111106; SubmitCycleTimeSum = 0.08648586273193359; ]
01/12/25 11:54:09 Wrote metrics file dagman.dag.metrics.
01/12/25 11:54:09 DAGMan Runtime Statistics: [EventCycleTimeAvg = 0.05678257942199707; EventCycleTimeCount = 5.0; EventCycleTimeMax = 0.1375041007995605; EventCycleTimeMin = 2.884864807128906E-05; EventCycleTimeStd = 0.0589822123018066; EventCycleTimeSum = 0.2839128971099854; LogProcessCycleTimeAvg = 0.0447084108988444; LogProcessCycleTimeCount = 3.0; LogProcessCycleTimeMax = 0.05730295181274414; LogProcessCycleTimeMin = 0.02506613731384277; LogProcessCycleTimeStd = 0.01723531125659273; LogProcessCycleTimeSum = 0.1341252326965332; SleepCycleTimeAvg = 5.004385423660278; SleepCycleTimeCount = 5.0; SleepCycleTimeMax = 5.005856037139893; SleepCycleTimeMin = 5.000797986984253; SleepCycleTimeStd = 0.002032624073965449; SleepCycleTimeSum = 25.02192711830139; SubmitCycleTimeAvg = 0.01441431045532227; SubmitCycleTimeCount = 6.0; SubmitCycleTimeMax = 0.0864708423614502; SubmitCycleTimeMin = 2.86102294921875E-06; SubmitCycleTimeStd = 0.03530034716111106; SubmitCycleTimeSum = 0.08648586273193359; ]
01/12/25 11:54:09 **** condor_scheduniv_exec.85.0 (condor_DAGMAN) pid 2509 EXITING WITH STATUS 0
01/12/25 11:56:04 ******************************************************
01/12/25 11:56:05 ** condor_scheduniv_exec.88.0 (CONDOR_DAGMAN) STARTING UP
01/12/25 11:56:05 ** /usr/bin/condor_dagman
01/12/25 11:56:05 ** SubsystemInfo: name=DAGMAN type=DAGMAN(9) class=CLIENT(2)
01/12/25 11:56:05 ** Configuration: subsystem:DAGMAN local:<NONE> class:CLIENT
01/12/25 11:56:05 ** $CondorVersion: 23.10.19 2025-01-03 BuildID: 777890 PackageID: 23.10.19-1+ubu24 GitSHA: 91176a00 $
01/12/25 11:56:05 ** $CondorPlatform: X86_64-Ubuntu_24.04 $
01/12/25 11:56:05 ** PID = 2536 RealUID = 1000
01/12/25 11:56:05 ** Log last touched 1/12 11:54:09
01/12/25 11:56:05 ******************************************************
01/12/25 11:56:05 Using config source: /etc/condor/condor_config
01/12/25 11:56:05 Using local config sources: 
01/12/25 11:56:05    /etc/condor/config.d/00-security
01/12/25 11:56:05    /etc/condor/config.d/01-submit.config
01/12/25 11:56:05    /etc/condor/config.d/10-stash-plugin.conf
01/12/25 11:56:05    /etc/condor/condor_config.local
01/12/25 11:56:05 config Macros = 75, Sorted = 75, StringBytes = 2325, TablesBytes = 2764
01/12/25 11:56:05 CLASSAD_CACHING is ENABLED
01/12/25 11:56:05 Daemon Log is logging: D_ALWAYS D_ERROR D_STATUS
01/12/25 11:56:05 DaemonCore: No command port requested.
01/12/25 11:56:05 DAGMAN_USE_STRICT setting: 1
01/12/25 11:56:05 DAGMAN_VERBOSITY setting: 3
01/12/25 11:56:05 DAGMAN_DEBUG_CACHE_SIZE setting: 5242880
01/12/25 11:56:05 DAGMAN_DEBUG_CACHE_ENABLE setting: False
01/12/25 11:56:05 DAGMAN_SUBMIT_DELAY setting: 0
01/12/25 11:56:05 DAGMAN_MAX_SUBMIT_ATTEMPTS setting: 6
01/12/25 11:56:05 DAGMAN_STARTUP_CYCLE_DETECT setting: False
01/12/25 11:56:05 DAGMAN_MAX_SUBMITS_PER_INTERVAL setting: 100
01/12/25 11:56:05 DAGMAN_AGGRESSIVE_SUBMIT setting: False
01/12/25 11:56:05 DAGMAN_USER_LOG_SCAN_INTERVAL setting: 5
01/12/25 11:56:05 DAGMAN_QUEUE_UPDATE_INTERVAL setting: 300
01/12/25 11:56:05 DAGMAN_DEFAULT_PRIORITY setting: 0
01/12/25 11:56:05 DAGMAN_SUPPRESS_NOTIFICATION setting: False
01/12/25 11:56:05 allow_events (DAGMAN_ALLOW_EVENTS) setting: 114
01/12/25 11:56:05 DAGMAN_RETRY_SUBMIT_FIRST setting: True
01/12/25 11:56:05 DAGMAN_RETRY_NODE_FIRST setting: False
01/12/25 11:56:05 DAGMAN_MAX_JOBS_IDLE setting: 1000
01/12/25 11:56:05 DAGMAN_MAX_JOBS_SUBMITTED setting: 0
01/12/25 11:56:05 DAGMAN_MAX_PRE_SCRIPTS setting: 20
01/12/25 11:56:05 DAGMAN_MAX_POST_SCRIPTS setting: 20
01/12/25 11:56:05 DAGMAN_MAX_HOLD_SCRIPTS setting: 20
01/12/25 11:56:05 DAGMAN_MUNGE_NODE_NAMES setting: True
01/12/25 11:56:05 DAGMAN_PROHIBIT_MULTI_JOBS setting: False
01/12/25 11:56:05 DAGMAN_SUBMIT_DEPTH_FIRST setting: False
01/12/25 11:56:05 DAGMAN_ALWAYS_RUN_POST setting: False
01/12/25 11:56:05 DAGMAN_CONDOR_SUBMIT_EXE setting: /usr/bin/condor_submit
01/12/25 11:56:05 DAGMAN_CONDOR_RM_EXE setting: /usr/bin/condor_rm
01/12/25 11:56:05 DAGMAN_USE_DIRECT_SUBMIT setting: True
01/12/25 11:56:05 DAGMAN_PRODUCE_JOB_CREDENTIALS setting: True
01/12/25 11:56:05 DAGMAN_DEFAULT_APPEND_VARS setting: False
01/12/25 11:56:05 DAGMAN_INHERIT_ATTRS_PREFIX setting: 
01/12/25 11:56:05 DAGMAN_INHERIT_ATTRS setting: 
01/12/25 11:56:05 DAGMAN_ABORT_DUPLICATES setting: True
01/12/25 11:56:05 DAGMAN_ABORT_ON_SCARY_SUBMIT setting: True
01/12/25 11:56:05 DAGMAN_PENDING_REPORT_INTERVAL setting: 600
01/12/25 11:56:05 DAGMAN_CHECK_QUEUE_INTERVAL setting: 28800
01/12/25 11:56:05 DAGMAN_AUTO_RESCUE setting: True
01/12/25 11:56:05 DAGMAN_MAX_RESCUE_NUM setting: 100
01/12/25 11:56:05 DAGMAN_WRITE_PARTIAL_RESCUE setting: True
01/12/25 11:56:05 DAGMAN_DEFAULT_NODE_LOG setting: @(DAG_DIR)/@(DAG_FILE).nodes.log
01/12/25 11:56:05 DAGMAN_GENERATE_SUBDAG_SUBMITS setting: True
01/12/25 11:56:05 DAGMAN_MAX_JOB_HOLDS setting: 100
01/12/25 11:56:05 DAGMAN_HOLD_CLAIM_TIME setting: 20
01/12/25 11:56:05 DAGMAN_SUPPRESS_JOB_LOGS setting: False
01/12/25 11:56:05 DAGMAN_REMOVE_NODE_JOBS setting: True
01/12/25 11:56:05 DAGMAN_REMOVE_JOBS_AFTER_LIMIT_CHANGE setting: False
01/12/25 11:56:05 DAGMAN will adjust edges after parsing
01/12/25 11:56:05 argv[0] == "condor_scheduniv_exec.88.0"
01/12/25 11:56:05 argv[1] == "-Lockfile"
01/12/25 11:56:05 argv[2] == "dagman.dag.lock"
01/12/25 11:56:05 argv[3] == "-Dag"
01/12/25 11:56:05 argv[4] == "dagman.dag"
01/12/25 11:56:05 argv[5] == "-MaxIdle"
01/12/25 11:56:05 argv[6] == "1000"
01/12/25 11:56:05 argv[7] == "-CsdVersion"
01/12/25 11:56:05 argv[8] == "$CondorVersion: 23.10.19 2025-01-03 BuildID: 777890 PackageID: 23.10.19-1+ubu24 GitSHA: 91176a00 $"
01/12/25 11:56:05 argv[9] == "-dagman"
01/12/25 11:56:05 argv[10] == "/usr/bin/condor_dagman"
01/12/25 11:56:05 argv[11] == "-AutoRescue"
01/12/25 11:56:05 argv[12] == "1"
01/12/25 11:56:05 argv[13] == "-DoRescueFrom"
01/12/25 11:56:05 argv[14] == "0"
01/12/25 11:56:05 argv[15] == "-force"
01/12/25 11:56:05 Can't open directory "/etc/condor/passwords.d" as PRIV_ROOT, errno: 13 (Permission denied)
01/12/25 11:56:05 Can't open directory "/etc/condor/passwords.d" as PRIV_ROOT, errno: 13 (Permission denied)
01/12/25 11:56:05 Workflow batch-id: <88.0>
01/12/25 11:56:05 Workflow batch-name: <dagman.dag+88>
01/12/25 11:56:05 Workflow accounting_group: <>
01/12/25 11:56:05 Workflow accounting_group_user: <>
01/12/25 11:56:05 Warning: failed to get attribute DAGNodeName
01/12/25 11:56:05 DAGMAN_LOG_ON_NFS_IS_ERROR setting: False
01/12/25 11:56:05 Default node log file is: </home/ubuntu/wqd7008_group_project/./dagman.dag.nodes.log>
01/12/25 11:56:05 DAG Lockfile will be written to dagman.dag.lock
01/12/25 11:56:05 DAG Input file is dagman.dag
01/12/25 11:56:05 Parsing 1 dagfiles
01/12/25 11:56:05 Parsing dagman.dag ...
01/12/25 11:56:05 Adjusting edges
01/12/25 11:56:05 Dag contains 2 total nodes
01/12/25 11:56:05 Bootstrapping...
01/12/25 11:56:05 Number of pre-completed nodes: 0
01/12/25 11:56:05 MultiLogFiles: truncating log file /home/ubuntu/wqd7008_group_project/./dagman.dag.nodes.log
01/12/25 11:56:05 DAG status: 0 (DAG_STATUS_OK)
01/12/25 11:56:05 Of 2 nodes total:
01/12/25 11:56:05  Done     Pre   Queued    Post   Ready   Un-Ready   Failed   Futile
01/12/25 11:56:05   ===     ===      ===     ===     ===        ===      ===      ===
01/12/25 11:56:05     0       0        0       0       2          0        0        0
01/12/25 11:56:05 0 job proc(s) currently held
01/12/25 11:56:05 DAGMan Runtime Statistics: [EventCycleTimeCount = 0.0; EventCycleTimeSum = 0.0; LogProcessCycleTimeCount = 0.0; LogProcessCycleTimeSum = 0.0; SleepCycleTimeCount = 0.0; SleepCycleTimeSum = 0.0; SubmitCycleTimeCount = 0.0; SubmitCycleTimeSum = 0.0; ]
01/12/25 11:56:05 Registering condor_event_timer...
01/12/25 11:56:06 Submitting HTCondor Node ImportJob job(s)...
01/12/25 11:56:06 Submitting node ImportJob from file import.sub using direct job submission
01/12/25 11:56:06 	assigned HTCondor ID (89.0.0)
01/12/25 11:56:06 Submitting HTCondor Node PreprocessJob job(s)...
01/12/25 11:56:06 Submitting node PreprocessJob from file preprocess.sub using direct job submission
01/12/25 11:56:06 	assigned HTCondor ID (90.0.0)
01/12/25 11:56:06 Just submitted 2 jobs this cycle...
01/12/25 11:56:06 DAG status: 0 (DAG_STATUS_OK)
01/12/25 11:56:06 Of 2 nodes total:
01/12/25 11:56:06  Done     Pre   Queued    Post   Ready   Un-Ready   Failed   Futile
01/12/25 11:56:06   ===     ===      ===     ===     ===        ===      ===      ===
01/12/25 11:56:06     0       0        2       0       0          0        0        0
01/12/25 11:56:06 0 job proc(s) currently held
01/12/25 11:56:06 DAGMan Runtime Statistics: [EventCycleTimeCount = 0.0; EventCycleTimeSum = 0.0; LogProcessCycleTimeCount = 0.0; LogProcessCycleTimeSum = 0.0; SleepCycleTimeCount = 0.0; SleepCycleTimeSum = 0.0; SubmitCycleTimeAvg = 0.08270001411437988; SubmitCycleTimeCount = 1.0; SubmitCycleTimeMax = 0.08270001411437988; SubmitCycleTimeMin = 0.08270001411437988; SubmitCycleTimeStd = 0.08270001411437988; SubmitCycleTimeSum = 0.08270001411437988; ]
01/12/25 11:56:11 Currently monitoring 1 HTCondor log file(s)
01/12/25 11:56:11 Reassigning the id of job ImportJob from (89.0.0) to (89.0.0)
01/12/25 11:56:11 Event: ULOG_SUBMIT for HTCondor Node ImportJob (89.0.0) {01/12/25 11:56:06}
01/12/25 11:56:11 Number of idle job procs: 1
01/12/25 11:56:11 Reassigning the id of job PreprocessJob from (90.0.0) to (90.0.0)
01/12/25 11:56:11 Event: ULOG_SUBMIT for HTCondor Node PreprocessJob (90.0.0) {01/12/25 11:56:06}
01/12/25 11:56:11 Number of idle job procs: 2
01/12/25 11:56:26 Currently monitoring 1 HTCondor log file(s)
01/12/25 11:56:26 Event: ULOG_JOB_EVICTED for HTCondor Node PreprocessJob (90.0.0) {01/12/25 11:56:23}
01/12/25 11:56:26 Number of idle job procs: 2
01/12/25 11:56:26 Event: ULOG_JOB_HELD for HTCondor Node PreprocessJob (90.0.0) {01/12/25 11:56:23}
01/12/25 11:56:26   Hold reason: Transfer input files failure at access point ip-172-31-42-11 while sending files to execution point slot1_2@ip-172-31-17-139.ec2.internal. Details: reading from file /home/ubuntu/wqd7008_group_project/imported_data.pkl: (errno 2) No such file or directory
01/12/25 11:56:26 Number of idle job procs: 2
01/12/25 11:56:26 Event: ULOG_EXECUTE for HTCondor Node ImportJob (89.0.0) {01/12/25 11:56:23}
01/12/25 11:56:26 Number of idle job procs: 1
01/12/25 11:56:26 Event: ULOG_JOB_TERMINATED for HTCondor Node ImportJob (89.0.0) {01/12/25 11:56:24}
01/12/25 11:56:26 Number of idle job procs: 1
01/12/25 11:56:26 Node ImportJob job proc (89.0.0) completed successfully.
01/12/25 11:56:26 Node ImportJob job completed
01/12/25 11:56:26 DAG status: 0 (DAG_STATUS_OK)
01/12/25 11:56:26 Of 2 nodes total:
01/12/25 11:56:26  Done     Pre   Queued    Post   Ready   Un-Ready   Failed   Futile
01/12/25 11:56:26   ===     ===      ===     ===     ===        ===      ===      ===
01/12/25 11:56:26     1       0        1       0       0          0        0        0
01/12/25 11:56:26 1 job proc(s) currently held
01/12/25 11:56:26 DAGMan Runtime Statistics: [EventCycleTimeAvg = 0.04741346836090088; EventCycleTimeCount = 4.0; EventCycleTimeMax = 0.1389939785003662; EventCycleTimeMin = 2.789497375488281E-05; EventCycleTimeStd = 0.06554167960533859; EventCycleTimeSum = 0.1896538734436035; LogProcessCycleTimeAvg = 0.05150651931762695; LogProcessCycleTimeCount = 2.0; LogProcessCycleTimeMax = 0.05244612693786621; LogProcessCycleTimeMin = 0.0505669116973877; LogProcessCycleTimeStd = 0.001328805839851467; LogProcessCycleTimeSum = 0.1030130386352539; SleepCycleTimeAvg = 5.00525027513504; SleepCycleTimeCount = 4.0; SleepCycleTimeMax = 5.005379915237427; SleepCycleTimeMin = 5.005092144012451; SleepCycleTimeStd = 0.0001261882932173493; SleepCycleTimeSum = 20.02100110054016; SubmitCycleTimeAvg = 0.01654362678527832; SubmitCycleTimeCount = 5.0; SubmitCycleTimeMax = 0.08270001411437988; SubmitCycleTimeMin = 2.145767211914062E-06; SubmitCycleTimeStd = 0.03698254494521058; SubmitCycleTimeSum = 0.0827181339263916; ]
01/12/25 12:03:01 ******************************************************
01/12/25 12:03:01 ** condor_scheduniv_exec.91.0 (CONDOR_DAGMAN) STARTING UP
01/12/25 12:03:01 ** /usr/bin/condor_dagman
01/12/25 12:03:01 ** SubsystemInfo: name=DAGMAN type=DAGMAN(9) class=CLIENT(2)
01/12/25 12:03:01 ** Configuration: subsystem:DAGMAN local:<NONE> class:CLIENT
01/12/25 12:03:01 ** $CondorVersion: 23.10.19 2025-01-03 BuildID: 777890 PackageID: 23.10.19-1+ubu24 GitSHA: 91176a00 $
01/12/25 12:03:01 ** $CondorPlatform: X86_64-Ubuntu_24.04 $
01/12/25 12:03:02 ** PID = 2611 RealUID = 1000
01/12/25 12:03:02 ** Log last touched 1/12 12:02:05
01/12/25 12:03:02 ******************************************************
01/12/25 12:03:02 Using config source: /etc/condor/condor_config
01/12/25 12:03:02 Using local config sources: 
01/12/25 12:03:02    /etc/condor/config.d/00-security
01/12/25 12:03:02    /etc/condor/config.d/01-submit.config
01/12/25 12:03:02    /etc/condor/config.d/10-stash-plugin.conf
01/12/25 12:03:02    /etc/condor/condor_config.local
01/12/25 12:03:02 config Macros = 75, Sorted = 75, StringBytes = 2325, TablesBytes = 2764
01/12/25 12:03:02 CLASSAD_CACHING is ENABLED
01/12/25 12:03:02 Daemon Log is logging: D_ALWAYS D_ERROR D_STATUS
01/12/25 12:03:02 DaemonCore: No command port requested.
01/12/25 12:03:02 DAGMAN_USE_STRICT setting: 1
01/12/25 12:03:02 DAGMAN_VERBOSITY setting: 3
01/12/25 12:03:02 DAGMAN_DEBUG_CACHE_SIZE setting: 5242880
01/12/25 12:03:02 DAGMAN_DEBUG_CACHE_ENABLE setting: False
01/12/25 12:03:02 DAGMAN_SUBMIT_DELAY setting: 0
01/12/25 12:03:02 DAGMAN_MAX_SUBMIT_ATTEMPTS setting: 6
01/12/25 12:03:02 DAGMAN_STARTUP_CYCLE_DETECT setting: False
01/12/25 12:03:02 DAGMAN_MAX_SUBMITS_PER_INTERVAL setting: 100
01/12/25 12:03:02 DAGMAN_AGGRESSIVE_SUBMIT setting: False
01/12/25 12:03:02 DAGMAN_USER_LOG_SCAN_INTERVAL setting: 5
01/12/25 12:03:02 DAGMAN_QUEUE_UPDATE_INTERVAL setting: 300
01/12/25 12:03:02 DAGMAN_DEFAULT_PRIORITY setting: 0
01/12/25 12:03:02 DAGMAN_SUPPRESS_NOTIFICATION setting: False
01/12/25 12:03:02 allow_events (DAGMAN_ALLOW_EVENTS) setting: 114
01/12/25 12:03:02 DAGMAN_RETRY_SUBMIT_FIRST setting: True
01/12/25 12:03:02 DAGMAN_RETRY_NODE_FIRST setting: False
01/12/25 12:03:02 DAGMAN_MAX_JOBS_IDLE setting: 1000
01/12/25 12:03:02 DAGMAN_MAX_JOBS_SUBMITTED setting: 0
01/12/25 12:03:02 DAGMAN_MAX_PRE_SCRIPTS setting: 20
01/12/25 12:03:02 DAGMAN_MAX_POST_SCRIPTS setting: 20
01/12/25 12:03:02 DAGMAN_MAX_HOLD_SCRIPTS setting: 20
01/12/25 12:03:02 DAGMAN_MUNGE_NODE_NAMES setting: True
01/12/25 12:03:02 DAGMAN_PROHIBIT_MULTI_JOBS setting: False
01/12/25 12:03:02 DAGMAN_SUBMIT_DEPTH_FIRST setting: False
01/12/25 12:03:02 DAGMAN_ALWAYS_RUN_POST setting: False
01/12/25 12:03:02 DAGMAN_CONDOR_SUBMIT_EXE setting: /usr/bin/condor_submit
01/12/25 12:03:02 DAGMAN_CONDOR_RM_EXE setting: /usr/bin/condor_rm
01/12/25 12:03:02 DAGMAN_USE_DIRECT_SUBMIT setting: True
01/12/25 12:03:02 DAGMAN_PRODUCE_JOB_CREDENTIALS setting: True
01/12/25 12:03:02 DAGMAN_DEFAULT_APPEND_VARS setting: False
01/12/25 12:03:02 DAGMAN_INHERIT_ATTRS_PREFIX setting: 
01/12/25 12:03:02 DAGMAN_INHERIT_ATTRS setting: 
01/12/25 12:03:02 DAGMAN_ABORT_DUPLICATES setting: True
01/12/25 12:03:02 DAGMAN_ABORT_ON_SCARY_SUBMIT setting: True
01/12/25 12:03:02 DAGMAN_PENDING_REPORT_INTERVAL setting: 600
01/12/25 12:03:02 DAGMAN_CHECK_QUEUE_INTERVAL setting: 28800
01/12/25 12:03:02 DAGMAN_AUTO_RESCUE setting: True
01/12/25 12:03:02 DAGMAN_MAX_RESCUE_NUM setting: 100
01/12/25 12:03:02 DAGMAN_WRITE_PARTIAL_RESCUE setting: True
01/12/25 12:03:02 DAGMAN_DEFAULT_NODE_LOG setting: @(DAG_DIR)/@(DAG_FILE).nodes.log
01/12/25 12:03:02 DAGMAN_GENERATE_SUBDAG_SUBMITS setting: True
01/12/25 12:03:02 DAGMAN_MAX_JOB_HOLDS setting: 100
01/12/25 12:03:02 DAGMAN_HOLD_CLAIM_TIME setting: 20
01/12/25 12:03:02 DAGMAN_SUPPRESS_JOB_LOGS setting: False
01/12/25 12:03:02 DAGMAN_REMOVE_NODE_JOBS setting: True
01/12/25 12:03:02 DAGMAN_REMOVE_JOBS_AFTER_LIMIT_CHANGE setting: False
01/12/25 12:03:02 DAGMAN will adjust edges after parsing
01/12/25 12:03:02 argv[0] == "condor_scheduniv_exec.91.0"
01/12/25 12:03:02 argv[1] == "-Lockfile"
01/12/25 12:03:02 argv[2] == "dagman.dag.lock"
01/12/25 12:03:02 argv[3] == "-Dag"
01/12/25 12:03:02 argv[4] == "dagman.dag"
01/12/25 12:03:02 argv[5] == "-MaxIdle"
01/12/25 12:03:02 argv[6] == "1000"
01/12/25 12:03:02 argv[7] == "-CsdVersion"
01/12/25 12:03:02 argv[8] == "$CondorVersion: 23.10.19 2025-01-03 BuildID: 777890 PackageID: 23.10.19-1+ubu24 GitSHA: 91176a00 $"
01/12/25 12:03:02 argv[9] == "-dagman"
01/12/25 12:03:02 argv[10] == "/usr/bin/condor_dagman"
01/12/25 12:03:02 argv[11] == "-AutoRescue"
01/12/25 12:03:02 argv[12] == "1"
01/12/25 12:03:02 argv[13] == "-DoRescueFrom"
01/12/25 12:03:02 argv[14] == "0"
01/12/25 12:03:02 argv[15] == "-force"
01/12/25 12:03:02 Can't open directory "/etc/condor/passwords.d" as PRIV_ROOT, errno: 13 (Permission denied)
01/12/25 12:03:02 Can't open directory "/etc/condor/passwords.d" as PRIV_ROOT, errno: 13 (Permission denied)
01/12/25 12:03:02 Workflow batch-id: <91.0>
01/12/25 12:03:02 Workflow batch-name: <dagman.dag+91>
01/12/25 12:03:02 Workflow accounting_group: <>
01/12/25 12:03:02 Workflow accounting_group_user: <>
01/12/25 12:03:02 Warning: failed to get attribute DAGNodeName
01/12/25 12:03:02 DAGMAN_LOG_ON_NFS_IS_ERROR setting: False
01/12/25 12:03:02 Default node log file is: </home/ubuntu/wqd7008_group_project/./dagman.dag.nodes.log>
01/12/25 12:03:02 DAG Lockfile will be written to dagman.dag.lock
01/12/25 12:03:02 DAG Input file is dagman.dag
01/12/25 12:03:02 Parsing 1 dagfiles
01/12/25 12:03:02 Parsing dagman.dag ...
01/12/25 12:03:02 Adjusting edges
01/12/25 12:03:02 Dag contains 2 total nodes
01/12/25 12:03:02 Lock file dagman.dag.lock detected,
01/12/25 12:03:02 Duplicate DAGMan PID 2536 is no longer alive; this DAGMan should continue.
01/12/25 12:03:02 Bootstrapping...
01/12/25 12:03:02 Number of pre-completed nodes: 0
01/12/25 12:03:02 Running in RECOVERY mode... >>>>>>>>>>>>>>>>>>>>>>>>>>>>>>
01/12/25 12:03:02 Currently monitoring 1 HTCondor log file(s)
01/12/25 12:03:02 Event: ULOG_SUBMIT for HTCondor Node ImportJob (89.0.0) {01/12/25 11:56:06} [recovery mode]
01/12/25 12:03:02 Number of idle job procs: 1
01/12/25 12:03:02 Event: ULOG_SUBMIT for HTCondor Node PreprocessJob (90.0.0) {01/12/25 11:56:06} [recovery mode]
01/12/25 12:03:02 Number of idle job procs: 2
01/12/25 12:03:02 Event: ULOG_JOB_EVICTED for HTCondor Node PreprocessJob (90.0.0) {01/12/25 11:56:23} [recovery mode]
01/12/25 12:03:02 Number of idle job procs: 2
01/12/25 12:03:02 Event: ULOG_JOB_HELD for HTCondor Node PreprocessJob (90.0.0) {01/12/25 11:56:23} [recovery mode]
01/12/25 12:03:02   Hold reason: Transfer input files failure at access point ip-172-31-42-11 while sending files to execution point slot1_2@ip-172-31-17-139.ec2.internal. Details: reading from file /home/ubuntu/wqd7008_group_project/imported_data.pkl: (errno 2) No such file or directory
01/12/25 12:03:02 Number of idle job procs: 2
01/12/25 12:03:02 Event: ULOG_EXECUTE for HTCondor Node ImportJob (89.0.0) {01/12/25 11:56:23} [recovery mode]
01/12/25 12:03:02 Number of idle job procs: 1
01/12/25 12:03:02 Event: ULOG_JOB_TERMINATED for HTCondor Node ImportJob (89.0.0) {01/12/25 11:56:24} [recovery mode]
01/12/25 12:03:02 Number of idle job procs: 1
01/12/25 12:03:02 Node ImportJob job proc (89.0.0) completed successfully.
01/12/25 12:03:02 Node ImportJob job completed
01/12/25 12:03:02     ------------------------------
01/12/25 12:03:02        HTCondor Recovery Complete
01/12/25 12:03:02     ------------------------------
01/12/25 12:03:02 ...done with RECOVERY mode <<<<<<<<<<<<<<<<<<<<<<<<<<<<<<
01/12/25 12:03:02 1 nodes claim to have jobs submitted to queue. Verifying...
01/12/25 12:03:02 Querying local schedd for associated jobs in queue
01/12/25 12:03:02 ERROR: DAGMan lost track of node PreprocessJob (ClusterId=90). Please resubmit DAG from produced rescue file.
01/12/25 12:03:02 Aborting DAG...
01/12/25 12:03:02 Writing Rescue DAG to dagman.dag.rescue001...
01/12/25 12:03:02 Removing submitted jobs...
01/12/25 12:03:02 Removing any/all submitted HTCondor jobs...
01/12/25 12:03:02 Running: /usr/bin/condor_rm -const DAGManJobId==91 -reason DAG' 'Abort:' 'DAG' 'is' 'exiting' 'and' 'writing' 'rescue' 'file.
01/12/25 12:03:02 Note: 0 total node deferrals because of -MaxJobs limit (0)
01/12/25 12:03:02 Note: 0 total node deferrals because of -MaxIdle limit (1000)
01/12/25 12:03:02 Note: 0 total node deferrals because of node category throttles
01/12/25 12:03:02 Note: 0 total PRE script deferrals because of -MaxPre limit (20) or DEFER
01/12/25 12:03:02 Note: 0 total POST script deferrals because of -MaxPost limit (20) or DEFER
01/12/25 12:03:02 Note: 0 total HOLD script deferrals because of -MaxHold limit (20) or DEFER
01/12/25 12:03:02 DAG status: 1 (DAG_STATUS_ERROR)
01/12/25 12:03:02 Of 2 nodes total:
01/12/25 12:03:02  Done     Pre   Queued    Post   Ready   Un-Ready   Failed   Futile
01/12/25 12:03:02   ===     ===      ===     ===     ===        ===      ===      ===
01/12/25 12:03:02     1       0        1       0       0          0        0        0
01/12/25 12:03:02 1 job proc(s) currently held
01/12/25 12:03:02 DAGMan Runtime Statistics: [EventCycleTimeCount = 0.0; EventCycleTimeSum = 0.0; LogProcessCycleTimeCount = 0.0; LogProcessCycleTimeSum = 0.0; SleepCycleTimeCount = 0.0; SleepCycleTimeSum = 0.0; SubmitCycleTimeCount = 0.0; SubmitCycleTimeSum = 0.0; ]
01/12/25 12:03:02 Wrote metrics file dagman.dag.metrics.
01/12/25 12:03:02 DAGMan Runtime Statistics: [EventCycleTimeCount = 0.0; EventCycleTimeSum = 0.0; LogProcessCycleTimeCount = 0.0; LogProcessCycleTimeSum = 0.0; SleepCycleTimeCount = 0.0; SleepCycleTimeSum = 0.0; SubmitCycleTimeCount = 0.0; SubmitCycleTimeSum = 0.0; ]
01/12/25 12:03:02 **** condor_scheduniv_exec.91.0 (condor_DAGMAN) pid 2611 EXITING WITH STATUS 1
01/12/25 12:04:42 ******************************************************
01/12/25 12:04:42 ** condor_scheduniv_exec.92.0 (CONDOR_DAGMAN) STARTING UP
01/12/25 12:04:42 ** /usr/bin/condor_dagman
01/12/25 12:04:42 ** SubsystemInfo: name=DAGMAN type=DAGMAN(9) class=CLIENT(2)
01/12/25 12:04:42 ** Configuration: subsystem:DAGMAN local:<NONE> class:CLIENT
01/12/25 12:04:42 ** $CondorVersion: 23.10.19 2025-01-03 BuildID: 777890 PackageID: 23.10.19-1+ubu24 GitSHA: 91176a00 $
01/12/25 12:04:42 ** $CondorPlatform: X86_64-Ubuntu_24.04 $
01/12/25 12:04:42 ** PID = 2637 RealUID = 1000
01/12/25 12:04:42 ** Log last touched 1/12 12:04:05
01/12/25 12:04:42 ******************************************************
01/12/25 12:04:42 Using config source: /etc/condor/condor_config
01/12/25 12:04:42 Using local config sources: 
01/12/25 12:04:42    /etc/condor/config.d/00-security
01/12/25 12:04:42    /etc/condor/config.d/01-submit.config
01/12/25 12:04:42    /etc/condor/config.d/10-stash-plugin.conf
01/12/25 12:04:42    /etc/condor/condor_config.local
01/12/25 12:04:42 config Macros = 75, Sorted = 75, StringBytes = 2325, TablesBytes = 2764
01/12/25 12:04:42 CLASSAD_CACHING is ENABLED
01/12/25 12:04:42 Daemon Log is logging: D_ALWAYS D_ERROR D_STATUS
01/12/25 12:04:42 DaemonCore: No command port requested.
01/12/25 12:04:42 DAGMAN_USE_STRICT setting: 1
01/12/25 12:04:42 DAGMAN_VERBOSITY setting: 3
01/12/25 12:04:42 DAGMAN_DEBUG_CACHE_SIZE setting: 5242880
01/12/25 12:04:42 DAGMAN_DEBUG_CACHE_ENABLE setting: False
01/12/25 12:04:42 DAGMAN_SUBMIT_DELAY setting: 0
01/12/25 12:04:42 DAGMAN_MAX_SUBMIT_ATTEMPTS setting: 6
01/12/25 12:04:42 DAGMAN_STARTUP_CYCLE_DETECT setting: False
01/12/25 12:04:42 DAGMAN_MAX_SUBMITS_PER_INTERVAL setting: 100
01/12/25 12:04:42 DAGMAN_AGGRESSIVE_SUBMIT setting: False
01/12/25 12:04:42 DAGMAN_USER_LOG_SCAN_INTERVAL setting: 5
01/12/25 12:04:42 DAGMAN_QUEUE_UPDATE_INTERVAL setting: 300
01/12/25 12:04:42 DAGMAN_DEFAULT_PRIORITY setting: 0
01/12/25 12:04:42 DAGMAN_SUPPRESS_NOTIFICATION setting: False
01/12/25 12:04:42 allow_events (DAGMAN_ALLOW_EVENTS) setting: 114
01/12/25 12:04:42 DAGMAN_RETRY_SUBMIT_FIRST setting: True
01/12/25 12:04:42 DAGMAN_RETRY_NODE_FIRST setting: False
01/12/25 12:04:42 DAGMAN_MAX_JOBS_IDLE setting: 1000
01/12/25 12:04:42 DAGMAN_MAX_JOBS_SUBMITTED setting: 0
01/12/25 12:04:42 DAGMAN_MAX_PRE_SCRIPTS setting: 20
01/12/25 12:04:42 DAGMAN_MAX_POST_SCRIPTS setting: 20
01/12/25 12:04:42 DAGMAN_MAX_HOLD_SCRIPTS setting: 20
01/12/25 12:04:42 DAGMAN_MUNGE_NODE_NAMES setting: True
01/12/25 12:04:42 DAGMAN_PROHIBIT_MULTI_JOBS setting: False
01/12/25 12:04:42 DAGMAN_SUBMIT_DEPTH_FIRST setting: False
01/12/25 12:04:42 DAGMAN_ALWAYS_RUN_POST setting: False
01/12/25 12:04:42 DAGMAN_CONDOR_SUBMIT_EXE setting: /usr/bin/condor_submit
01/12/25 12:04:42 DAGMAN_CONDOR_RM_EXE setting: /usr/bin/condor_rm
01/12/25 12:04:42 DAGMAN_USE_DIRECT_SUBMIT setting: True
01/12/25 12:04:42 DAGMAN_PRODUCE_JOB_CREDENTIALS setting: True
01/12/25 12:04:42 DAGMAN_DEFAULT_APPEND_VARS setting: False
01/12/25 12:04:42 DAGMAN_INHERIT_ATTRS_PREFIX setting: 
01/12/25 12:04:42 DAGMAN_INHERIT_ATTRS setting: 
01/12/25 12:04:42 DAGMAN_ABORT_DUPLICATES setting: True
01/12/25 12:04:42 DAGMAN_ABORT_ON_SCARY_SUBMIT setting: True
01/12/25 12:04:42 DAGMAN_PENDING_REPORT_INTERVAL setting: 600
01/12/25 12:04:42 DAGMAN_CHECK_QUEUE_INTERVAL setting: 28800
01/12/25 12:04:42 DAGMAN_AUTO_RESCUE setting: True
01/12/25 12:04:42 DAGMAN_MAX_RESCUE_NUM setting: 100
01/12/25 12:04:42 DAGMAN_WRITE_PARTIAL_RESCUE setting: True
01/12/25 12:04:42 DAGMAN_DEFAULT_NODE_LOG setting: @(DAG_DIR)/@(DAG_FILE).nodes.log
01/12/25 12:04:42 DAGMAN_GENERATE_SUBDAG_SUBMITS setting: True
01/12/25 12:04:42 DAGMAN_MAX_JOB_HOLDS setting: 100
01/12/25 12:04:42 DAGMAN_HOLD_CLAIM_TIME setting: 20
01/12/25 12:04:42 DAGMAN_SUPPRESS_JOB_LOGS setting: False
01/12/25 12:04:42 DAGMAN_REMOVE_NODE_JOBS setting: True
01/12/25 12:04:42 DAGMAN_REMOVE_JOBS_AFTER_LIMIT_CHANGE setting: False
01/12/25 12:04:42 DAGMAN will adjust edges after parsing
01/12/25 12:04:42 argv[0] == "condor_scheduniv_exec.92.0"
01/12/25 12:04:42 argv[1] == "-Lockfile"
01/12/25 12:04:42 argv[2] == "dagman.dag.lock"
01/12/25 12:04:42 argv[3] == "-Dag"
01/12/25 12:04:42 argv[4] == "dagman.dag"
01/12/25 12:04:42 argv[5] == "-MaxIdle"
01/12/25 12:04:42 argv[6] == "1000"
01/12/25 12:04:42 argv[7] == "-CsdVersion"
01/12/25 12:04:42 argv[8] == "$CondorVersion: 23.10.19 2025-01-03 BuildID: 777890 PackageID: 23.10.19-1+ubu24 GitSHA: 91176a00 $"
01/12/25 12:04:42 argv[9] == "-dagman"
01/12/25 12:04:42 argv[10] == "/usr/bin/condor_dagman"
01/12/25 12:04:42 argv[11] == "-AutoRescue"
01/12/25 12:04:42 argv[12] == "1"
01/12/25 12:04:42 argv[13] == "-DoRescueFrom"
01/12/25 12:04:42 argv[14] == "0"
01/12/25 12:04:42 argv[15] == "-force"
01/12/25 12:04:42 Can't open directory "/etc/condor/passwords.d" as PRIV_ROOT, errno: 13 (Permission denied)
01/12/25 12:04:42 Can't open directory "/etc/condor/passwords.d" as PRIV_ROOT, errno: 13 (Permission denied)
01/12/25 12:04:42 Workflow batch-id: <92.0>
01/12/25 12:04:42 Workflow batch-name: <dagman.dag+92>
01/12/25 12:04:42 Workflow accounting_group: <>
01/12/25 12:04:42 Workflow accounting_group_user: <>
01/12/25 12:04:42 Warning: failed to get attribute DAGNodeName
01/12/25 12:04:42 DAGMAN_LOG_ON_NFS_IS_ERROR setting: False
01/12/25 12:04:42 Default node log file is: </home/ubuntu/wqd7008_group_project/./dagman.dag.nodes.log>
01/12/25 12:04:42 DAG Lockfile will be written to dagman.dag.lock
01/12/25 12:04:42 DAG Input file is dagman.dag
01/12/25 12:04:42 Parsing 1 dagfiles
01/12/25 12:04:42 Parsing dagman.dag ...
01/12/25 12:04:42 Adjusting edges
01/12/25 12:04:42 Dag contains 2 total nodes
01/12/25 12:04:42 Bootstrapping...
01/12/25 12:04:42 Number of pre-completed nodes: 0
01/12/25 12:04:42 MultiLogFiles: truncating log file /home/ubuntu/wqd7008_group_project/./dagman.dag.nodes.log
01/12/25 12:04:42 DAG status: 0 (DAG_STATUS_OK)
01/12/25 12:04:42 Of 2 nodes total:
01/12/25 12:04:43  Done     Pre   Queued    Post   Ready   Un-Ready   Failed   Futile
01/12/25 12:04:43   ===     ===      ===     ===     ===        ===      ===      ===
01/12/25 12:04:43     0       0        0       0       2          0        0        0
01/12/25 12:04:43 0 job proc(s) currently held
01/12/25 12:04:43 DAGMan Runtime Statistics: [EventCycleTimeCount = 0.0; EventCycleTimeSum = 0.0; LogProcessCycleTimeCount = 0.0; LogProcessCycleTimeSum = 0.0; SleepCycleTimeCount = 0.0; SleepCycleTimeSum = 0.0; SubmitCycleTimeCount = 0.0; SubmitCycleTimeSum = 0.0; ]
01/12/25 12:04:43 Registering condor_event_timer...
01/12/25 12:04:44 Submitting HTCondor Node ImportJob job(s)...
01/12/25 12:04:44 Submitting node ImportJob from file import.sub using direct job submission
01/12/25 12:04:44 	assigned HTCondor ID (93.0.0)
01/12/25 12:04:44 Submitting HTCondor Node PreprocessJob job(s)...
01/12/25 12:04:44 Submitting node PreprocessJob from file preprocess.sub using direct job submission
01/12/25 12:04:44 	assigned HTCondor ID (94.0.0)
01/12/25 12:04:44 Just submitted 2 jobs this cycle...
01/12/25 12:04:44 DAG status: 0 (DAG_STATUS_OK)
01/12/25 12:04:44 Of 2 nodes total:
01/12/25 12:04:44  Done     Pre   Queued    Post   Ready   Un-Ready   Failed   Futile
01/12/25 12:04:44   ===     ===      ===     ===     ===        ===      ===      ===
01/12/25 12:04:44     0       0        2       0       0          0        0        0
01/12/25 12:04:44 0 job proc(s) currently held
01/12/25 12:04:44 DAGMan Runtime Statistics: [EventCycleTimeCount = 0.0; EventCycleTimeSum = 0.0; LogProcessCycleTimeCount = 0.0; LogProcessCycleTimeSum = 0.0; SleepCycleTimeCount = 0.0; SleepCycleTimeSum = 0.0; SubmitCycleTimeAvg = 0.07700181007385254; SubmitCycleTimeCount = 1.0; SubmitCycleTimeMax = 0.07700181007385254; SubmitCycleTimeMin = 0.07700181007385254; SubmitCycleTimeStd = 0.07700181007385254; SubmitCycleTimeSum = 0.07700181007385254; ]
01/12/25 12:04:47 ERROR: log file /home/ubuntu/wqd7008_group_project/./dagman.dag.nodes.log has shrunk, probably due to being overwritten. Aborting.
01/12/25 12:04:47 MultiLogFiles: detected error, cleaning up all log monitors
01/12/25 12:04:47 DAGMan exiting due to error in log file
01/12/25 12:04:47 DAG status: 1 (DAG_STATUS_ERROR)
01/12/25 12:04:47 Of 2 nodes total:
01/12/25 12:04:47  Done     Pre   Queued    Post   Ready   Un-Ready   Failed   Futile
01/12/25 12:04:47   ===     ===      ===     ===     ===        ===      ===      ===
01/12/25 12:04:47     1       0        1       0       0          0        0        0
01/12/25 12:04:47 1 job proc(s) currently held
01/12/25 12:04:47 DAGMan Runtime Statistics: [EventCycleTimeAvg = 0.002842699105922992; EventCycleTimeCount = 104.0; EventCycleTimeMax = 0.1389939785003662; EventCycleTimeMin = 1.71661376953125E-05; EventCycleTimeStd = 0.01658767845718934; EventCycleTimeSum = 0.2956407070159912; LogProcessCycleTimeAvg = 0.05150651931762695; LogProcessCycleTimeCount = 2.0; LogProcessCycleTimeMax = 0.05244612693786621; LogProcessCycleTimeMin = 0.0505669116973877; LogProcessCycleTimeStd = 0.001328805839851467; LogProcessCycleTimeSum = 0.1030130386352539; SleepCycleTimeAvg = 5.005381387013656; SleepCycleTimeCount = 104.0; SleepCycleTimeMax = 5.010690927505493; SleepCycleTimeMin = 5.002315044403076; SleepCycleTimeStd = 0.001044634809204333; SleepCycleTimeSum = 520.5596642494202; SubmitCycleTimeAvg = 0.0007984179716843825; SubmitCycleTimeCount = 104.0; SubmitCycleTimeMax = 0.08270001411437988; SubmitCycleTimeMin = 1.9073486328125E-06; SubmitCycleTimeStd = 0.008109084326664439; SubmitCycleTimeSum = 0.08303546905517578; ]
01/12/25 12:04:47 Wrote metrics file dagman.dag.metrics.
01/12/25 12:04:47 **** condor_scheduniv_exec.88.0 (condor_DAGMAN) pid 2536 EXITING WITH STATUS 2
01/12/25 12:04:49 Currently monitoring 1 HTCondor log file(s)
01/12/25 12:04:49 Reassigning the id of job ImportJob from (93.0.0) to (93.0.0)
01/12/25 12:04:49 Event: ULOG_SUBMIT for HTCondor Node ImportJob (93.0.0) {01/12/25 12:04:44}
01/12/25 12:04:49 Number of idle job procs: 1
01/12/25 12:04:49 Reassigning the id of job PreprocessJob from (94.0.0) to (94.0.0)
01/12/25 12:04:49 Event: ULOG_SUBMIT for HTCondor Node PreprocessJob (94.0.0) {01/12/25 12:04:44}
01/12/25 12:04:49 Number of idle job procs: 2
01/12/25 12:04:49 ERROR: node for condor ID 90.0.0 not found! (might be because of node retries)
01/12/25 12:04:49 Event: ULOG_JOB_ABORTED for unknown Node (90.0.0) {01/12/25 12:04:47}: ignoring...
01/12/25 12:05:04 Currently monitoring 1 HTCondor log file(s)
01/12/25 12:05:04 Event: ULOG_JOB_EVICTED for HTCondor Node PreprocessJob (94.0.0) {01/12/25 12:05:03}
01/12/25 12:05:04 Number of idle job procs: 2
01/12/25 12:05:04 Event: ULOG_JOB_HELD for HTCondor Node PreprocessJob (94.0.0) {01/12/25 12:05:03}
01/12/25 12:05:04   Hold reason: Transfer input files failure at access point ip-172-31-42-11 while sending files to execution point slot1_2@ip-172-31-17-139.ec2.internal. Details: reading from file /home/ubuntu/wqd7008_group_project/imported_data.pkl: (errno 2) No such file or directory
01/12/25 12:05:04 Number of idle job procs: 2
01/12/25 12:05:04 Event: ULOG_EXECUTE for HTCondor Node ImportJob (93.0.0) {01/12/25 12:05:03}
01/12/25 12:05:04 Number of idle job procs: 1
01/12/25 12:05:04 DAG status: 0 (DAG_STATUS_OK)
01/12/25 12:05:04 Of 2 nodes total:
01/12/25 12:05:04  Done     Pre   Queued    Post   Ready   Un-Ready   Failed   Futile
01/12/25 12:05:04   ===     ===      ===     ===     ===        ===      ===      ===
01/12/25 12:05:04     0       0        2       0       0          0        0        0
01/12/25 12:05:04 1 job proc(s) currently held
01/12/25 12:05:04 DAGMan Runtime Statistics: [EventCycleTimeAvg = 0.05025398731231689; EventCycleTimeCount = 4.0; EventCycleTimeMax = 0.1335680484771729; EventCycleTimeMin = 2.694129943847656E-05; EventCycleTimeStd = 0.06397977974624171; EventCycleTimeSum = 0.2010159492492676; LogProcessCycleTimeAvg = 0.08020639419555664; LogProcessCycleTimeCount = 2.0; LogProcessCycleTimeMax = 0.09474086761474609; LogProcessCycleTimeMin = 0.06567192077636719; LogProcessCycleTimeStd = 0.02055484943136898; LogProcessCycleTimeSum = 0.1604127883911133; SleepCycleTimeAvg = 5.00365799665451; SleepCycleTimeCount = 4.0; SleepCycleTimeMax = 5.005192041397095; SleepCycleTimeMin = 5.002120971679688; SleepCycleTimeStd = 0.00145050654498869; SleepCycleTimeSum = 20.01463198661804; SubmitCycleTimeAvg = 0.01540298461914063; SubmitCycleTimeCount = 5.0; SubmitCycleTimeMax = 0.07700181007385254; SubmitCycleTimeMin = 2.86102294921875E-06; SubmitCycleTimeStd = 0.03443479026576364; SubmitCycleTimeSum = 0.07701492309570312; ]
01/12/25 12:05:09 Currently monitoring 1 HTCondor log file(s)
01/12/25 12:05:09 Event: ULOG_JOB_TERMINATED for HTCondor Node ImportJob (93.0.0) {01/12/25 12:05:04}
01/12/25 12:05:09 Number of idle job procs: 1
01/12/25 12:05:09 Node ImportJob job proc (93.0.0) completed successfully.
01/12/25 12:05:09 Node ImportJob job completed
01/12/25 12:05:09 DAG status: 0 (DAG_STATUS_OK)
01/12/25 12:05:09 Of 2 nodes total:
01/12/25 12:05:09  Done     Pre   Queued    Post   Ready   Un-Ready   Failed   Futile
01/12/25 12:05:09   ===     ===      ===     ===     ===        ===      ===      ===
01/12/25 12:05:09     1       0        1       0       0          0        0        0
01/12/25 12:05:09 1 job proc(s) currently held
01/12/25 12:05:09 DAGMan Runtime Statistics: [EventCycleTimeAvg = 0.06478018760681152; EventCycleTimeCount = 5.0; EventCycleTimeMax = 0.1335680484771729; EventCycleTimeMin = 2.694129943847656E-05; EventCycleTimeStd = 0.06422703198235211; EventCycleTimeSum = 0.3239009380340576; LogProcessCycleTimeAvg = 0.06258225440979004; LogProcessCycleTimeCount = 3.0; LogProcessCycleTimeMax = 0.09474086761474609; LogProcessCycleTimeMin = 0.02733397483825684; LogProcessCycleTimeStd = 0.03380949315115281; LogProcessCycleTimeSum = 0.1877467632293701; SleepCycleTimeAvg = 5.003945398330688; SleepCycleTimeCount = 5.0; SleepCycleTimeMax = 5.005192041397095; SleepCycleTimeMin = 5.002120971679688; SleepCycleTimeStd = 0.001411019329415086; SleepCycleTimeSum = 25.01972699165344; SubmitCycleTimeAvg = 0.01283649603525797; SubmitCycleTimeCount = 6.0; SubmitCycleTimeMax = 0.07700181007385254; SubmitCycleTimeMin = 2.86102294921875E-06; SubmitCycleTimeStd = 0.03143445572019506; SubmitCycleTimeSum = 0.07701897621154785; ]
01/12/25 12:07:32 ******************************************************
01/12/25 12:07:32 ** condor_scheduniv_exec.95.0 (CONDOR_DAGMAN) STARTING UP
01/12/25 12:07:32 ** /usr/bin/condor_dagman
01/12/25 12:07:32 ** SubsystemInfo: name=DAGMAN type=DAGMAN(9) class=CLIENT(2)
01/12/25 12:07:32 ** Configuration: subsystem:DAGMAN local:<NONE> class:CLIENT
01/12/25 12:07:32 ** $CondorVersion: 23.10.19 2025-01-03 BuildID: 777890 PackageID: 23.10.19-1+ubu24 GitSHA: 91176a00 $
01/12/25 12:07:32 ** $CondorPlatform: X86_64-Ubuntu_24.04 $
01/12/25 12:07:32 ** PID = 2697 RealUID = 1000
01/12/25 12:07:32 ** Log last touched 1/12 12:06:43
01/12/25 12:07:32 ******************************************************
01/12/25 12:07:32 Using config source: /etc/condor/condor_config
01/12/25 12:07:32 Using local config sources: 
01/12/25 12:07:32    /etc/condor/config.d/00-security
01/12/25 12:07:32    /etc/condor/config.d/01-submit.config
01/12/25 12:07:32    /etc/condor/config.d/10-stash-plugin.conf
01/12/25 12:07:32    /etc/condor/condor_config.local
01/12/25 12:07:32 config Macros = 75, Sorted = 75, StringBytes = 2325, TablesBytes = 2764
01/12/25 12:07:32 CLASSAD_CACHING is ENABLED
01/12/25 12:07:32 Daemon Log is logging: D_ALWAYS D_ERROR D_STATUS
01/12/25 12:07:32 DaemonCore: No command port requested.
01/12/25 12:07:32 DAGMAN_USE_STRICT setting: 1
01/12/25 12:07:32 DAGMAN_VERBOSITY setting: 3
01/12/25 12:07:32 DAGMAN_DEBUG_CACHE_SIZE setting: 5242880
01/12/25 12:07:32 DAGMAN_DEBUG_CACHE_ENABLE setting: False
01/12/25 12:07:32 DAGMAN_SUBMIT_DELAY setting: 0
01/12/25 12:07:32 DAGMAN_MAX_SUBMIT_ATTEMPTS setting: 6
01/12/25 12:07:32 DAGMAN_STARTUP_CYCLE_DETECT setting: False
01/12/25 12:07:32 DAGMAN_MAX_SUBMITS_PER_INTERVAL setting: 100
01/12/25 12:07:32 DAGMAN_AGGRESSIVE_SUBMIT setting: False
01/12/25 12:07:32 DAGMAN_USER_LOG_SCAN_INTERVAL setting: 5
01/12/25 12:07:32 DAGMAN_QUEUE_UPDATE_INTERVAL setting: 300
01/12/25 12:07:32 DAGMAN_DEFAULT_PRIORITY setting: 0
01/12/25 12:07:32 DAGMAN_SUPPRESS_NOTIFICATION setting: False
01/12/25 12:07:32 allow_events (DAGMAN_ALLOW_EVENTS) setting: 114
01/12/25 12:07:32 DAGMAN_RETRY_SUBMIT_FIRST setting: True
01/12/25 12:07:32 DAGMAN_RETRY_NODE_FIRST setting: False
01/12/25 12:07:32 DAGMAN_MAX_JOBS_IDLE setting: 1000
01/12/25 12:07:32 DAGMAN_MAX_JOBS_SUBMITTED setting: 0
01/12/25 12:07:32 DAGMAN_MAX_PRE_SCRIPTS setting: 20
01/12/25 12:07:32 DAGMAN_MAX_POST_SCRIPTS setting: 20
01/12/25 12:07:32 DAGMAN_MAX_HOLD_SCRIPTS setting: 20
01/12/25 12:07:32 DAGMAN_MUNGE_NODE_NAMES setting: True
01/12/25 12:07:32 DAGMAN_PROHIBIT_MULTI_JOBS setting: False
01/12/25 12:07:32 DAGMAN_SUBMIT_DEPTH_FIRST setting: False
01/12/25 12:07:32 DAGMAN_ALWAYS_RUN_POST setting: False
01/12/25 12:07:32 DAGMAN_CONDOR_SUBMIT_EXE setting: /usr/bin/condor_submit
01/12/25 12:07:32 DAGMAN_CONDOR_RM_EXE setting: /usr/bin/condor_rm
01/12/25 12:07:32 DAGMAN_USE_DIRECT_SUBMIT setting: True
01/12/25 12:07:32 DAGMAN_PRODUCE_JOB_CREDENTIALS setting: True
01/12/25 12:07:32 DAGMAN_DEFAULT_APPEND_VARS setting: False
01/12/25 12:07:32 DAGMAN_INHERIT_ATTRS_PREFIX setting: 
01/12/25 12:07:32 DAGMAN_INHERIT_ATTRS setting: 
01/12/25 12:07:32 DAGMAN_ABORT_DUPLICATES setting: True
01/12/25 12:07:32 DAGMAN_ABORT_ON_SCARY_SUBMIT setting: True
01/12/25 12:07:32 DAGMAN_PENDING_REPORT_INTERVAL setting: 600
01/12/25 12:07:32 DAGMAN_CHECK_QUEUE_INTERVAL setting: 28800
01/12/25 12:07:32 DAGMAN_AUTO_RESCUE setting: True
01/12/25 12:07:32 DAGMAN_MAX_RESCUE_NUM setting: 100
01/12/25 12:07:32 DAGMAN_WRITE_PARTIAL_RESCUE setting: True
01/12/25 12:07:32 DAGMAN_DEFAULT_NODE_LOG setting: @(DAG_DIR)/@(DAG_FILE).nodes.log
01/12/25 12:07:32 DAGMAN_GENERATE_SUBDAG_SUBMITS setting: True
01/12/25 12:07:32 DAGMAN_MAX_JOB_HOLDS setting: 100
01/12/25 12:07:32 DAGMAN_HOLD_CLAIM_TIME setting: 20
01/12/25 12:07:32 DAGMAN_SUPPRESS_JOB_LOGS setting: False
01/12/25 12:07:32 DAGMAN_REMOVE_NODE_JOBS setting: True
01/12/25 12:07:32 DAGMAN_REMOVE_JOBS_AFTER_LIMIT_CHANGE setting: False
01/12/25 12:07:32 DAGMAN will adjust edges after parsing
01/12/25 12:07:32 argv[0] == "condor_scheduniv_exec.95.0"
01/12/25 12:07:32 argv[1] == "-Lockfile"
01/12/25 12:07:32 argv[2] == "dagman.dag.lock"
01/12/25 12:07:32 argv[3] == "-Dag"
01/12/25 12:07:32 argv[4] == "dagman.dag"
01/12/25 12:07:32 argv[5] == "-MaxIdle"
01/12/25 12:07:32 argv[6] == "1000"
01/12/25 12:07:32 argv[7] == "-CsdVersion"
01/12/25 12:07:32 argv[8] == "$CondorVersion: 23.10.19 2025-01-03 BuildID: 777890 PackageID: 23.10.19-1+ubu24 GitSHA: 91176a00 $"
01/12/25 12:07:32 argv[9] == "-dagman"
01/12/25 12:07:32 argv[10] == "/usr/bin/condor_dagman"
01/12/25 12:07:32 argv[11] == "-AutoRescue"
01/12/25 12:07:32 argv[12] == "1"
01/12/25 12:07:32 argv[13] == "-DoRescueFrom"
01/12/25 12:07:32 argv[14] == "0"
01/12/25 12:07:32 argv[15] == "-force"
01/12/25 12:07:32 Can't open directory "/etc/condor/passwords.d" as PRIV_ROOT, errno: 13 (Permission denied)
01/12/25 12:07:32 Can't open directory "/etc/condor/passwords.d" as PRIV_ROOT, errno: 13 (Permission denied)
01/12/25 12:07:32 Workflow batch-id: <95.0>
01/12/25 12:07:32 Workflow batch-name: <dagman.dag+95>
01/12/25 12:07:32 Workflow accounting_group: <>
01/12/25 12:07:32 Workflow accounting_group_user: <>
01/12/25 12:07:32 Warning: failed to get attribute DAGNodeName
01/12/25 12:07:32 DAGMAN_LOG_ON_NFS_IS_ERROR setting: False
01/12/25 12:07:32 Default node log file is: </home/ubuntu/wqd7008_group_project/./dagman.dag.nodes.log>
01/12/25 12:07:32 DAG Lockfile will be written to dagman.dag.lock
01/12/25 12:07:32 DAG Input file is dagman.dag
01/12/25 12:07:32 Parsing 1 dagfiles
01/12/25 12:07:32 Parsing dagman.dag ...
01/12/25 12:07:32 Adjusting edges
01/12/25 12:07:32 Dag contains 2 total nodes
01/12/25 12:07:32 Lock file dagman.dag.lock detected,
01/12/25 12:07:32 Duplicate DAGMan PID 2637 is no longer alive; this DAGMan should continue.
01/12/25 12:07:32 Bootstrapping...
01/12/25 12:07:32 Number of pre-completed nodes: 0
01/12/25 12:07:32 Running in RECOVERY mode... >>>>>>>>>>>>>>>>>>>>>>>>>>>>>>
01/12/25 12:07:32 Currently monitoring 1 HTCondor log file(s)
01/12/25 12:07:32 Event: ULOG_SUBMIT for HTCondor Node ImportJob (93.0.0) {01/12/25 12:04:44} [recovery mode]
01/12/25 12:07:32 Number of idle job procs: 1
01/12/25 12:07:32 Event: ULOG_SUBMIT for HTCondor Node PreprocessJob (94.0.0) {01/12/25 12:04:44} [recovery mode]
01/12/25 12:07:32 Number of idle job procs: 2
01/12/25 12:07:32 ERROR: node for condor ID 90.0.0 not found! (might be because of node retries)
01/12/25 12:07:32 Event: ULOG_JOB_ABORTED for unknown Node (90.0.0) {01/12/25 12:04:47}: ignoring... [recovery mode]
01/12/25 12:07:32 Event: ULOG_JOB_EVICTED for HTCondor Node PreprocessJob (94.0.0) {01/12/25 12:05:03} [recovery mode]
01/12/25 12:07:32 Number of idle job procs: 2
01/12/25 12:07:32 Event: ULOG_JOB_HELD for HTCondor Node PreprocessJob (94.0.0) {01/12/25 12:05:03} [recovery mode]
01/12/25 12:07:32   Hold reason: Transfer input files failure at access point ip-172-31-42-11 while sending files to execution point slot1_2@ip-172-31-17-139.ec2.internal. Details: reading from file /home/ubuntu/wqd7008_group_project/imported_data.pkl: (errno 2) No such file or directory
01/12/25 12:07:32 Number of idle job procs: 2
01/12/25 12:07:32 Event: ULOG_EXECUTE for HTCondor Node ImportJob (93.0.0) {01/12/25 12:05:03} [recovery mode]
01/12/25 12:07:32 Number of idle job procs: 1
01/12/25 12:07:32 Event: ULOG_JOB_TERMINATED for HTCondor Node ImportJob (93.0.0) {01/12/25 12:05:04} [recovery mode]
01/12/25 12:07:32 Number of idle job procs: 1
01/12/25 12:07:32 Node ImportJob job proc (93.0.0) completed successfully.
01/12/25 12:07:32 Node ImportJob job completed
01/12/25 12:07:32     ------------------------------
01/12/25 12:07:32        HTCondor Recovery Complete
01/12/25 12:07:32     ------------------------------
01/12/25 12:07:33 ...done with RECOVERY mode <<<<<<<<<<<<<<<<<<<<<<<<<<<<<<
01/12/25 12:07:33 1 nodes claim to have jobs submitted to queue. Verifying...
01/12/25 12:07:33 Querying local schedd for associated jobs in queue
01/12/25 12:07:33 ERROR: DAGMan lost track of node PreprocessJob (ClusterId=94). Please resubmit DAG from produced rescue file.
01/12/25 12:07:33 Aborting DAG...
01/12/25 12:07:33 Writing Rescue DAG to dagman.dag.rescue001...
01/12/25 12:07:33 Removing submitted jobs...
01/12/25 12:07:33 Removing any/all submitted HTCondor jobs...
01/12/25 12:07:33 Running: /usr/bin/condor_rm -const DAGManJobId==95 -reason DAG' 'Abort:' 'DAG' 'is' 'exiting' 'and' 'writing' 'rescue' 'file.
01/12/25 12:07:33 Note: 0 total node deferrals because of -MaxJobs limit (0)
01/12/25 12:07:33 Note: 0 total node deferrals because of -MaxIdle limit (1000)
01/12/25 12:07:33 Note: 0 total node deferrals because of node category throttles
01/12/25 12:07:33 Note: 0 total PRE script deferrals because of -MaxPre limit (20) or DEFER
01/12/25 12:07:33 Note: 0 total POST script deferrals because of -MaxPost limit (20) or DEFER
01/12/25 12:07:33 Note: 0 total HOLD script deferrals because of -MaxHold limit (20) or DEFER
01/12/25 12:07:33 DAG status: 1 (DAG_STATUS_ERROR)
01/12/25 12:07:33 Of 2 nodes total:
01/12/25 12:07:33  Done     Pre   Queued    Post   Ready   Un-Ready   Failed   Futile
01/12/25 12:07:33   ===     ===      ===     ===     ===        ===      ===      ===
01/12/25 12:07:33     1       0        1       0       0          0        0        0
01/12/25 12:07:33 1 job proc(s) currently held
01/12/25 12:07:33 DAGMan Runtime Statistics: [EventCycleTimeCount = 0.0; EventCycleTimeSum = 0.0; LogProcessCycleTimeCount = 0.0; LogProcessCycleTimeSum = 0.0; SleepCycleTimeCount = 0.0; SleepCycleTimeSum = 0.0; SubmitCycleTimeCount = 0.0; SubmitCycleTimeSum = 0.0; ]
01/12/25 12:07:33 Wrote metrics file dagman.dag.metrics.
01/12/25 12:07:33 DAGMan Runtime Statistics: [EventCycleTimeCount = 0.0; EventCycleTimeSum = 0.0; LogProcessCycleTimeCount = 0.0; LogProcessCycleTimeSum = 0.0; SleepCycleTimeCount = 0.0; SleepCycleTimeSum = 0.0; SubmitCycleTimeCount = 0.0; SubmitCycleTimeSum = 0.0; ]
01/12/25 12:07:33 **** condor_scheduniv_exec.95.0 (condor_DAGMAN) pid 2697 EXITING WITH STATUS 1
01/12/25 12:08:41 ******************************************************
01/12/25 12:08:41 ** condor_scheduniv_exec.96.0 (CONDOR_DAGMAN) STARTING UP
01/12/25 12:08:41 ** /usr/bin/condor_dagman
01/12/25 12:08:41 ** SubsystemInfo: name=DAGMAN type=DAGMAN(9) class=CLIENT(2)
01/12/25 12:08:41 ** Configuration: subsystem:DAGMAN local:<NONE> class:CLIENT
01/12/25 12:08:41 ** $CondorVersion: 23.10.19 2025-01-03 BuildID: 777890 PackageID: 23.10.19-1+ubu24 GitSHA: 91176a00 $
01/12/25 12:08:41 ** $CondorPlatform: X86_64-Ubuntu_24.04 $
01/12/25 12:08:41 ** PID = 2716 RealUID = 1000
01/12/25 12:08:41 ** Log last touched 1/12 12:07:43
01/12/25 12:08:41 ******************************************************
01/12/25 12:08:41 Using config source: /etc/condor/condor_config
01/12/25 12:08:41 Using local config sources: 
01/12/25 12:08:41    /etc/condor/config.d/00-security
01/12/25 12:08:41    /etc/condor/config.d/01-submit.config
01/12/25 12:08:41    /etc/condor/config.d/10-stash-plugin.conf
01/12/25 12:08:41    /etc/condor/condor_config.local
01/12/25 12:08:41 config Macros = 75, Sorted = 75, StringBytes = 2325, TablesBytes = 2764
01/12/25 12:08:41 CLASSAD_CACHING is ENABLED
01/12/25 12:08:41 Daemon Log is logging: D_ALWAYS D_ERROR D_STATUS
01/12/25 12:08:41 DaemonCore: No command port requested.
01/12/25 12:08:41 DAGMAN_USE_STRICT setting: 1
01/12/25 12:08:41 DAGMAN_VERBOSITY setting: 3
01/12/25 12:08:41 DAGMAN_DEBUG_CACHE_SIZE setting: 5242880
01/12/25 12:08:41 DAGMAN_DEBUG_CACHE_ENABLE setting: False
01/12/25 12:08:41 DAGMAN_SUBMIT_DELAY setting: 0
01/12/25 12:08:41 DAGMAN_MAX_SUBMIT_ATTEMPTS setting: 6
01/12/25 12:08:41 DAGMAN_STARTUP_CYCLE_DETECT setting: False
01/12/25 12:08:41 DAGMAN_MAX_SUBMITS_PER_INTERVAL setting: 100
01/12/25 12:08:41 DAGMAN_AGGRESSIVE_SUBMIT setting: False
01/12/25 12:08:41 DAGMAN_USER_LOG_SCAN_INTERVAL setting: 5
01/12/25 12:08:41 DAGMAN_QUEUE_UPDATE_INTERVAL setting: 300
01/12/25 12:08:41 DAGMAN_DEFAULT_PRIORITY setting: 0
01/12/25 12:08:41 DAGMAN_SUPPRESS_NOTIFICATION setting: False
01/12/25 12:08:41 allow_events (DAGMAN_ALLOW_EVENTS) setting: 114
01/12/25 12:08:41 DAGMAN_RETRY_SUBMIT_FIRST setting: True
01/12/25 12:08:41 DAGMAN_RETRY_NODE_FIRST setting: False
01/12/25 12:08:41 DAGMAN_MAX_JOBS_IDLE setting: 1000
01/12/25 12:08:41 DAGMAN_MAX_JOBS_SUBMITTED setting: 0
01/12/25 12:08:41 DAGMAN_MAX_PRE_SCRIPTS setting: 20
01/12/25 12:08:41 DAGMAN_MAX_POST_SCRIPTS setting: 20
01/12/25 12:08:41 DAGMAN_MAX_HOLD_SCRIPTS setting: 20
01/12/25 12:08:41 DAGMAN_MUNGE_NODE_NAMES setting: True
01/12/25 12:08:41 DAGMAN_PROHIBIT_MULTI_JOBS setting: False
01/12/25 12:08:41 DAGMAN_SUBMIT_DEPTH_FIRST setting: False
01/12/25 12:08:41 DAGMAN_ALWAYS_RUN_POST setting: False
01/12/25 12:08:41 DAGMAN_CONDOR_SUBMIT_EXE setting: /usr/bin/condor_submit
01/12/25 12:08:41 DAGMAN_CONDOR_RM_EXE setting: /usr/bin/condor_rm
01/12/25 12:08:41 DAGMAN_USE_DIRECT_SUBMIT setting: True
01/12/25 12:08:41 DAGMAN_PRODUCE_JOB_CREDENTIALS setting: True
01/12/25 12:08:41 DAGMAN_DEFAULT_APPEND_VARS setting: False
01/12/25 12:08:41 DAGMAN_INHERIT_ATTRS_PREFIX setting: 
01/12/25 12:08:41 DAGMAN_INHERIT_ATTRS setting: 
01/12/25 12:08:41 DAGMAN_ABORT_DUPLICATES setting: True
01/12/25 12:08:41 DAGMAN_ABORT_ON_SCARY_SUBMIT setting: True
01/12/25 12:08:41 DAGMAN_PENDING_REPORT_INTERVAL setting: 600
01/12/25 12:08:41 DAGMAN_CHECK_QUEUE_INTERVAL setting: 28800
01/12/25 12:08:41 DAGMAN_AUTO_RESCUE setting: True
01/12/25 12:08:41 DAGMAN_MAX_RESCUE_NUM setting: 100
01/12/25 12:08:41 DAGMAN_WRITE_PARTIAL_RESCUE setting: True
01/12/25 12:08:41 DAGMAN_DEFAULT_NODE_LOG setting: @(DAG_DIR)/@(DAG_FILE).nodes.log
01/12/25 12:08:41 DAGMAN_GENERATE_SUBDAG_SUBMITS setting: True
01/12/25 12:08:41 DAGMAN_MAX_JOB_HOLDS setting: 100
01/12/25 12:08:41 DAGMAN_HOLD_CLAIM_TIME setting: 20
01/12/25 12:08:41 DAGMAN_SUPPRESS_JOB_LOGS setting: False
01/12/25 12:08:41 DAGMAN_REMOVE_NODE_JOBS setting: True
01/12/25 12:08:41 DAGMAN_REMOVE_JOBS_AFTER_LIMIT_CHANGE setting: False
01/12/25 12:08:41 DAGMAN will adjust edges after parsing
01/12/25 12:08:41 argv[0] == "condor_scheduniv_exec.96.0"
01/12/25 12:08:41 argv[1] == "-Lockfile"
01/12/25 12:08:41 argv[2] == "dagman.dag.lock"
01/12/25 12:08:41 argv[3] == "-Dag"
01/12/25 12:08:41 argv[4] == "dagman.dag"
01/12/25 12:08:41 argv[5] == "-MaxIdle"
01/12/25 12:08:41 argv[6] == "1000"
01/12/25 12:08:41 argv[7] == "-CsdVersion"
01/12/25 12:08:41 argv[8] == "$CondorVersion: 23.10.19 2025-01-03 BuildID: 777890 PackageID: 23.10.19-1+ubu24 GitSHA: 91176a00 $"
01/12/25 12:08:41 argv[9] == "-dagman"
01/12/25 12:08:41 argv[10] == "/usr/bin/condor_dagman"
01/12/25 12:08:41 argv[11] == "-AutoRescue"
01/12/25 12:08:41 argv[12] == "1"
01/12/25 12:08:41 argv[13] == "-DoRescueFrom"
01/12/25 12:08:41 argv[14] == "0"
01/12/25 12:08:41 argv[15] == "-force"
01/12/25 12:08:41 Can't open directory "/etc/condor/passwords.d" as PRIV_ROOT, errno: 13 (Permission denied)
01/12/25 12:08:41 Can't open directory "/etc/condor/passwords.d" as PRIV_ROOT, errno: 13 (Permission denied)
01/12/25 12:08:41 Workflow batch-id: <96.0>
01/12/25 12:08:41 Workflow batch-name: <dagman.dag+96>
01/12/25 12:08:41 Workflow accounting_group: <>
01/12/25 12:08:41 Workflow accounting_group_user: <>
01/12/25 12:08:41 Warning: failed to get attribute DAGNodeName
01/12/25 12:08:41 DAGMAN_LOG_ON_NFS_IS_ERROR setting: False
01/12/25 12:08:41 Default node log file is: </home/ubuntu/wqd7008_group_project/./dagman.dag.nodes.log>
01/12/25 12:08:41 DAG Lockfile will be written to dagman.dag.lock
01/12/25 12:08:41 DAG Input file is dagman.dag
01/12/25 12:08:41 Parsing 1 dagfiles
01/12/25 12:08:41 Parsing dagman.dag ...
01/12/25 12:08:41 Adjusting edges
01/12/25 12:08:41 Dag contains 2 total nodes
01/12/25 12:08:41 Bootstrapping...
01/12/25 12:08:42 Number of pre-completed nodes: 0
01/12/25 12:08:42 MultiLogFiles: truncating log file /home/ubuntu/wqd7008_group_project/./dagman.dag.nodes.log
01/12/25 12:08:42 DAG status: 0 (DAG_STATUS_OK)
01/12/25 12:08:42 Of 2 nodes total:
01/12/25 12:08:42  Done     Pre   Queued    Post   Ready   Un-Ready   Failed   Futile
01/12/25 12:08:42   ===     ===      ===     ===     ===        ===      ===      ===
01/12/25 12:08:42     0       0        0       0       2          0        0        0
01/12/25 12:08:42 0 job proc(s) currently held
01/12/25 12:08:42 DAGMan Runtime Statistics: [EventCycleTimeCount = 0.0; EventCycleTimeSum = 0.0; LogProcessCycleTimeCount = 0.0; LogProcessCycleTimeSum = 0.0; SleepCycleTimeCount = 0.0; SleepCycleTimeSum = 0.0; SubmitCycleTimeCount = 0.0; SubmitCycleTimeSum = 0.0; ]
01/12/25 12:08:42 Registering condor_event_timer...
01/12/25 12:08:43 Submitting HTCondor Node ImportJob job(s)...
01/12/25 12:08:43 Submitting node ImportJob from file import.sub using direct job submission
01/12/25 12:08:43 	assigned HTCondor ID (97.0.0)
01/12/25 12:08:43 Submitting HTCondor Node PreprocessJob job(s)...
01/12/25 12:08:43 Submitting node PreprocessJob from file preprocess.sub using direct job submission
01/12/25 12:08:43 	assigned HTCondor ID (98.0.0)
01/12/25 12:08:43 Just submitted 2 jobs this cycle...
01/12/25 12:08:43 DAG status: 0 (DAG_STATUS_OK)
01/12/25 12:08:43 Of 2 nodes total:
01/12/25 12:08:43  Done     Pre   Queued    Post   Ready   Un-Ready   Failed   Futile
01/12/25 12:08:43   ===     ===      ===     ===     ===        ===      ===      ===
01/12/25 12:08:43     0       0        2       0       0          0        0        0
01/12/25 12:08:43 0 job proc(s) currently held
01/12/25 12:08:43 DAGMan Runtime Statistics: [EventCycleTimeCount = 0.0; EventCycleTimeSum = 0.0; LogProcessCycleTimeCount = 0.0; LogProcessCycleTimeSum = 0.0; SleepCycleTimeCount = 0.0; SleepCycleTimeSum = 0.0; SubmitCycleTimeAvg = 0.09128093719482422; SubmitCycleTimeCount = 1.0; SubmitCycleTimeMax = 0.09128093719482422; SubmitCycleTimeMin = 0.09128093719482422; SubmitCycleTimeStd = 0.09128093719482422; SubmitCycleTimeSum = 0.09128093719482422; ]
01/12/25 12:08:44 ERROR: log file /home/ubuntu/wqd7008_group_project/./dagman.dag.nodes.log has shrunk, probably due to being overwritten. Aborting.
01/12/25 12:08:44 MultiLogFiles: detected error, cleaning up all log monitors
01/12/25 12:08:44 DAGMan exiting due to error in log file
01/12/25 12:08:44 DAG status: 1 (DAG_STATUS_ERROR)
01/12/25 12:08:44 Of 2 nodes total:
01/12/25 12:08:44  Done     Pre   Queued    Post   Ready   Un-Ready   Failed   Futile
01/12/25 12:08:44   ===     ===      ===     ===     ===        ===      ===      ===
01/12/25 12:08:44     1       0        1       0       0          0        0        0
01/12/25 12:08:44 1 job proc(s) currently held
01/12/25 12:08:44 DAGMan Runtime Statistics: [EventCycleTimeAvg = 0.007976094881693522; EventCycleTimeCount = 48.0; EventCycleTimeMax = 0.1335680484771729; EventCycleTimeMin = 2.598762512207031E-05; EventCycleTimeStd = 0.02826862450764071; EventCycleTimeSum = 0.3828525543212891; LogProcessCycleTimeAvg = 0.06258225440979004; LogProcessCycleTimeCount = 3.0; LogProcessCycleTimeMax = 0.09474086761474609; LogProcessCycleTimeMin = 0.02733397483825684; LogProcessCycleTimeStd = 0.03380949315115281; LogProcessCycleTimeSum = 0.1877467632293701; SleepCycleTimeAvg = 5.005270719528198; SleepCycleTimeCount = 48.0; SleepCycleTimeMax = 5.010242938995361; SleepCycleTimeMin = 5.000494003295898; SleepCycleTimeStd = 0.001642930019074218; SleepCycleTimeSum = 240.2529945373535; SubmitCycleTimeAvg = 0.001607298851013184; SubmitCycleTimeCount = 48.0; SubmitCycleTimeMax = 0.07700181007385254; SubmitCycleTimeMin = 2.86102294921875E-06; SubmitCycleTimeStd = 0.01111379780109796; SubmitCycleTimeSum = 0.07715034484863281; ]
01/12/25 12:08:44 Wrote metrics file dagman.dag.metrics.
01/12/25 12:08:44 **** condor_scheduniv_exec.92.0 (condor_DAGMAN) pid 2637 EXITING WITH STATUS 2
01/12/25 12:08:48 Currently monitoring 1 HTCondor log file(s)
01/12/25 12:08:48 Reassigning the id of job ImportJob from (97.0.0) to (97.0.0)
01/12/25 12:08:48 Event: ULOG_SUBMIT for HTCondor Node ImportJob (97.0.0) {01/12/25 12:08:43}
01/12/25 12:08:48 Number of idle job procs: 1
01/12/25 12:08:48 Reassigning the id of job PreprocessJob from (98.0.0) to (98.0.0)
01/12/25 12:08:48 Event: ULOG_SUBMIT for HTCondor Node PreprocessJob (98.0.0) {01/12/25 12:08:43}
01/12/25 12:08:48 Number of idle job procs: 2
01/12/25 12:08:48 ERROR: node for condor ID 94.0.0 not found! (might be because of node retries)
01/12/25 12:08:48 Event: ULOG_JOB_ABORTED for unknown Node (94.0.0) {01/12/25 12:08:44}: ignoring...
01/12/25 12:08:58 Currently monitoring 1 HTCondor log file(s)
01/12/25 12:08:58 Event: ULOG_EXECUTE for HTCondor Node PreprocessJob (98.0.0) {01/12/25 12:08:53}
01/12/25 12:08:58 Number of idle job procs: 1
01/12/25 12:08:58 Event: ULOG_EXECUTE for HTCondor Node ImportJob (97.0.0) {01/12/25 12:08:53}
01/12/25 12:08:58 Number of idle job procs: 0
01/12/25 12:08:58 Event: ULOG_JOB_TERMINATED for HTCondor Node ImportJob (97.0.0) {01/12/25 12:08:54}
01/12/25 12:08:58 Number of idle job procs: 0
01/12/25 12:08:58 Node ImportJob job proc (97.0.0) completed successfully.
01/12/25 12:08:58 Node ImportJob job completed
01/12/25 12:08:58 Event: ULOG_JOB_TERMINATED for HTCondor Node PreprocessJob (98.0.0) {01/12/25 12:08:57}
01/12/25 12:08:58 Number of idle job procs: 0
01/12/25 12:08:58 Node PreprocessJob job proc (98.0.0) completed successfully.
01/12/25 12:08:58 Node PreprocessJob job completed
01/12/25 12:08:58 DAG status: 0 (DAG_STATUS_OK)
01/12/25 12:08:58 Of 2 nodes total:
01/12/25 12:08:58  Done     Pre   Queued    Post   Ready   Un-Ready   Failed   Futile
01/12/25 12:08:58   ===     ===      ===     ===     ===        ===      ===      ===
01/12/25 12:08:58     2       0        0       0       0          0        0        0
01/12/25 12:08:58 0 job proc(s) currently held
01/12/25 12:08:58 DAGMan Runtime Statistics: [EventCycleTimeAvg = 0.06468033790588379; EventCycleTimeCount = 3.0; EventCycleTimeMax = 0.1433069705963135; EventCycleTimeMin = 3.004074096679688E-05; EventCycleTimeStd = 0.07265378946231754; EventCycleTimeSum = 0.1940410137176514; LogProcessCycleTimeAvg = 0.05439651012420654; LogProcessCycleTimeCount = 2.0; LogProcessCycleTimeMax = 0.06024003028869629; LogProcessCycleTimeMin = 0.0485529899597168; LogProcessCycleTimeStd = 0.008263985468622058; LogProcessCycleTimeSum = 0.1087930202484131; SleepCycleTimeAvg = 5.005195617675781; SleepCycleTimeCount = 3.0; SleepCycleTimeMax = 5.005295038223267; SleepCycleTimeMin = 5.005108833312988; SleepCycleTimeStd = 9.374338390320854E-05; SleepCycleTimeSum = 15.01558685302734; SubmitCycleTimeAvg = 0.02282267808914185; SubmitCycleTimeCount = 4.0; SubmitCycleTimeMax = 0.09128093719482422; SubmitCycleTimeMin = 2.86102294921875E-06; SubmitCycleTimeStd = 0.04563883940724799; SubmitCycleTimeSum = 0.09129071235656738; ]
01/12/25 12:08:58 All jobs Completed!
01/12/25 12:08:58 Note: 0 total node deferrals because of -MaxJobs limit (0)
01/12/25 12:08:58 Note: 0 total node deferrals because of -MaxIdle limit (1000)
01/12/25 12:08:58 Note: 0 total node deferrals because of node category throttles
01/12/25 12:08:58 Note: 0 total PRE script deferrals because of -MaxPre limit (20) or DEFER
01/12/25 12:08:58 Note: 0 total POST script deferrals because of -MaxPost limit (20) or DEFER
01/12/25 12:08:58 Note: 0 total HOLD script deferrals because of -MaxHold limit (20) or DEFER
01/12/25 12:08:58 DAG status: 0 (DAG_STATUS_OK)
01/12/25 12:08:58 Of 2 nodes total:
01/12/25 12:08:58  Done     Pre   Queued    Post   Ready   Un-Ready   Failed   Futile
01/12/25 12:08:58   ===     ===      ===     ===     ===        ===      ===      ===
01/12/25 12:08:58     2       0        0       0       0          0        0        0
01/12/25 12:08:58 0 job proc(s) currently held
01/12/25 12:08:58 DAGMan Runtime Statistics: [EventCycleTimeAvg = 0.06468033790588379; EventCycleTimeCount = 3.0; EventCycleTimeMax = 0.1433069705963135; EventCycleTimeMin = 3.004074096679688E-05; EventCycleTimeStd = 0.07265378946231754; EventCycleTimeSum = 0.1940410137176514; LogProcessCycleTimeAvg = 0.05439651012420654; LogProcessCycleTimeCount = 2.0; LogProcessCycleTimeMax = 0.06024003028869629; LogProcessCycleTimeMin = 0.0485529899597168; LogProcessCycleTimeStd = 0.008263985468622058; LogProcessCycleTimeSum = 0.1087930202484131; SleepCycleTimeAvg = 5.005195617675781; SleepCycleTimeCount = 3.0; SleepCycleTimeMax = 5.005295038223267; SleepCycleTimeMin = 5.005108833312988; SleepCycleTimeStd = 9.374338390320854E-05; SleepCycleTimeSum = 15.01558685302734; SubmitCycleTimeAvg = 0.02282267808914185; SubmitCycleTimeCount = 4.0; SubmitCycleTimeMax = 0.09128093719482422; SubmitCycleTimeMin = 2.86102294921875E-06; SubmitCycleTimeStd = 0.04563883940724799; SubmitCycleTimeSum = 0.09129071235656738; ]
01/12/25 12:08:58 Wrote metrics file dagman.dag.metrics.
01/12/25 12:08:58 DAGMan Runtime Statistics: [EventCycleTimeAvg = 0.06468033790588379; EventCycleTimeCount = 3.0; EventCycleTimeMax = 0.1433069705963135; EventCycleTimeMin = 3.004074096679688E-05; EventCycleTimeStd = 0.07265378946231754; EventCycleTimeSum = 0.1940410137176514; LogProcessCycleTimeAvg = 0.05439651012420654; LogProcessCycleTimeCount = 2.0; LogProcessCycleTimeMax = 0.06024003028869629; LogProcessCycleTimeMin = 0.0485529899597168; LogProcessCycleTimeStd = 0.008263985468622058; LogProcessCycleTimeSum = 0.1087930202484131; SleepCycleTimeAvg = 5.005195617675781; SleepCycleTimeCount = 3.0; SleepCycleTimeMax = 5.005295038223267; SleepCycleTimeMin = 5.005108833312988; SleepCycleTimeStd = 9.374338390320854E-05; SleepCycleTimeSum = 15.01558685302734; SubmitCycleTimeAvg = 0.02282267808914185; SubmitCycleTimeCount = 4.0; SubmitCycleTimeMax = 0.09128093719482422; SubmitCycleTimeMin = 2.86102294921875E-06; SubmitCycleTimeStd = 0.04563883940724799; SubmitCycleTimeSum = 0.09129071235656738; ]
01/12/25 12:08:58 **** condor_scheduniv_exec.96.0 (condor_DAGMAN) pid 2716 EXITING WITH STATUS 0
01/12/25 12:09:45 ******************************************************
01/12/25 12:09:45 ** condor_scheduniv_exec.99.0 (CONDOR_DAGMAN) STARTING UP
01/12/25 12:09:45 ** /usr/bin/condor_dagman
01/12/25 12:09:45 ** SubsystemInfo: name=DAGMAN type=DAGMAN(9) class=CLIENT(2)
01/12/25 12:09:45 ** Configuration: subsystem:DAGMAN local:<NONE> class:CLIENT
01/12/25 12:09:45 ** $CondorVersion: 23.10.19 2025-01-03 BuildID: 777890 PackageID: 23.10.19-1+ubu24 GitSHA: 91176a00 $
01/12/25 12:09:45 ** $CondorPlatform: X86_64-Ubuntu_24.04 $
01/12/25 12:09:45 ** PID = 2752 RealUID = 1000
01/12/25 12:09:45 ** Log last touched 1/12 12:08:58
01/12/25 12:09:45 ******************************************************
01/12/25 12:09:45 Using config source: /etc/condor/condor_config
01/12/25 12:09:45 Using local config sources: 
01/12/25 12:09:45    /etc/condor/config.d/00-security
01/12/25 12:09:45    /etc/condor/config.d/01-submit.config
01/12/25 12:09:45    /etc/condor/config.d/10-stash-plugin.conf
01/12/25 12:09:45    /etc/condor/condor_config.local
01/12/25 12:09:45 config Macros = 75, Sorted = 75, StringBytes = 2325, TablesBytes = 2764
01/12/25 12:09:45 CLASSAD_CACHING is ENABLED
01/12/25 12:09:45 Daemon Log is logging: D_ALWAYS D_ERROR D_STATUS
01/12/25 12:09:45 DaemonCore: No command port requested.
01/12/25 12:09:45 DAGMAN_USE_STRICT setting: 1
01/12/25 12:09:45 DAGMAN_VERBOSITY setting: 3
01/12/25 12:09:45 DAGMAN_DEBUG_CACHE_SIZE setting: 5242880
01/12/25 12:09:45 DAGMAN_DEBUG_CACHE_ENABLE setting: False
01/12/25 12:09:45 DAGMAN_SUBMIT_DELAY setting: 0
01/12/25 12:09:45 DAGMAN_MAX_SUBMIT_ATTEMPTS setting: 6
01/12/25 12:09:45 DAGMAN_STARTUP_CYCLE_DETECT setting: False
01/12/25 12:09:45 DAGMAN_MAX_SUBMITS_PER_INTERVAL setting: 100
01/12/25 12:09:45 DAGMAN_AGGRESSIVE_SUBMIT setting: False
01/12/25 12:09:45 DAGMAN_USER_LOG_SCAN_INTERVAL setting: 5
01/12/25 12:09:45 DAGMAN_QUEUE_UPDATE_INTERVAL setting: 300
01/12/25 12:09:45 DAGMAN_DEFAULT_PRIORITY setting: 0
01/12/25 12:09:45 DAGMAN_SUPPRESS_NOTIFICATION setting: False
01/12/25 12:09:45 allow_events (DAGMAN_ALLOW_EVENTS) setting: 114
01/12/25 12:09:45 DAGMAN_RETRY_SUBMIT_FIRST setting: True
01/12/25 12:09:45 DAGMAN_RETRY_NODE_FIRST setting: False
01/12/25 12:09:45 DAGMAN_MAX_JOBS_IDLE setting: 1000
01/12/25 12:09:45 DAGMAN_MAX_JOBS_SUBMITTED setting: 0
01/12/25 12:09:45 DAGMAN_MAX_PRE_SCRIPTS setting: 20
01/12/25 12:09:45 DAGMAN_MAX_POST_SCRIPTS setting: 20
01/12/25 12:09:45 DAGMAN_MAX_HOLD_SCRIPTS setting: 20
01/12/25 12:09:45 DAGMAN_MUNGE_NODE_NAMES setting: True
01/12/25 12:09:45 DAGMAN_PROHIBIT_MULTI_JOBS setting: False
01/12/25 12:09:45 DAGMAN_SUBMIT_DEPTH_FIRST setting: False
01/12/25 12:09:45 DAGMAN_ALWAYS_RUN_POST setting: False
01/12/25 12:09:45 DAGMAN_CONDOR_SUBMIT_EXE setting: /usr/bin/condor_submit
01/12/25 12:09:45 DAGMAN_CONDOR_RM_EXE setting: /usr/bin/condor_rm
01/12/25 12:09:45 DAGMAN_USE_DIRECT_SUBMIT setting: True
01/12/25 12:09:45 DAGMAN_PRODUCE_JOB_CREDENTIALS setting: True
01/12/25 12:09:45 DAGMAN_DEFAULT_APPEND_VARS setting: False
01/12/25 12:09:45 DAGMAN_INHERIT_ATTRS_PREFIX setting: 
01/12/25 12:09:45 DAGMAN_INHERIT_ATTRS setting: 
01/12/25 12:09:45 DAGMAN_ABORT_DUPLICATES setting: True
01/12/25 12:09:45 DAGMAN_ABORT_ON_SCARY_SUBMIT setting: True
01/12/25 12:09:45 DAGMAN_PENDING_REPORT_INTERVAL setting: 600
01/12/25 12:09:45 DAGMAN_CHECK_QUEUE_INTERVAL setting: 28800
01/12/25 12:09:45 DAGMAN_AUTO_RESCUE setting: True
01/12/25 12:09:45 DAGMAN_MAX_RESCUE_NUM setting: 100
01/12/25 12:09:45 DAGMAN_WRITE_PARTIAL_RESCUE setting: True
01/12/25 12:09:45 DAGMAN_DEFAULT_NODE_LOG setting: @(DAG_DIR)/@(DAG_FILE).nodes.log
01/12/25 12:09:45 DAGMAN_GENERATE_SUBDAG_SUBMITS setting: True
01/12/25 12:09:45 DAGMAN_MAX_JOB_HOLDS setting: 100
01/12/25 12:09:45 DAGMAN_HOLD_CLAIM_TIME setting: 20
01/12/25 12:09:45 DAGMAN_SUPPRESS_JOB_LOGS setting: False
01/12/25 12:09:45 DAGMAN_REMOVE_NODE_JOBS setting: True
01/12/25 12:09:45 DAGMAN_REMOVE_JOBS_AFTER_LIMIT_CHANGE setting: False
01/12/25 12:09:45 DAGMAN will adjust edges after parsing
01/12/25 12:09:45 argv[0] == "condor_scheduniv_exec.99.0"
01/12/25 12:09:45 argv[1] == "-Lockfile"
01/12/25 12:09:45 argv[2] == "dagman.dag.lock"
01/12/25 12:09:45 argv[3] == "-Dag"
01/12/25 12:09:45 argv[4] == "dagman.dag"
01/12/25 12:09:45 argv[5] == "-MaxIdle"
01/12/25 12:09:45 argv[6] == "1000"
01/12/25 12:09:45 argv[7] == "-CsdVersion"
01/12/25 12:09:45 argv[8] == "$CondorVersion: 23.10.19 2025-01-03 BuildID: 777890 PackageID: 23.10.19-1+ubu24 GitSHA: 91176a00 $"
01/12/25 12:09:45 argv[9] == "-dagman"
01/12/25 12:09:45 argv[10] == "/usr/bin/condor_dagman"
01/12/25 12:09:45 argv[11] == "-AutoRescue"
01/12/25 12:09:45 argv[12] == "1"
01/12/25 12:09:45 argv[13] == "-DoRescueFrom"
01/12/25 12:09:45 argv[14] == "0"
01/12/25 12:09:45 argv[15] == "-force"
01/12/25 12:09:45 Can't open directory "/etc/condor/passwords.d" as PRIV_ROOT, errno: 13 (Permission denied)
01/12/25 12:09:45 Can't open directory "/etc/condor/passwords.d" as PRIV_ROOT, errno: 13 (Permission denied)
01/12/25 12:09:45 Workflow batch-id: <99.0>
01/12/25 12:09:45 Workflow batch-name: <dagman.dag+99>
01/12/25 12:09:45 Workflow accounting_group: <>
01/12/25 12:09:45 Workflow accounting_group_user: <>
01/12/25 12:09:45 Warning: failed to get attribute DAGNodeName
01/12/25 12:09:45 DAGMAN_LOG_ON_NFS_IS_ERROR setting: False
01/12/25 12:09:45 Default node log file is: </home/ubuntu/wqd7008_group_project/./dagman.dag.nodes.log>
01/12/25 12:09:45 DAG Lockfile will be written to dagman.dag.lock
01/12/25 12:09:45 DAG Input file is dagman.dag
01/12/25 12:09:45 Parsing 1 dagfiles
01/12/25 12:09:45 Parsing dagman.dag ...
01/12/25 12:09:45 Adjusting edges
01/12/25 12:09:45 Dag contains 2 total nodes
01/12/25 12:09:45 Bootstrapping...
01/12/25 12:09:45 Number of pre-completed nodes: 0
01/12/25 12:09:45 MultiLogFiles: truncating log file /home/ubuntu/wqd7008_group_project/./dagman.dag.nodes.log
01/12/25 12:09:45 DAG status: 0 (DAG_STATUS_OK)
01/12/25 12:09:45 Of 2 nodes total:
01/12/25 12:09:45  Done     Pre   Queued    Post   Ready   Un-Ready   Failed   Futile
01/12/25 12:09:45   ===     ===      ===     ===     ===        ===      ===      ===
01/12/25 12:09:45     0       0        0       0       2          0        0        0
01/12/25 12:09:45 0 job proc(s) currently held
01/12/25 12:09:45 DAGMan Runtime Statistics: [EventCycleTimeCount = 0.0; EventCycleTimeSum = 0.0; LogProcessCycleTimeCount = 0.0; LogProcessCycleTimeSum = 0.0; SleepCycleTimeCount = 0.0; SleepCycleTimeSum = 0.0; SubmitCycleTimeCount = 0.0; SubmitCycleTimeSum = 0.0; ]
01/12/25 12:09:45 Registering condor_event_timer...
01/12/25 12:09:46 Submitting HTCondor Node ImportJob job(s)...
01/12/25 12:09:46 Submitting node ImportJob from file import.sub using direct job submission
01/12/25 12:09:46 	assigned HTCondor ID (100.0.0)
01/12/25 12:09:46 Submitting HTCondor Node PreprocessJob job(s)...
01/12/25 12:09:46 Submitting node PreprocessJob from file preprocess.sub using direct job submission
01/12/25 12:09:46 	assigned HTCondor ID (101.0.0)
01/12/25 12:09:46 Just submitted 2 jobs this cycle...
01/12/25 12:09:46 DAG status: 0 (DAG_STATUS_OK)
01/12/25 12:09:46 Of 2 nodes total:
01/12/25 12:09:46  Done     Pre   Queued    Post   Ready   Un-Ready   Failed   Futile
01/12/25 12:09:46   ===     ===      ===     ===     ===        ===      ===      ===
01/12/25 12:09:46     0       0        2       0       0          0        0        0
01/12/25 12:09:46 0 job proc(s) currently held
01/12/25 12:09:46 DAGMan Runtime Statistics: [EventCycleTimeCount = 0.0; EventCycleTimeSum = 0.0; LogProcessCycleTimeCount = 0.0; LogProcessCycleTimeSum = 0.0; SleepCycleTimeCount = 0.0; SleepCycleTimeSum = 0.0; SubmitCycleTimeAvg = 0.0770258903503418; SubmitCycleTimeCount = 1.0; SubmitCycleTimeMax = 0.0770258903503418; SubmitCycleTimeMin = 0.0770258903503418; SubmitCycleTimeStd = 0.0770258903503418; SubmitCycleTimeSum = 0.0770258903503418; ]
01/12/25 12:09:51 Currently monitoring 1 HTCondor log file(s)
01/12/25 12:09:51 Reassigning the id of job ImportJob from (100.0.0) to (100.0.0)
01/12/25 12:09:51 Event: ULOG_SUBMIT for HTCondor Node ImportJob (100.0.0) {01/12/25 12:09:46}
01/12/25 12:09:51 Number of idle job procs: 1
01/12/25 12:09:51 Reassigning the id of job PreprocessJob from (101.0.0) to (101.0.0)
01/12/25 12:09:51 Event: ULOG_SUBMIT for HTCondor Node PreprocessJob (101.0.0) {01/12/25 12:09:46}
01/12/25 12:09:51 Number of idle job procs: 2
01/12/25 12:10:11 Currently monitoring 1 HTCondor log file(s)
01/12/25 12:10:12 Event: ULOG_EXECUTE for HTCondor Node PreprocessJob (101.0.0) {01/12/25 12:10:07}
01/12/25 12:10:12 Number of idle job procs: 1
01/12/25 12:10:12 Event: ULOG_EXECUTE for HTCondor Node ImportJob (100.0.0) {01/12/25 12:10:07}
01/12/25 12:10:12 Number of idle job procs: 0
01/12/25 12:10:12 Event: ULOG_JOB_TERMINATED for HTCondor Node ImportJob (100.0.0) {01/12/25 12:10:07}
01/12/25 12:10:12 Number of idle job procs: 0
01/12/25 12:10:12 Node ImportJob job proc (100.0.0) completed successfully.
01/12/25 12:10:12 Node ImportJob job completed
01/12/25 12:10:12 Event: ULOG_JOB_TERMINATED for HTCondor Node PreprocessJob (101.0.0) {01/12/25 12:10:11}
01/12/25 12:10:12 Number of idle job procs: 0
01/12/25 12:10:12 Node PreprocessJob job proc (101.0.0) completed successfully.
01/12/25 12:10:12 Node PreprocessJob job completed
01/12/25 12:10:12 DAG status: 0 (DAG_STATUS_OK)
01/12/25 12:10:12 Of 2 nodes total:
01/12/25 12:10:12  Done     Pre   Queued    Post   Ready   Un-Ready   Failed   Futile
01/12/25 12:10:12   ===     ===      ===     ===     ===        ===      ===      ===
01/12/25 12:10:12     2       0        0       0       0          0        0        0
01/12/25 12:10:12 0 job proc(s) currently held
01/12/25 12:10:12 DAGMan Runtime Statistics: [EventCycleTimeAvg = 0.03198914527893067; EventCycleTimeCount = 5.0; EventCycleTimeMax = 0.1141119003295898; EventCycleTimeMin = 2.789497375488281E-05; EventCycleTimeStd = 0.04999448234522927; EventCycleTimeSum = 0.1599457263946533; LogProcessCycleTimeAvg = 0.05676007270812988; LogProcessCycleTimeCount = 2.0; LogProcessCycleTimeMax = 0.06878304481506348; LogProcessCycleTimeMin = 0.04473710060119629; LogProcessCycleTimeStd = 0.01700305021365891; LogProcessCycleTimeSum = 0.1135201454162598; SleepCycleTimeAvg = 5.004275226593018; SleepCycleTimeCount = 5.0; SleepCycleTimeMax = 5.005383014678955; SleepCycleTimeMin = 5.00061297416687; SleepCycleTimeStd = 0.002050594044093455; SleepCycleTimeSum = 25.02137613296509; SubmitCycleTimeAvg = 0.0128399928410848; SubmitCycleTimeCount = 6.0; SubmitCycleTimeMax = 0.0770258903503418; SubmitCycleTimeMin = 2.145767211914062E-06; SubmitCycleTimeStd = 0.03144453951800383; SubmitCycleTimeSum = 0.07703995704650879; ]
01/12/25 12:10:12 All jobs Completed!
01/12/25 12:10:12 Note: 0 total node deferrals because of -MaxJobs limit (0)
01/12/25 12:10:12 Note: 0 total node deferrals because of -MaxIdle limit (1000)
01/12/25 12:10:12 Note: 0 total node deferrals because of node category throttles
01/12/25 12:10:12 Note: 0 total PRE script deferrals because of -MaxPre limit (20) or DEFER
01/12/25 12:10:12 Note: 0 total POST script deferrals because of -MaxPost limit (20) or DEFER
01/12/25 12:10:12 Note: 0 total HOLD script deferrals because of -MaxHold limit (20) or DEFER
01/12/25 12:10:12 DAG status: 0 (DAG_STATUS_OK)
01/12/25 12:10:12 Of 2 nodes total:
01/12/25 12:10:12  Done     Pre   Queued    Post   Ready   Un-Ready   Failed   Futile
01/12/25 12:10:12   ===     ===      ===     ===     ===        ===      ===      ===
01/12/25 12:10:12     2       0        0       0       0          0        0        0
01/12/25 12:10:12 0 job proc(s) currently held
01/12/25 12:10:12 DAGMan Runtime Statistics: [EventCycleTimeAvg = 0.03198914527893067; EventCycleTimeCount = 5.0; EventCycleTimeMax = 0.1141119003295898; EventCycleTimeMin = 2.789497375488281E-05; EventCycleTimeStd = 0.04999448234522927; EventCycleTimeSum = 0.1599457263946533; LogProcessCycleTimeAvg = 0.05676007270812988; LogProcessCycleTimeCount = 2.0; LogProcessCycleTimeMax = 0.06878304481506348; LogProcessCycleTimeMin = 0.04473710060119629; LogProcessCycleTimeStd = 0.01700305021365891; LogProcessCycleTimeSum = 0.1135201454162598; SleepCycleTimeAvg = 5.004275226593018; SleepCycleTimeCount = 5.0; SleepCycleTimeMax = 5.005383014678955; SleepCycleTimeMin = 5.00061297416687; SleepCycleTimeStd = 0.002050594044093455; SleepCycleTimeSum = 25.02137613296509; SubmitCycleTimeAvg = 0.0128399928410848; SubmitCycleTimeCount = 6.0; SubmitCycleTimeMax = 0.0770258903503418; SubmitCycleTimeMin = 2.145767211914062E-06; SubmitCycleTimeStd = 0.03144453951800383; SubmitCycleTimeSum = 0.07703995704650879; ]
01/12/25 12:10:12 Wrote metrics file dagman.dag.metrics.
01/12/25 12:10:12 DAGMan Runtime Statistics: [EventCycleTimeAvg = 0.03198914527893067; EventCycleTimeCount = 5.0; EventCycleTimeMax = 0.1141119003295898; EventCycleTimeMin = 2.789497375488281E-05; EventCycleTimeStd = 0.04999448234522927; EventCycleTimeSum = 0.1599457263946533; LogProcessCycleTimeAvg = 0.05676007270812988; LogProcessCycleTimeCount = 2.0; LogProcessCycleTimeMax = 0.06878304481506348; LogProcessCycleTimeMin = 0.04473710060119629; LogProcessCycleTimeStd = 0.01700305021365891; LogProcessCycleTimeSum = 0.1135201454162598; SleepCycleTimeAvg = 5.004275226593018; SleepCycleTimeCount = 5.0; SleepCycleTimeMax = 5.005383014678955; SleepCycleTimeMin = 5.00061297416687; SleepCycleTimeStd = 0.002050594044093455; SleepCycleTimeSum = 25.02137613296509; SubmitCycleTimeAvg = 0.0128399928410848; SubmitCycleTimeCount = 6.0; SubmitCycleTimeMax = 0.0770258903503418; SubmitCycleTimeMin = 2.145767211914062E-06; SubmitCycleTimeStd = 0.03144453951800383; SubmitCycleTimeSum = 0.07703995704650879; ]
01/12/25 12:10:12 **** condor_scheduniv_exec.99.0 (condor_DAGMAN) pid 2752 EXITING WITH STATUS 0
01/12/25 12:17:18 ******************************************************
01/12/25 12:17:18 ** condor_scheduniv_exec.102.0 (CONDOR_DAGMAN) STARTING UP
01/12/25 12:17:18 ** /usr/bin/condor_dagman
01/12/25 12:17:18 ** SubsystemInfo: name=DAGMAN type=DAGMAN(9) class=CLIENT(2)
01/12/25 12:17:18 ** Configuration: subsystem:DAGMAN local:<NONE> class:CLIENT
01/12/25 12:17:18 ** $CondorVersion: 23.10.19 2025-01-03 BuildID: 777890 PackageID: 23.10.19-1+ubu24 GitSHA: 91176a00 $
01/12/25 12:17:18 ** $CondorPlatform: X86_64-Ubuntu_24.04 $
01/12/25 12:17:18 ** PID = 2820 RealUID = 1000
01/12/25 12:17:18 ** Log last touched 1/12 12:10:12
01/12/25 12:17:18 ******************************************************
01/12/25 12:17:18 Using config source: /etc/condor/condor_config
01/12/25 12:17:18 Using local config sources: 
01/12/25 12:17:18    /etc/condor/config.d/00-security
01/12/25 12:17:18    /etc/condor/config.d/01-submit.config
01/12/25 12:17:18    /etc/condor/config.d/10-stash-plugin.conf
01/12/25 12:17:18    /etc/condor/condor_config.local
01/12/25 12:17:18 config Macros = 75, Sorted = 75, StringBytes = 2326, TablesBytes = 2764
01/12/25 12:17:18 CLASSAD_CACHING is ENABLED
01/12/25 12:17:18 Daemon Log is logging: D_ALWAYS D_ERROR D_STATUS
01/12/25 12:17:18 DaemonCore: No command port requested.
01/12/25 12:17:18 DAGMAN_USE_STRICT setting: 1
01/12/25 12:17:18 DAGMAN_VERBOSITY setting: 3
01/12/25 12:17:18 DAGMAN_DEBUG_CACHE_SIZE setting: 5242880
01/12/25 12:17:18 DAGMAN_DEBUG_CACHE_ENABLE setting: False
01/12/25 12:17:18 DAGMAN_SUBMIT_DELAY setting: 0
01/12/25 12:17:18 DAGMAN_MAX_SUBMIT_ATTEMPTS setting: 6
01/12/25 12:17:18 DAGMAN_STARTUP_CYCLE_DETECT setting: False
01/12/25 12:17:18 DAGMAN_MAX_SUBMITS_PER_INTERVAL setting: 100
01/12/25 12:17:18 DAGMAN_AGGRESSIVE_SUBMIT setting: False
01/12/25 12:17:18 DAGMAN_USER_LOG_SCAN_INTERVAL setting: 5
01/12/25 12:17:18 DAGMAN_QUEUE_UPDATE_INTERVAL setting: 300
01/12/25 12:17:18 DAGMAN_DEFAULT_PRIORITY setting: 0
01/12/25 12:17:18 DAGMAN_SUPPRESS_NOTIFICATION setting: False
01/12/25 12:17:18 allow_events (DAGMAN_ALLOW_EVENTS) setting: 114
01/12/25 12:17:19 DAGMAN_RETRY_SUBMIT_FIRST setting: True
01/12/25 12:17:19 DAGMAN_RETRY_NODE_FIRST setting: False
01/12/25 12:17:19 DAGMAN_MAX_JOBS_IDLE setting: 1000
01/12/25 12:17:19 DAGMAN_MAX_JOBS_SUBMITTED setting: 0
01/12/25 12:17:19 DAGMAN_MAX_PRE_SCRIPTS setting: 20
01/12/25 12:17:19 DAGMAN_MAX_POST_SCRIPTS setting: 20
01/12/25 12:17:19 DAGMAN_MAX_HOLD_SCRIPTS setting: 20
01/12/25 12:17:19 DAGMAN_MUNGE_NODE_NAMES setting: True
01/12/25 12:17:19 DAGMAN_PROHIBIT_MULTI_JOBS setting: False
01/12/25 12:17:19 DAGMAN_SUBMIT_DEPTH_FIRST setting: False
01/12/25 12:17:19 DAGMAN_ALWAYS_RUN_POST setting: False
01/12/25 12:17:19 DAGMAN_CONDOR_SUBMIT_EXE setting: /usr/bin/condor_submit
01/12/25 12:17:19 DAGMAN_CONDOR_RM_EXE setting: /usr/bin/condor_rm
01/12/25 12:17:19 DAGMAN_USE_DIRECT_SUBMIT setting: True
01/12/25 12:17:19 DAGMAN_PRODUCE_JOB_CREDENTIALS setting: True
01/12/25 12:17:19 DAGMAN_DEFAULT_APPEND_VARS setting: False
01/12/25 12:17:19 DAGMAN_INHERIT_ATTRS_PREFIX setting: 
01/12/25 12:17:19 DAGMAN_INHERIT_ATTRS setting: 
01/12/25 12:17:19 DAGMAN_ABORT_DUPLICATES setting: True
01/12/25 12:17:19 DAGMAN_ABORT_ON_SCARY_SUBMIT setting: True
01/12/25 12:17:19 DAGMAN_PENDING_REPORT_INTERVAL setting: 600
01/12/25 12:17:19 DAGMAN_CHECK_QUEUE_INTERVAL setting: 28800
01/12/25 12:17:19 DAGMAN_AUTO_RESCUE setting: True
01/12/25 12:17:19 DAGMAN_MAX_RESCUE_NUM setting: 100
01/12/25 12:17:19 DAGMAN_WRITE_PARTIAL_RESCUE setting: True
01/12/25 12:17:19 DAGMAN_DEFAULT_NODE_LOG setting: @(DAG_DIR)/@(DAG_FILE).nodes.log
01/12/25 12:17:19 DAGMAN_GENERATE_SUBDAG_SUBMITS setting: True
01/12/25 12:17:19 DAGMAN_MAX_JOB_HOLDS setting: 100
01/12/25 12:17:19 DAGMAN_HOLD_CLAIM_TIME setting: 20
01/12/25 12:17:19 DAGMAN_SUPPRESS_JOB_LOGS setting: False
01/12/25 12:17:19 DAGMAN_REMOVE_NODE_JOBS setting: True
01/12/25 12:17:19 DAGMAN_REMOVE_JOBS_AFTER_LIMIT_CHANGE setting: False
01/12/25 12:17:19 DAGMAN will adjust edges after parsing
01/12/25 12:17:19 argv[0] == "condor_scheduniv_exec.102.0"
01/12/25 12:17:19 argv[1] == "-Lockfile"
01/12/25 12:17:19 argv[2] == "dagman.dag.lock"
01/12/25 12:17:19 argv[3] == "-Dag"
01/12/25 12:17:19 argv[4] == "dagman.dag"
01/12/25 12:17:19 argv[5] == "-MaxIdle"
01/12/25 12:17:19 argv[6] == "1000"
01/12/25 12:17:19 argv[7] == "-CsdVersion"
01/12/25 12:17:19 argv[8] == "$CondorVersion: 23.10.19 2025-01-03 BuildID: 777890 PackageID: 23.10.19-1+ubu24 GitSHA: 91176a00 $"
01/12/25 12:17:19 argv[9] == "-dagman"
01/12/25 12:17:19 argv[10] == "/usr/bin/condor_dagman"
01/12/25 12:17:19 argv[11] == "-AutoRescue"
01/12/25 12:17:19 argv[12] == "1"
01/12/25 12:17:19 argv[13] == "-DoRescueFrom"
01/12/25 12:17:19 argv[14] == "0"
01/12/25 12:17:19 argv[15] == "-force"
01/12/25 12:17:19 Can't open directory "/etc/condor/passwords.d" as PRIV_ROOT, errno: 13 (Permission denied)
01/12/25 12:17:19 Can't open directory "/etc/condor/passwords.d" as PRIV_ROOT, errno: 13 (Permission denied)
01/12/25 12:17:19 Workflow batch-id: <102.0>
01/12/25 12:17:19 Workflow batch-name: <dagman.dag+102>
01/12/25 12:17:19 Workflow accounting_group: <>
01/12/25 12:17:19 Workflow accounting_group_user: <>
01/12/25 12:17:19 Warning: failed to get attribute DAGNodeName
01/12/25 12:17:19 DAGMAN_LOG_ON_NFS_IS_ERROR setting: False
01/12/25 12:17:19 Default node log file is: </home/ubuntu/wqd7008_group_project/./dagman.dag.nodes.log>
01/12/25 12:17:19 DAG Lockfile will be written to dagman.dag.lock
01/12/25 12:17:19 DAG Input file is dagman.dag
01/12/25 12:17:19 Parsing 1 dagfiles
01/12/25 12:17:19 Parsing dagman.dag ...
01/12/25 12:17:19 Adjusting edges
01/12/25 12:17:19 Dag contains 2 total nodes
01/12/25 12:17:19 Bootstrapping...
01/12/25 12:17:19 Number of pre-completed nodes: 0
01/12/25 12:17:19 MultiLogFiles: truncating log file /home/ubuntu/wqd7008_group_project/./dagman.dag.nodes.log
01/12/25 12:17:19 DAG status: 0 (DAG_STATUS_OK)
01/12/25 12:17:19 Of 2 nodes total:
01/12/25 12:17:19  Done     Pre   Queued    Post   Ready   Un-Ready   Failed   Futile
01/12/25 12:17:19   ===     ===      ===     ===     ===        ===      ===      ===
01/12/25 12:17:19     0       0        0       0       2          0        0        0
01/12/25 12:17:19 0 job proc(s) currently held
01/12/25 12:17:19 DAGMan Runtime Statistics: [EventCycleTimeCount = 0.0; EventCycleTimeSum = 0.0; LogProcessCycleTimeCount = 0.0; LogProcessCycleTimeSum = 0.0; SleepCycleTimeCount = 0.0; SleepCycleTimeSum = 0.0; SubmitCycleTimeCount = 0.0; SubmitCycleTimeSum = 0.0; ]
01/12/25 12:17:19 Registering condor_event_timer...
01/12/25 12:17:20 Submitting HTCondor Node ImportJob job(s)...
01/12/25 12:17:20 Submitting node ImportJob from file import.sub using direct job submission
01/12/25 12:17:20 	assigned HTCondor ID (103.0.0)
01/12/25 12:17:20 Submitting HTCondor Node PreprocessJob job(s)...
01/12/25 12:17:20 Submitting node PreprocessJob from file preprocess.sub using direct job submission
01/12/25 12:17:20 	assigned HTCondor ID (104.0.0)
01/12/25 12:17:20 Just submitted 2 jobs this cycle...
01/12/25 12:17:20 DAG status: 0 (DAG_STATUS_OK)
01/12/25 12:17:20 Of 2 nodes total:
01/12/25 12:17:20  Done     Pre   Queued    Post   Ready   Un-Ready   Failed   Futile
01/12/25 12:17:20   ===     ===      ===     ===     ===        ===      ===      ===
01/12/25 12:17:20     0       0        2       0       0          0        0        0
01/12/25 12:17:20 0 job proc(s) currently held
01/12/25 12:17:20 DAGMan Runtime Statistics: [EventCycleTimeCount = 0.0; EventCycleTimeSum = 0.0; LogProcessCycleTimeCount = 0.0; LogProcessCycleTimeSum = 0.0; SleepCycleTimeCount = 0.0; SleepCycleTimeSum = 0.0; SubmitCycleTimeAvg = 0.06545782089233398; SubmitCycleTimeCount = 1.0; SubmitCycleTimeMax = 0.06545782089233398; SubmitCycleTimeMin = 0.06545782089233398; SubmitCycleTimeStd = 0.06545782089233398; SubmitCycleTimeSum = 0.06545782089233398; ]
01/12/25 12:17:25 Currently monitoring 1 HTCondor log file(s)
01/12/25 12:17:25 Reassigning the id of job ImportJob from (103.0.0) to (103.0.0)
01/12/25 12:17:25 Event: ULOG_SUBMIT for HTCondor Node ImportJob (103.0.0) {01/12/25 12:17:20}
01/12/25 12:17:25 Number of idle job procs: 1
01/12/25 12:17:25 Reassigning the id of job PreprocessJob from (104.0.0) to (104.0.0)
01/12/25 12:17:25 Event: ULOG_SUBMIT for HTCondor Node PreprocessJob (104.0.0) {01/12/25 12:17:20}
01/12/25 12:17:25 Number of idle job procs: 2
01/12/25 12:17:30 Currently monitoring 1 HTCondor log file(s)
01/12/25 12:17:30 Event: ULOG_EXECUTE for HTCondor Node PreprocessJob (104.0.0) {01/12/25 12:17:26}
01/12/25 12:17:30 Number of idle job procs: 1
01/12/25 12:17:30 Event: ULOG_EXECUTE for HTCondor Node ImportJob (103.0.0) {01/12/25 12:17:26}
01/12/25 12:17:30 Number of idle job procs: 0
01/12/25 12:17:30 Event: ULOG_JOB_TERMINATED for HTCondor Node ImportJob (103.0.0) {01/12/25 12:17:27}
01/12/25 12:17:30 Number of idle job procs: 0
01/12/25 12:17:30 Node ImportJob job proc (103.0.0) completed successfully.
01/12/25 12:17:30 Node ImportJob job completed
01/12/25 12:17:30 Event: ULOG_JOB_TERMINATED for HTCondor Node PreprocessJob (104.0.0) {01/12/25 12:17:30}
01/12/25 12:17:30 Number of idle job procs: 0
01/12/25 12:17:30 Node PreprocessJob job proc (104.0.0) completed successfully.
01/12/25 12:17:30 Node PreprocessJob job completed
01/12/25 12:17:30 DAG status: 0 (DAG_STATUS_OK)
01/12/25 12:17:30 Of 2 nodes total:
01/12/25 12:17:30  Done     Pre   Queued    Post   Ready   Un-Ready   Failed   Futile
01/12/25 12:17:30   ===     ===      ===     ===     ===        ===      ===      ===
01/12/25 12:17:30     2       0        0       0       0          0        0        0
01/12/25 12:17:30 0 job proc(s) currently held
01/12/25 12:17:30 DAGMan Runtime Statistics: [EventCycleTimeAvg = 0.06123101711273193; EventCycleTimeCount = 2.0; EventCycleTimeMax = 0.09588789939880371; EventCycleTimeMin = 0.02657413482666016; EventCycleTimeStd = 0.04901223295853058; EventCycleTimeSum = 0.1224620342254639; LogProcessCycleTimeAvg = 0.04052197933197021; LogProcessCycleTimeCount = 2.0; LogProcessCycleTimeMax = 0.05449295043945312; LogProcessCycleTimeMin = 0.0265510082244873; LogProcessCycleTimeStd = 0.01975793681972499; LogProcessCycleTimeSum = 0.08104395866394043; SleepCycleTimeAvg = 5.004992961883545; SleepCycleTimeCount = 2.0; SleepCycleTimeMax = 5.005246877670288; SleepCycleTimeMin = 5.004739046096802; SleepCycleTimeStd = 0.0003590911493128172; SleepCycleTimeSum = 10.00998592376709; SubmitCycleTimeAvg = 0.02182118097941081; SubmitCycleTimeCount = 3.0; SubmitCycleTimeMax = 0.06545782089233398; SubmitCycleTimeMin = 2.86102294921875E-06; SubmitCycleTimeStd = 0.03779043870038545; SubmitCycleTimeSum = 0.06546354293823242; ]
01/12/25 12:17:30 All jobs Completed!
01/12/25 12:17:30 Note: 0 total node deferrals because of -MaxJobs limit (0)
01/12/25 12:17:30 Note: 0 total node deferrals because of -MaxIdle limit (1000)
01/12/25 12:17:30 Note: 0 total node deferrals because of node category throttles
01/12/25 12:17:30 Note: 0 total PRE script deferrals because of -MaxPre limit (20) or DEFER
01/12/25 12:17:30 Note: 0 total POST script deferrals because of -MaxPost limit (20) or DEFER
01/12/25 12:17:30 Note: 0 total HOLD script deferrals because of -MaxHold limit (20) or DEFER
01/12/25 12:17:30 DAG status: 0 (DAG_STATUS_OK)
01/12/25 12:17:30 Of 2 nodes total:
01/12/25 12:17:30  Done     Pre   Queued    Post   Ready   Un-Ready   Failed   Futile
01/12/25 12:17:30   ===     ===      ===     ===     ===        ===      ===      ===
01/12/25 12:17:30     2       0        0       0       0          0        0        0
01/12/25 12:17:30 0 job proc(s) currently held
01/12/25 12:17:30 DAGMan Runtime Statistics: [EventCycleTimeAvg = 0.06123101711273193; EventCycleTimeCount = 2.0; EventCycleTimeMax = 0.09588789939880371; EventCycleTimeMin = 0.02657413482666016; EventCycleTimeStd = 0.04901223295853058; EventCycleTimeSum = 0.1224620342254639; LogProcessCycleTimeAvg = 0.04052197933197021; LogProcessCycleTimeCount = 2.0; LogProcessCycleTimeMax = 0.05449295043945312; LogProcessCycleTimeMin = 0.0265510082244873; LogProcessCycleTimeStd = 0.01975793681972499; LogProcessCycleTimeSum = 0.08104395866394043; SleepCycleTimeAvg = 5.004992961883545; SleepCycleTimeCount = 2.0; SleepCycleTimeMax = 5.005246877670288; SleepCycleTimeMin = 5.004739046096802; SleepCycleTimeStd = 0.0003590911493128172; SleepCycleTimeSum = 10.00998592376709; SubmitCycleTimeAvg = 0.02182118097941081; SubmitCycleTimeCount = 3.0; SubmitCycleTimeMax = 0.06545782089233398; SubmitCycleTimeMin = 2.86102294921875E-06; SubmitCycleTimeStd = 0.03779043870038545; SubmitCycleTimeSum = 0.06546354293823242; ]
01/12/25 12:17:30 Wrote metrics file dagman.dag.metrics.
01/12/25 12:17:30 DAGMan Runtime Statistics: [EventCycleTimeAvg = 0.06123101711273193; EventCycleTimeCount = 2.0; EventCycleTimeMax = 0.09588789939880371; EventCycleTimeMin = 0.02657413482666016; EventCycleTimeStd = 0.04901223295853058; EventCycleTimeSum = 0.1224620342254639; LogProcessCycleTimeAvg = 0.04052197933197021; LogProcessCycleTimeCount = 2.0; LogProcessCycleTimeMax = 0.05449295043945312; LogProcessCycleTimeMin = 0.0265510082244873; LogProcessCycleTimeStd = 0.01975793681972499; LogProcessCycleTimeSum = 0.08104395866394043; SleepCycleTimeAvg = 5.004992961883545; SleepCycleTimeCount = 2.0; SleepCycleTimeMax = 5.005246877670288; SleepCycleTimeMin = 5.004739046096802; SleepCycleTimeStd = 0.0003590911493128172; SleepCycleTimeSum = 10.00998592376709; SubmitCycleTimeAvg = 0.02182118097941081; SubmitCycleTimeCount = 3.0; SubmitCycleTimeMax = 0.06545782089233398; SubmitCycleTimeMin = 2.86102294921875E-06; SubmitCycleTimeStd = 0.03779043870038545; SubmitCycleTimeSum = 0.06546354293823242; ]
01/12/25 12:17:30 **** condor_scheduniv_exec.102.0 (condor_DAGMAN) pid 2820 EXITING WITH STATUS 0
01/12/25 12:19:35 ******************************************************
01/12/25 12:19:35 ** condor_scheduniv_exec.105.0 (CONDOR_DAGMAN) STARTING UP
01/12/25 12:19:35 ** /usr/bin/condor_dagman
01/12/25 12:19:35 ** SubsystemInfo: name=DAGMAN type=DAGMAN(9) class=CLIENT(2)
01/12/25 12:19:35 ** Configuration: subsystem:DAGMAN local:<NONE> class:CLIENT
01/12/25 12:19:35 ** $CondorVersion: 23.10.19 2025-01-03 BuildID: 777890 PackageID: 23.10.19-1+ubu24 GitSHA: 91176a00 $
01/12/25 12:19:35 ** $CondorPlatform: X86_64-Ubuntu_24.04 $
01/12/25 12:19:35 ** PID = 2849 RealUID = 1000
01/12/25 12:19:35 ** Log last touched 1/12 12:17:30
01/12/25 12:19:35 ******************************************************
01/12/25 12:19:35 Using config source: /etc/condor/condor_config
01/12/25 12:19:35 Using local config sources: 
01/12/25 12:19:35    /etc/condor/config.d/00-security
01/12/25 12:19:35    /etc/condor/config.d/01-submit.config
01/12/25 12:19:35    /etc/condor/config.d/10-stash-plugin.conf
01/12/25 12:19:35    /etc/condor/condor_config.local
01/12/25 12:19:35 config Macros = 75, Sorted = 75, StringBytes = 2326, TablesBytes = 2764
01/12/25 12:19:35 CLASSAD_CACHING is ENABLED
01/12/25 12:19:35 Daemon Log is logging: D_ALWAYS D_ERROR D_STATUS
01/12/25 12:19:35 DaemonCore: No command port requested.
01/12/25 12:19:35 DAGMAN_USE_STRICT setting: 1
01/12/25 12:19:35 DAGMAN_VERBOSITY setting: 3
01/12/25 12:19:35 DAGMAN_DEBUG_CACHE_SIZE setting: 5242880
01/12/25 12:19:35 DAGMAN_DEBUG_CACHE_ENABLE setting: False
01/12/25 12:19:35 DAGMAN_SUBMIT_DELAY setting: 0
01/12/25 12:19:35 DAGMAN_MAX_SUBMIT_ATTEMPTS setting: 6
01/12/25 12:19:35 DAGMAN_STARTUP_CYCLE_DETECT setting: False
01/12/25 12:19:35 DAGMAN_MAX_SUBMITS_PER_INTERVAL setting: 100
01/12/25 12:19:35 DAGMAN_AGGRESSIVE_SUBMIT setting: False
01/12/25 12:19:35 DAGMAN_USER_LOG_SCAN_INTERVAL setting: 5
01/12/25 12:19:35 DAGMAN_QUEUE_UPDATE_INTERVAL setting: 300
01/12/25 12:19:35 DAGMAN_DEFAULT_PRIORITY setting: 0
01/12/25 12:19:35 DAGMAN_SUPPRESS_NOTIFICATION setting: False
01/12/25 12:19:35 allow_events (DAGMAN_ALLOW_EVENTS) setting: 114
01/12/25 12:19:35 DAGMAN_RETRY_SUBMIT_FIRST setting: True
01/12/25 12:19:35 DAGMAN_RETRY_NODE_FIRST setting: False
01/12/25 12:19:35 DAGMAN_MAX_JOBS_IDLE setting: 1000
01/12/25 12:19:35 DAGMAN_MAX_JOBS_SUBMITTED setting: 0
01/12/25 12:19:35 DAGMAN_MAX_PRE_SCRIPTS setting: 20
01/12/25 12:19:35 DAGMAN_MAX_POST_SCRIPTS setting: 20
01/12/25 12:19:35 DAGMAN_MAX_HOLD_SCRIPTS setting: 20
01/12/25 12:19:35 DAGMAN_MUNGE_NODE_NAMES setting: True
01/12/25 12:19:35 DAGMAN_PROHIBIT_MULTI_JOBS setting: False
01/12/25 12:19:35 DAGMAN_SUBMIT_DEPTH_FIRST setting: False
01/12/25 12:19:35 DAGMAN_ALWAYS_RUN_POST setting: False
01/12/25 12:19:35 DAGMAN_CONDOR_SUBMIT_EXE setting: /usr/bin/condor_submit
01/12/25 12:19:35 DAGMAN_CONDOR_RM_EXE setting: /usr/bin/condor_rm
01/12/25 12:19:35 DAGMAN_USE_DIRECT_SUBMIT setting: True
01/12/25 12:19:35 DAGMAN_PRODUCE_JOB_CREDENTIALS setting: True
01/12/25 12:19:35 DAGMAN_DEFAULT_APPEND_VARS setting: False
01/12/25 12:19:35 DAGMAN_INHERIT_ATTRS_PREFIX setting: 
01/12/25 12:19:35 DAGMAN_INHERIT_ATTRS setting: 
01/12/25 12:19:35 DAGMAN_ABORT_DUPLICATES setting: True
01/12/25 12:19:35 DAGMAN_ABORT_ON_SCARY_SUBMIT setting: True
01/12/25 12:19:35 DAGMAN_PENDING_REPORT_INTERVAL setting: 600
01/12/25 12:19:35 DAGMAN_CHECK_QUEUE_INTERVAL setting: 28800
01/12/25 12:19:35 DAGMAN_AUTO_RESCUE setting: True
01/12/25 12:19:35 DAGMAN_MAX_RESCUE_NUM setting: 100
01/12/25 12:19:35 DAGMAN_WRITE_PARTIAL_RESCUE setting: True
01/12/25 12:19:35 DAGMAN_DEFAULT_NODE_LOG setting: @(DAG_DIR)/@(DAG_FILE).nodes.log
01/12/25 12:19:35 DAGMAN_GENERATE_SUBDAG_SUBMITS setting: True
01/12/25 12:19:35 DAGMAN_MAX_JOB_HOLDS setting: 100
01/12/25 12:19:36 DAGMAN_HOLD_CLAIM_TIME setting: 20
01/12/25 12:19:36 DAGMAN_SUPPRESS_JOB_LOGS setting: False
01/12/25 12:19:36 DAGMAN_REMOVE_NODE_JOBS setting: True
01/12/25 12:19:36 DAGMAN_REMOVE_JOBS_AFTER_LIMIT_CHANGE setting: False
01/12/25 12:19:36 DAGMAN will adjust edges after parsing
01/12/25 12:19:36 argv[0] == "condor_scheduniv_exec.105.0"
01/12/25 12:19:36 argv[1] == "-Lockfile"
01/12/25 12:19:36 argv[2] == "dagman.dag.lock"
01/12/25 12:19:36 argv[3] == "-Dag"
01/12/25 12:19:36 argv[4] == "dagman.dag"
01/12/25 12:19:36 argv[5] == "-MaxIdle"
01/12/25 12:19:36 argv[6] == "1000"
01/12/25 12:19:36 argv[7] == "-CsdVersion"
01/12/25 12:19:36 argv[8] == "$CondorVersion: 23.10.19 2025-01-03 BuildID: 777890 PackageID: 23.10.19-1+ubu24 GitSHA: 91176a00 $"
01/12/25 12:19:36 argv[9] == "-dagman"
01/12/25 12:19:36 argv[10] == "/usr/bin/condor_dagman"
01/12/25 12:19:36 argv[11] == "-AutoRescue"
01/12/25 12:19:36 argv[12] == "1"
01/12/25 12:19:36 argv[13] == "-DoRescueFrom"
01/12/25 12:19:36 argv[14] == "0"
01/12/25 12:19:36 argv[15] == "-force"
01/12/25 12:19:36 Can't open directory "/etc/condor/passwords.d" as PRIV_ROOT, errno: 13 (Permission denied)
01/12/25 12:19:36 Can't open directory "/etc/condor/passwords.d" as PRIV_ROOT, errno: 13 (Permission denied)
01/12/25 12:19:36 Workflow batch-id: <105.0>
01/12/25 12:19:36 Workflow batch-name: <dagman.dag+105>
01/12/25 12:19:36 Workflow accounting_group: <>
01/12/25 12:19:36 Workflow accounting_group_user: <>
01/12/25 12:19:36 Warning: failed to get attribute DAGNodeName
01/12/25 12:19:36 DAGMAN_LOG_ON_NFS_IS_ERROR setting: False
01/12/25 12:19:36 Default node log file is: </home/ubuntu/wqd7008_group_project/./dagman.dag.nodes.log>
01/12/25 12:19:36 DAG Lockfile will be written to dagman.dag.lock
01/12/25 12:19:36 DAG Input file is dagman.dag
01/12/25 12:19:36 Parsing 1 dagfiles
01/12/25 12:19:36 Parsing dagman.dag ...
01/12/25 12:19:36 Adjusting edges
01/12/25 12:19:36 Dag contains 2 total nodes
01/12/25 12:19:36 Bootstrapping...
01/12/25 12:19:36 Number of pre-completed nodes: 0
01/12/25 12:19:36 MultiLogFiles: truncating log file /home/ubuntu/wqd7008_group_project/./dagman.dag.nodes.log
01/12/25 12:19:36 DAG status: 0 (DAG_STATUS_OK)
01/12/25 12:19:36 Of 2 nodes total:
01/12/25 12:19:36  Done     Pre   Queued    Post   Ready   Un-Ready   Failed   Futile
01/12/25 12:19:36   ===     ===      ===     ===     ===        ===      ===      ===
01/12/25 12:19:36     0       0        0       0       2          0        0        0
01/12/25 12:19:36 0 job proc(s) currently held
01/12/25 12:19:36 DAGMan Runtime Statistics: [EventCycleTimeCount = 0.0; EventCycleTimeSum = 0.0; LogProcessCycleTimeCount = 0.0; LogProcessCycleTimeSum = 0.0; SleepCycleTimeCount = 0.0; SleepCycleTimeSum = 0.0; SubmitCycleTimeCount = 0.0; SubmitCycleTimeSum = 0.0; ]
01/12/25 12:19:36 Registering condor_event_timer...
01/12/25 12:19:37 Submitting HTCondor Node ImportJob job(s)...
01/12/25 12:19:37 Submitting node ImportJob from file import.sub using direct job submission
01/12/25 12:19:37 	assigned HTCondor ID (106.0.0)
01/12/25 12:19:37 Submitting HTCondor Node PreprocessJob job(s)...
01/12/25 12:19:37 Submitting node PreprocessJob from file preprocess.sub using direct job submission
01/12/25 12:19:37 	assigned HTCondor ID (107.0.0)
01/12/25 12:19:37 Just submitted 2 jobs this cycle...
01/12/25 12:19:37 DAG status: 0 (DAG_STATUS_OK)
01/12/25 12:19:37 Of 2 nodes total:
01/12/25 12:19:37  Done     Pre   Queued    Post   Ready   Un-Ready   Failed   Futile
01/12/25 12:19:37   ===     ===      ===     ===     ===        ===      ===      ===
01/12/25 12:19:37     0       0        2       0       0          0        0        0
01/12/25 12:19:37 0 job proc(s) currently held
01/12/25 12:19:37 DAGMan Runtime Statistics: [EventCycleTimeCount = 0.0; EventCycleTimeSum = 0.0; LogProcessCycleTimeCount = 0.0; LogProcessCycleTimeSum = 0.0; SleepCycleTimeCount = 0.0; SleepCycleTimeSum = 0.0; SubmitCycleTimeAvg = 0.06889796257019043; SubmitCycleTimeCount = 1.0; SubmitCycleTimeMax = 0.06889796257019043; SubmitCycleTimeMin = 0.06889796257019043; SubmitCycleTimeStd = 0.06889796257019043; SubmitCycleTimeSum = 0.06889796257019043; ]
01/12/25 12:19:42 Currently monitoring 1 HTCondor log file(s)
01/12/25 12:19:42 Reassigning the id of job ImportJob from (106.0.0) to (106.0.0)
01/12/25 12:19:42 Event: ULOG_SUBMIT for HTCondor Node ImportJob (106.0.0) {01/12/25 12:19:37}
01/12/25 12:19:42 Number of idle job procs: 1
01/12/25 12:19:42 Reassigning the id of job PreprocessJob from (107.0.0) to (107.0.0)
01/12/25 12:19:42 Event: ULOG_SUBMIT for HTCondor Node PreprocessJob (107.0.0) {01/12/25 12:19:37}
01/12/25 12:19:42 Number of idle job procs: 2
01/12/25 12:19:47 Currently monitoring 1 HTCondor log file(s)
01/12/25 12:19:47 Event: ULOG_JOB_EVICTED for HTCondor Node PreprocessJob (107.0.0) {01/12/25 12:19:46}
01/12/25 12:19:47 Number of idle job procs: 2
01/12/25 12:19:47 Event: ULOG_JOB_HELD for HTCondor Node PreprocessJob (107.0.0) {01/12/25 12:19:46}
01/12/25 12:19:47   Hold reason: Transfer input files failure at access point ip-172-31-42-11 while sending files to execution point slot1_2@ip-172-31-17-139.ec2.internal. Details: reading from file /home/ubuntu/wqd7008_group_project/imported_data.pkl: (errno 2) No such file or directory
01/12/25 12:19:47 Number of idle job procs: 2
01/12/25 12:19:47 Event: ULOG_EXECUTE for HTCondor Node ImportJob (106.0.0) {01/12/25 12:19:46}
01/12/25 12:19:47 Number of idle job procs: 1
01/12/25 12:19:47 Event: ULOG_JOB_TERMINATED for HTCondor Node ImportJob (106.0.0) {01/12/25 12:19:47}
01/12/25 12:19:47 Number of idle job procs: 1
01/12/25 12:19:47 Node ImportJob job proc (106.0.0) completed successfully.
01/12/25 12:19:47 Node ImportJob job completed
01/12/25 12:19:47 DAG status: 0 (DAG_STATUS_OK)
01/12/25 12:19:47 Of 2 nodes total:
01/12/25 12:19:47  Done     Pre   Queued    Post   Ready   Un-Ready   Failed   Futile
01/12/25 12:19:47   ===     ===      ===     ===     ===        ===      ===      ===
01/12/25 12:19:47     1       0        1       0       0          0        0        0
01/12/25 12:19:47 1 job proc(s) currently held
01/12/25 12:19:47 DAGMan Runtime Statistics: [EventCycleTimeAvg = 0.07228541374206543; EventCycleTimeCount = 2.0; EventCycleTimeMax = 0.1128418445587158; EventCycleTimeMin = 0.03172898292541504; EventCycleTimeStd = 0.05735545450235312; EventCycleTimeSum = 0.1445708274841309; LogProcessCycleTimeAvg = 0.04800796508789062; LogProcessCycleTimeCount = 2.0; LogProcessCycleTimeMax = 0.06431698799133301; LogProcessCycleTimeMin = 0.03169894218444824; LogProcessCycleTimeStd = 0.02306444137910165; LogProcessCycleTimeSum = 0.09601593017578125; SleepCycleTimeAvg = 5.00509250164032; SleepCycleTimeCount = 2.0; SleepCycleTimeMax = 5.0050950050354; SleepCycleTimeMin = 5.005089998245239; SleepCycleTimeStd = 3.540335274915098E-06; SleepCycleTimeSum = 10.01018500328064; SubmitCycleTimeAvg = 0.02296837170918782; SubmitCycleTimeCount = 3.0; SubmitCycleTimeMax = 0.06889796257019043; SubmitCycleTimeMin = 3.099441528320312E-06; SubmitCycleTimeStd = 0.03977619247391201; SubmitCycleTimeSum = 0.06890511512756348; ]
01/12/25 12:21:37 ******************************************************
01/12/25 12:21:37 ** condor_scheduniv_exec.108.0 (CONDOR_DAGMAN) STARTING UP
01/12/25 12:21:37 ** /usr/bin/condor_dagman
01/12/25 12:21:37 ** SubsystemInfo: name=DAGMAN type=DAGMAN(9) class=CLIENT(2)
01/12/25 12:21:37 ** Configuration: subsystem:DAGMAN local:<NONE> class:CLIENT
01/12/25 12:21:37 ** $CondorVersion: 23.10.19 2025-01-03 BuildID: 777890 PackageID: 23.10.19-1+ubu24 GitSHA: 91176a00 $
01/12/25 12:21:37 ** $CondorPlatform: X86_64-Ubuntu_24.04 $
01/12/25 12:21:37 ** PID = 2891 RealUID = 1000
01/12/25 12:21:37 ** Log last touched 1/12 12:21:36
01/12/25 12:21:37 ******************************************************
01/12/25 12:21:37 Using config source: /etc/condor/condor_config
01/12/25 12:21:37 Using local config sources: 
01/12/25 12:21:37    /etc/condor/config.d/00-security
01/12/25 12:21:37    /etc/condor/config.d/01-submit.config
01/12/25 12:21:37    /etc/condor/config.d/10-stash-plugin.conf
01/12/25 12:21:37    /etc/condor/condor_config.local
01/12/25 12:21:37 config Macros = 75, Sorted = 75, StringBytes = 2326, TablesBytes = 2764
01/12/25 12:21:37 CLASSAD_CACHING is ENABLED
01/12/25 12:21:37 Daemon Log is logging: D_ALWAYS D_ERROR D_STATUS
01/12/25 12:21:37 DaemonCore: No command port requested.
01/12/25 12:21:37 DAGMAN_USE_STRICT setting: 1
01/12/25 12:21:37 DAGMAN_VERBOSITY setting: 3
01/12/25 12:21:37 DAGMAN_DEBUG_CACHE_SIZE setting: 5242880
01/12/25 12:21:37 DAGMAN_DEBUG_CACHE_ENABLE setting: False
01/12/25 12:21:37 DAGMAN_SUBMIT_DELAY setting: 0
01/12/25 12:21:37 DAGMAN_MAX_SUBMIT_ATTEMPTS setting: 6
01/12/25 12:21:37 DAGMAN_STARTUP_CYCLE_DETECT setting: False
01/12/25 12:21:37 DAGMAN_MAX_SUBMITS_PER_INTERVAL setting: 100
01/12/25 12:21:37 DAGMAN_AGGRESSIVE_SUBMIT setting: False
01/12/25 12:21:37 DAGMAN_USER_LOG_SCAN_INTERVAL setting: 5
01/12/25 12:21:37 DAGMAN_QUEUE_UPDATE_INTERVAL setting: 300
01/12/25 12:21:37 DAGMAN_DEFAULT_PRIORITY setting: 0
01/12/25 12:21:37 DAGMAN_SUPPRESS_NOTIFICATION setting: False
01/12/25 12:21:37 allow_events (DAGMAN_ALLOW_EVENTS) setting: 114
01/12/25 12:21:37 DAGMAN_RETRY_SUBMIT_FIRST setting: True
01/12/25 12:21:37 DAGMAN_RETRY_NODE_FIRST setting: False
01/12/25 12:21:37 DAGMAN_MAX_JOBS_IDLE setting: 1000
01/12/25 12:21:37 DAGMAN_MAX_JOBS_SUBMITTED setting: 0
01/12/25 12:21:37 DAGMAN_MAX_PRE_SCRIPTS setting: 20
01/12/25 12:21:37 DAGMAN_MAX_POST_SCRIPTS setting: 20
01/12/25 12:21:37 DAGMAN_MAX_HOLD_SCRIPTS setting: 20
01/12/25 12:21:37 DAGMAN_MUNGE_NODE_NAMES setting: True
01/12/25 12:21:37 DAGMAN_PROHIBIT_MULTI_JOBS setting: False
01/12/25 12:21:37 DAGMAN_SUBMIT_DEPTH_FIRST setting: False
01/12/25 12:21:37 DAGMAN_ALWAYS_RUN_POST setting: False
01/12/25 12:21:37 DAGMAN_CONDOR_SUBMIT_EXE setting: /usr/bin/condor_submit
01/12/25 12:21:37 DAGMAN_CONDOR_RM_EXE setting: /usr/bin/condor_rm
01/12/25 12:21:37 DAGMAN_USE_DIRECT_SUBMIT setting: True
01/12/25 12:21:37 DAGMAN_PRODUCE_JOB_CREDENTIALS setting: True
01/12/25 12:21:37 DAGMAN_DEFAULT_APPEND_VARS setting: False
01/12/25 12:21:37 DAGMAN_INHERIT_ATTRS_PREFIX setting: 
01/12/25 12:21:37 DAGMAN_INHERIT_ATTRS setting: 
01/12/25 12:21:37 DAGMAN_ABORT_DUPLICATES setting: True
01/12/25 12:21:37 DAGMAN_ABORT_ON_SCARY_SUBMIT setting: True
01/12/25 12:21:37 DAGMAN_PENDING_REPORT_INTERVAL setting: 600
01/12/25 12:21:37 DAGMAN_CHECK_QUEUE_INTERVAL setting: 28800
01/12/25 12:21:37 DAGMAN_AUTO_RESCUE setting: True
01/12/25 12:21:37 DAGMAN_MAX_RESCUE_NUM setting: 100
01/12/25 12:21:37 DAGMAN_WRITE_PARTIAL_RESCUE setting: True
01/12/25 12:21:37 DAGMAN_DEFAULT_NODE_LOG setting: @(DAG_DIR)/@(DAG_FILE).nodes.log
01/12/25 12:21:37 DAGMAN_GENERATE_SUBDAG_SUBMITS setting: True
01/12/25 12:21:37 DAGMAN_MAX_JOB_HOLDS setting: 100
01/12/25 12:21:37 DAGMAN_HOLD_CLAIM_TIME setting: 20
01/12/25 12:21:37 DAGMAN_SUPPRESS_JOB_LOGS setting: False
01/12/25 12:21:37 DAGMAN_REMOVE_NODE_JOBS setting: True
01/12/25 12:21:37 DAGMAN_REMOVE_JOBS_AFTER_LIMIT_CHANGE setting: False
01/12/25 12:21:37 DAGMAN will adjust edges after parsing
01/12/25 12:21:37 argv[0] == "condor_scheduniv_exec.108.0"
01/12/25 12:21:37 argv[1] == "-Lockfile"
01/12/25 12:21:37 argv[2] == "dagman.dag.lock"
01/12/25 12:21:37 argv[3] == "-Dag"
01/12/25 12:21:37 argv[4] == "dagman.dag"
01/12/25 12:21:37 argv[5] == "-MaxIdle"
01/12/25 12:21:37 argv[6] == "1000"
01/12/25 12:21:37 argv[7] == "-CsdVersion"
01/12/25 12:21:37 argv[8] == "$CondorVersion: 23.10.19 2025-01-03 BuildID: 777890 PackageID: 23.10.19-1+ubu24 GitSHA: 91176a00 $"
01/12/25 12:21:37 argv[9] == "-dagman"
01/12/25 12:21:37 argv[10] == "/usr/bin/condor_dagman"
01/12/25 12:21:37 argv[11] == "-AutoRescue"
01/12/25 12:21:37 argv[12] == "1"
01/12/25 12:21:37 argv[13] == "-DoRescueFrom"
01/12/25 12:21:37 argv[14] == "0"
01/12/25 12:21:37 argv[15] == "-force"
01/12/25 12:21:37 Can't open directory "/etc/condor/passwords.d" as PRIV_ROOT, errno: 13 (Permission denied)
01/12/25 12:21:37 Can't open directory "/etc/condor/passwords.d" as PRIV_ROOT, errno: 13 (Permission denied)
01/12/25 12:21:37 Workflow batch-id: <108.0>
01/12/25 12:21:37 Workflow batch-name: <dagman.dag+108>
01/12/25 12:21:37 Workflow accounting_group: <>
01/12/25 12:21:37 Workflow accounting_group_user: <>
01/12/25 12:21:37 Warning: failed to get attribute DAGNodeName
01/12/25 12:21:37 DAGMAN_LOG_ON_NFS_IS_ERROR setting: False
01/12/25 12:21:37 Default node log file is: </home/ubuntu/wqd7008_group_project/./dagman.dag.nodes.log>
01/12/25 12:21:37 DAG Lockfile will be written to dagman.dag.lock
01/12/25 12:21:37 DAG Input file is dagman.dag
01/12/25 12:21:37 Parsing 1 dagfiles
01/12/25 12:21:37 Parsing dagman.dag ...
01/12/25 12:21:37 Adjusting edges
01/12/25 12:21:37 Dag contains 2 total nodes
01/12/25 12:21:37 Lock file dagman.dag.lock detected,
01/12/25 12:21:37 Duplicate DAGMan PID 2849 is no longer alive; this DAGMan should continue.
01/12/25 12:21:37 Bootstrapping...
01/12/25 12:21:37 Number of pre-completed nodes: 0
01/12/25 12:21:37 Running in RECOVERY mode... >>>>>>>>>>>>>>>>>>>>>>>>>>>>>>
01/12/25 12:21:37 Currently monitoring 1 HTCondor log file(s)
01/12/25 12:21:37 Event: ULOG_SUBMIT for HTCondor Node ImportJob (106.0.0) {01/12/25 12:19:37} [recovery mode]
01/12/25 12:21:37 Number of idle job procs: 1
01/12/25 12:21:37 Event: ULOG_SUBMIT for HTCondor Node PreprocessJob (107.0.0) {01/12/25 12:19:37} [recovery mode]
01/12/25 12:21:37 Number of idle job procs: 2
01/12/25 12:21:37 Event: ULOG_JOB_EVICTED for HTCondor Node PreprocessJob (107.0.0) {01/12/25 12:19:46} [recovery mode]
01/12/25 12:21:37 Number of idle job procs: 2
01/12/25 12:21:37 Event: ULOG_JOB_HELD for HTCondor Node PreprocessJob (107.0.0) {01/12/25 12:19:46} [recovery mode]
01/12/25 12:21:37   Hold reason: Transfer input files failure at access point ip-172-31-42-11 while sending files to execution point slot1_2@ip-172-31-17-139.ec2.internal. Details: reading from file /home/ubuntu/wqd7008_group_project/imported_data.pkl: (errno 2) No such file or directory
01/12/25 12:21:37 Number of idle job procs: 2
01/12/25 12:21:37 Event: ULOG_EXECUTE for HTCondor Node ImportJob (106.0.0) {01/12/25 12:19:46} [recovery mode]
01/12/25 12:21:37 Number of idle job procs: 1
01/12/25 12:21:37 Event: ULOG_JOB_TERMINATED for HTCondor Node ImportJob (106.0.0) {01/12/25 12:19:47} [recovery mode]
01/12/25 12:21:37 Number of idle job procs: 1
01/12/25 12:21:38 Node ImportJob job proc (106.0.0) completed successfully.
01/12/25 12:21:38 Node ImportJob job completed
01/12/25 12:21:38     ------------------------------
01/12/25 12:21:38        HTCondor Recovery Complete
01/12/25 12:21:38     ------------------------------
01/12/25 12:21:38 ...done with RECOVERY mode <<<<<<<<<<<<<<<<<<<<<<<<<<<<<<
01/12/25 12:21:38 1 nodes claim to have jobs submitted to queue. Verifying...
01/12/25 12:21:38 Querying local schedd for associated jobs in queue
01/12/25 12:21:38 ERROR: DAGMan lost track of node PreprocessJob (ClusterId=107). Please resubmit DAG from produced rescue file.
01/12/25 12:21:38 Aborting DAG...
01/12/25 12:21:38 Writing Rescue DAG to dagman.dag.rescue001...
01/12/25 12:21:38 Removing submitted jobs...
01/12/25 12:21:38 Removing any/all submitted HTCondor jobs...
01/12/25 12:21:38 Running: /usr/bin/condor_rm -const DAGManJobId==108 -reason DAG' 'Abort:' 'DAG' 'is' 'exiting' 'and' 'writing' 'rescue' 'file.
01/12/25 12:21:38 Note: 0 total node deferrals because of -MaxJobs limit (0)
01/12/25 12:21:38 Note: 0 total node deferrals because of -MaxIdle limit (1000)
01/12/25 12:21:38 Note: 0 total node deferrals because of node category throttles
01/12/25 12:21:38 Note: 0 total PRE script deferrals because of -MaxPre limit (20) or DEFER
01/12/25 12:21:38 Note: 0 total POST script deferrals because of -MaxPost limit (20) or DEFER
01/12/25 12:21:38 Note: 0 total HOLD script deferrals because of -MaxHold limit (20) or DEFER
01/12/25 12:21:38 DAG status: 1 (DAG_STATUS_ERROR)
01/12/25 12:21:38 Of 2 nodes total:
01/12/25 12:21:38  Done     Pre   Queued    Post   Ready   Un-Ready   Failed   Futile
01/12/25 12:21:38   ===     ===      ===     ===     ===        ===      ===      ===
01/12/25 12:21:38     1       0        1       0       0          0        0        0
01/12/25 12:21:38 1 job proc(s) currently held
01/12/25 12:21:38 DAGMan Runtime Statistics: [EventCycleTimeCount = 0.0; EventCycleTimeSum = 0.0; LogProcessCycleTimeCount = 0.0; LogProcessCycleTimeSum = 0.0; SleepCycleTimeCount = 0.0; SleepCycleTimeSum = 0.0; SubmitCycleTimeCount = 0.0; SubmitCycleTimeSum = 0.0; ]
01/12/25 12:21:38 Wrote metrics file dagman.dag.metrics.
01/12/25 12:21:38 DAGMan Runtime Statistics: [EventCycleTimeCount = 0.0; EventCycleTimeSum = 0.0; LogProcessCycleTimeCount = 0.0; LogProcessCycleTimeSum = 0.0; SleepCycleTimeCount = 0.0; SleepCycleTimeSum = 0.0; SubmitCycleTimeCount = 0.0; SubmitCycleTimeSum = 0.0; ]
01/12/25 12:21:38 **** condor_scheduniv_exec.108.0 (condor_DAGMAN) pid 2891 EXITING WITH STATUS 1
01/12/25 12:29:48 601 seconds since last log event
01/12/25 12:29:48 Pending DAG nodes:
01/12/25 12:29:48   Node PreprocessJob, HTCondor ID 107, status STATUS_SUBMITTED
01/12/25 12:39:48 1201 seconds since last log event
01/12/25 12:39:48 Pending DAG nodes:
01/12/25 12:39:48   Node PreprocessJob, HTCondor ID 107, status STATUS_SUBMITTED
01/12/25 12:39:56 ******************************************************
01/12/25 12:39:56 ** condor_scheduniv_exec.109.0 (CONDOR_DAGMAN) STARTING UP
01/12/25 12:39:56 ** /usr/bin/condor_dagman
01/12/25 12:39:56 ** SubsystemInfo: name=DAGMAN type=DAGMAN(9) class=CLIENT(2)
01/12/25 12:39:56 ** Configuration: subsystem:DAGMAN local:<NONE> class:CLIENT
01/12/25 12:39:56 ** $CondorVersion: 23.10.19 2025-01-03 BuildID: 777890 PackageID: 23.10.19-1+ubu24 GitSHA: 91176a00 $
01/12/25 12:39:56 ** $CondorPlatform: X86_64-Ubuntu_24.04 $
01/12/25 12:39:56 ** PID = 2966 RealUID = 1000
01/12/25 12:39:56 ** Log last touched 1/12 12:39:48
01/12/25 12:39:56 ******************************************************
01/12/25 12:39:56 Using config source: /etc/condor/condor_config
01/12/25 12:39:56 Using local config sources: 
01/12/25 12:39:56    /etc/condor/config.d/00-security
01/12/25 12:39:56    /etc/condor/config.d/01-submit.config
01/12/25 12:39:56    /etc/condor/config.d/10-stash-plugin.conf
01/12/25 12:39:56    /etc/condor/condor_config.local
01/12/25 12:39:56 config Macros = 75, Sorted = 75, StringBytes = 2326, TablesBytes = 2764
01/12/25 12:39:56 CLASSAD_CACHING is ENABLED
01/12/25 12:39:56 Daemon Log is logging: D_ALWAYS D_ERROR D_STATUS
01/12/25 12:39:56 DaemonCore: No command port requested.
01/12/25 12:39:56 DAGMAN_USE_STRICT setting: 1
01/12/25 12:39:56 DAGMAN_VERBOSITY setting: 3
01/12/25 12:39:56 DAGMAN_DEBUG_CACHE_SIZE setting: 5242880
01/12/25 12:39:56 DAGMAN_DEBUG_CACHE_ENABLE setting: False
01/12/25 12:39:56 DAGMAN_SUBMIT_DELAY setting: 0
01/12/25 12:39:56 DAGMAN_MAX_SUBMIT_ATTEMPTS setting: 6
01/12/25 12:39:56 DAGMAN_STARTUP_CYCLE_DETECT setting: False
01/12/25 12:39:56 DAGMAN_MAX_SUBMITS_PER_INTERVAL setting: 100
01/12/25 12:39:56 DAGMAN_AGGRESSIVE_SUBMIT setting: False
01/12/25 12:39:56 DAGMAN_USER_LOG_SCAN_INTERVAL setting: 5
01/12/25 12:39:56 DAGMAN_QUEUE_UPDATE_INTERVAL setting: 300
01/12/25 12:39:56 DAGMAN_DEFAULT_PRIORITY setting: 0
01/12/25 12:39:56 DAGMAN_SUPPRESS_NOTIFICATION setting: False
01/12/25 12:39:56 allow_events (DAGMAN_ALLOW_EVENTS) setting: 114
01/12/25 12:39:56 DAGMAN_RETRY_SUBMIT_FIRST setting: True
01/12/25 12:39:56 DAGMAN_RETRY_NODE_FIRST setting: False
01/12/25 12:39:56 DAGMAN_MAX_JOBS_IDLE setting: 1000
01/12/25 12:39:56 DAGMAN_MAX_JOBS_SUBMITTED setting: 0
01/12/25 12:39:56 DAGMAN_MAX_PRE_SCRIPTS setting: 20
01/12/25 12:39:56 DAGMAN_MAX_POST_SCRIPTS setting: 20
01/12/25 12:39:56 DAGMAN_MAX_HOLD_SCRIPTS setting: 20
01/12/25 12:39:56 DAGMAN_MUNGE_NODE_NAMES setting: True
01/12/25 12:39:56 DAGMAN_PROHIBIT_MULTI_JOBS setting: False
01/12/25 12:39:56 DAGMAN_SUBMIT_DEPTH_FIRST setting: False
01/12/25 12:39:56 DAGMAN_ALWAYS_RUN_POST setting: False
01/12/25 12:39:56 DAGMAN_CONDOR_SUBMIT_EXE setting: /usr/bin/condor_submit
01/12/25 12:39:56 DAGMAN_CONDOR_RM_EXE setting: /usr/bin/condor_rm
01/12/25 12:39:56 DAGMAN_USE_DIRECT_SUBMIT setting: True
01/12/25 12:39:56 DAGMAN_PRODUCE_JOB_CREDENTIALS setting: True
01/12/25 12:39:56 DAGMAN_DEFAULT_APPEND_VARS setting: False
01/12/25 12:39:56 DAGMAN_INHERIT_ATTRS_PREFIX setting: 
01/12/25 12:39:56 DAGMAN_INHERIT_ATTRS setting: 
01/12/25 12:39:56 DAGMAN_ABORT_DUPLICATES setting: True
01/12/25 12:39:56 DAGMAN_ABORT_ON_SCARY_SUBMIT setting: True
01/12/25 12:39:56 DAGMAN_PENDING_REPORT_INTERVAL setting: 600
01/12/25 12:39:56 DAGMAN_CHECK_QUEUE_INTERVAL setting: 28800
01/12/25 12:39:56 DAGMAN_AUTO_RESCUE setting: True
01/12/25 12:39:56 DAGMAN_MAX_RESCUE_NUM setting: 100
01/12/25 12:39:56 DAGMAN_WRITE_PARTIAL_RESCUE setting: True
01/12/25 12:39:57 DAGMAN_DEFAULT_NODE_LOG setting: @(DAG_DIR)/@(DAG_FILE).nodes.log
01/12/25 12:39:57 DAGMAN_GENERATE_SUBDAG_SUBMITS setting: True
01/12/25 12:39:57 DAGMAN_MAX_JOB_HOLDS setting: 100
01/12/25 12:39:57 DAGMAN_HOLD_CLAIM_TIME setting: 20
01/12/25 12:39:57 DAGMAN_SUPPRESS_JOB_LOGS setting: False
01/12/25 12:39:57 DAGMAN_REMOVE_NODE_JOBS setting: True
01/12/25 12:39:57 DAGMAN_REMOVE_JOBS_AFTER_LIMIT_CHANGE setting: False
01/12/25 12:39:57 DAGMAN will adjust edges after parsing
01/12/25 12:39:57 argv[0] == "condor_scheduniv_exec.109.0"
01/12/25 12:39:57 argv[1] == "-Lockfile"
01/12/25 12:39:57 argv[2] == "dagman.dag.lock"
01/12/25 12:39:57 argv[3] == "-Dag"
01/12/25 12:39:57 argv[4] == "dagman.dag"
01/12/25 12:39:57 argv[5] == "-MaxIdle"
01/12/25 12:39:57 argv[6] == "1000"
01/12/25 12:39:57 argv[7] == "-CsdVersion"
01/12/25 12:39:57 argv[8] == "$CondorVersion: 23.10.19 2025-01-03 BuildID: 777890 PackageID: 23.10.19-1+ubu24 GitSHA: 91176a00 $"
01/12/25 12:39:57 argv[9] == "-dagman"
01/12/25 12:39:57 argv[10] == "/usr/bin/condor_dagman"
01/12/25 12:39:57 argv[11] == "-AutoRescue"
01/12/25 12:39:57 argv[12] == "1"
01/12/25 12:39:57 argv[13] == "-DoRescueFrom"
01/12/25 12:39:57 argv[14] == "0"
01/12/25 12:39:57 argv[15] == "-force"
01/12/25 12:39:57 Can't open directory "/etc/condor/passwords.d" as PRIV_ROOT, errno: 13 (Permission denied)
01/12/25 12:39:57 Can't open directory "/etc/condor/passwords.d" as PRIV_ROOT, errno: 13 (Permission denied)
01/12/25 12:39:57 Workflow batch-id: <109.0>
01/12/25 12:39:57 Workflow batch-name: <dagman.dag+109>
01/12/25 12:39:57 Workflow accounting_group: <>
01/12/25 12:39:57 Workflow accounting_group_user: <>
01/12/25 12:39:57 Warning: failed to get attribute DAGNodeName
01/12/25 12:39:57 DAGMAN_LOG_ON_NFS_IS_ERROR setting: False
01/12/25 12:39:57 Default node log file is: </home/ubuntu/wqd7008_group_project/./dagman.dag.nodes.log>
01/12/25 12:39:57 DAG Lockfile will be written to dagman.dag.lock
01/12/25 12:39:57 DAG Input file is dagman.dag
01/12/25 12:39:57 Parsing 1 dagfiles
01/12/25 12:39:57 Parsing dagman.dag ...
01/12/25 12:39:57 Adjusting edges
01/12/25 12:39:57 Dag contains 2 total nodes
01/12/25 12:39:57 Bootstrapping...
01/12/25 12:39:57 Number of pre-completed nodes: 0
01/12/25 12:39:57 MultiLogFiles: truncating log file /home/ubuntu/wqd7008_group_project/./dagman.dag.nodes.log
01/12/25 12:39:57 DAG status: 0 (DAG_STATUS_OK)
01/12/25 12:39:57 Of 2 nodes total:
01/12/25 12:39:57  Done     Pre   Queued    Post   Ready   Un-Ready   Failed   Futile
01/12/25 12:39:57   ===     ===      ===     ===     ===        ===      ===      ===
01/12/25 12:39:57     0       0        0       0       2          0        0        0
01/12/25 12:39:57 0 job proc(s) currently held
01/12/25 12:39:57 DAGMan Runtime Statistics: [EventCycleTimeCount = 0.0; EventCycleTimeSum = 0.0; LogProcessCycleTimeCount = 0.0; LogProcessCycleTimeSum = 0.0; SleepCycleTimeCount = 0.0; SleepCycleTimeSum = 0.0; SubmitCycleTimeCount = 0.0; SubmitCycleTimeSum = 0.0; ]
01/12/25 12:39:57 Registering condor_event_timer...
01/12/25 12:39:58 Submitting HTCondor Node ImportJob job(s)...
01/12/25 12:39:58 Submitting node ImportJob from file import.sub using direct job submission
01/12/25 12:39:58 	assigned HTCondor ID (110.0.0)
01/12/25 12:39:58 Submitting HTCondor Node PreprocessJob job(s)...
01/12/25 12:39:58 Submitting node PreprocessJob from file preprocess.sub using direct job submission
01/12/25 12:39:58 	assigned HTCondor ID (111.0.0)
01/12/25 12:39:58 Just submitted 2 jobs this cycle...
01/12/25 12:39:58 DAG status: 0 (DAG_STATUS_OK)
01/12/25 12:39:58 Of 2 nodes total:
01/12/25 12:39:58  Done     Pre   Queued    Post   Ready   Un-Ready   Failed   Futile
01/12/25 12:39:58   ===     ===      ===     ===     ===        ===      ===      ===
01/12/25 12:39:58     0       0        2       0       0          0        0        0
01/12/25 12:39:58 0 job proc(s) currently held
01/12/25 12:39:58 DAGMan Runtime Statistics: [EventCycleTimeCount = 0.0; EventCycleTimeSum = 0.0; LogProcessCycleTimeCount = 0.0; LogProcessCycleTimeSum = 0.0; SleepCycleTimeCount = 0.0; SleepCycleTimeSum = 0.0; SubmitCycleTimeAvg = 0.08270001411437988; SubmitCycleTimeCount = 1.0; SubmitCycleTimeMax = 0.08270001411437988; SubmitCycleTimeMin = 0.08270001411437988; SubmitCycleTimeStd = 0.08270001411437988; SubmitCycleTimeSum = 0.08270001411437988; ]
01/12/25 12:39:58 ERROR: log file /home/ubuntu/wqd7008_group_project/./dagman.dag.nodes.log has shrunk, probably due to being overwritten. Aborting.
01/12/25 12:39:58 MultiLogFiles: detected error, cleaning up all log monitors
01/12/25 12:39:58 DAGMan exiting due to error in log file
01/12/25 12:39:58 DAG status: 1 (DAG_STATUS_ERROR)
01/12/25 12:39:58 Of 2 nodes total:
01/12/25 12:39:58  Done     Pre   Queued    Post   Ready   Un-Ready   Failed   Futile
01/12/25 12:39:58   ===     ===      ===     ===     ===        ===      ===      ===
01/12/25 12:39:58     1       0        1       0       0          0        0        0
01/12/25 12:39:58 1 job proc(s) currently held
01/12/25 12:39:58 DAGMan Runtime Statistics: [EventCycleTimeAvg = 0.001336454368028484; EventCycleTimeCount = 244.0; EventCycleTimeMax = 0.1128418445587158; EventCycleTimeMin = 1.811981201171875E-05; EventCycleTimeStd = 0.009839532852989963; EventCycleTimeSum = 0.3260948657989502; LogProcessCycleTimeAvg = 0.04800796508789062; LogProcessCycleTimeCount = 2.0; LogProcessCycleTimeMax = 0.06431698799133301; LogProcessCycleTimeMin = 0.03169894218444824; LogProcessCycleTimeStd = 0.02306444137910165; LogProcessCycleTimeSum = 0.09601593017578125; SleepCycleTimeAvg = 5.005389398238698; SleepCycleTimeCount = 244.0; SleepCycleTimeMax = 5.011789083480835; SleepCycleTimeMin = 5.000824928283691; SleepCycleTimeStd = 0.001083342552018143; SleepCycleTimeSum = 1221.315013170242; SubmitCycleTimeAvg = 0.0002857036277896068; SubmitCycleTimeCount = 244.0; SubmitCycleTimeMax = 0.06889796257019043; SubmitCycleTimeMin = 1.9073486328125E-06; SubmitCycleTimeStd = 0.004410525775746668; SubmitCycleTimeSum = 0.06971168518066406; ]
01/12/25 12:39:58 Wrote metrics file dagman.dag.metrics.
01/12/25 12:39:58 **** condor_scheduniv_exec.105.0 (condor_DAGMAN) pid 2849 EXITING WITH STATUS 2
01/12/25 12:40:03 Currently monitoring 1 HTCondor log file(s)
01/12/25 12:40:03 Reassigning the id of job ImportJob from (110.0.0) to (110.0.0)
01/12/25 12:40:03 Event: ULOG_SUBMIT for HTCondor Node ImportJob (110.0.0) {01/12/25 12:39:58}
01/12/25 12:40:03 Number of idle job procs: 1
01/12/25 12:40:03 Reassigning the id of job PreprocessJob from (111.0.0) to (111.0.0)
01/12/25 12:40:03 Event: ULOG_SUBMIT for HTCondor Node PreprocessJob (111.0.0) {01/12/25 12:39:58}
01/12/25 12:40:03 Number of idle job procs: 2
01/12/25 12:40:03 ERROR: node for condor ID 107.0.0 not found! (might be because of node retries)
01/12/25 12:40:03 Event: ULOG_JOB_ABORTED for unknown Node (107.0.0) {01/12/25 12:39:59}: ignoring...
01/12/25 12:40:18 Currently monitoring 1 HTCondor log file(s)
01/12/25 12:40:18 Event: ULOG_EXECUTE for HTCondor Node PreprocessJob (111.0.0) {01/12/25 12:40:17}
01/12/25 12:40:18 Number of idle job procs: 1
01/12/25 12:40:18 Event: ULOG_EXECUTE for HTCondor Node ImportJob (110.0.0) {01/12/25 12:40:17}
01/12/25 12:40:18 Number of idle job procs: 0
01/12/25 12:40:18 Event: ULOG_JOB_TERMINATED for HTCondor Node ImportJob (110.0.0) {01/12/25 12:40:17}
01/12/25 12:40:18 Number of idle job procs: 0
01/12/25 12:40:18 Node ImportJob job proc (110.0.0) completed successfully.
01/12/25 12:40:18 Node ImportJob job completed
01/12/25 12:40:18 DAG status: 0 (DAG_STATUS_OK)
01/12/25 12:40:18 Of 2 nodes total:
01/12/25 12:40:18  Done     Pre   Queued    Post   Ready   Un-Ready   Failed   Futile
01/12/25 12:40:18   ===     ===      ===     ===     ===        ===      ===      ===
01/12/25 12:40:18     1       0        1       0       0          0        0        0
01/12/25 12:40:18 0 job proc(s) currently held
01/12/25 12:40:18 DAGMan Runtime Statistics: [EventCycleTimeAvg = 0.05185872316360474; EventCycleTimeCount = 4.0; EventCycleTimeMax = 0.1349630355834961; EventCycleTimeMin = 2.884864807128906E-05; EventCycleTimeStd = 0.06506603108776526; EventCycleTimeSum = 0.2074348926544189; LogProcessCycleTimeAvg = 0.0519709587097168; LogProcessCycleTimeCount = 2.0; LogProcessCycleTimeMax = 0.07117199897766113; LogProcessCycleTimeMin = 0.03276991844177246; LogProcessCycleTimeStd = 0.02715437155859881; LogProcessCycleTimeSum = 0.1039419174194336; SleepCycleTimeAvg = 5.004758059978485; SleepCycleTimeCount = 4.0; SleepCycleTimeMax = 5.005362987518311; SleepCycleTimeMin = 5.003473997116089; SleepCycleTimeStd = 0.0008651757536138705; SleepCycleTimeSum = 20.01903223991394; SubmitCycleTimeAvg = 0.01654362678527832; SubmitCycleTimeCount = 5.0; SubmitCycleTimeMax = 0.08270001411437988; SubmitCycleTimeMin = 3.099441528320312E-06; SubmitCycleTimeStd = 0.03698254483723395; SubmitCycleTimeSum = 0.0827181339263916; ]
01/12/25 12:40:23 Currently monitoring 1 HTCondor log file(s)
01/12/25 12:40:23 Event: ULOG_JOB_TERMINATED for HTCondor Node PreprocessJob (111.0.0) {01/12/25 12:40:21}
01/12/25 12:40:23 Number of idle job procs: 0
01/12/25 12:40:23 Node PreprocessJob job proc (111.0.0) completed successfully.
01/12/25 12:40:23 Node PreprocessJob job completed
01/12/25 12:40:23 DAG status: 0 (DAG_STATUS_OK)
01/12/25 12:40:23 Of 2 nodes total:
01/12/25 12:40:23  Done     Pre   Queued    Post   Ready   Un-Ready   Failed   Futile
01/12/25 12:40:23   ===     ===      ===     ===     ===        ===      ===      ===
01/12/25 12:40:23     2       0        0       0       0          0        0        0
01/12/25 12:40:23 0 job proc(s) currently held
01/12/25 12:40:23 DAGMan Runtime Statistics: [EventCycleTimeAvg = 0.05515937805175782; EventCycleTimeCount = 5.0; EventCycleTimeMax = 0.1349630355834961; EventCycleTimeMin = 2.884864807128906E-05; EventCycleTimeStd = 0.05683012330260221; EventCycleTimeSum = 0.2757968902587891; LogProcessCycleTimeAvg = 0.04245297114054362; LogProcessCycleTimeCount = 3.0; LogProcessCycleTimeMax = 0.07117199897766113; LogProcessCycleTimeMin = 0.02341699600219727; LogProcessCycleTimeStd = 0.02530723630648012; LogProcessCycleTimeSum = 0.1273589134216309; SleepCycleTimeAvg = 5.004861831665039; SleepCycleTimeCount = 5.0; SleepCycleTimeMax = 5.005362987518311; SleepCycleTimeMin = 5.003473997116089; SleepCycleTimeStd = 0.0007843721235053283; SleepCycleTimeSum = 25.0243091583252; SubmitCycleTimeAvg = 0.01378687222798665; SubmitCycleTimeCount = 6.0; SubmitCycleTimeMax = 0.08270001411437988; SubmitCycleTimeMin = 3.099441528320312E-06; SubmitCycleTimeStd = 0.0337604068732192; SubmitCycleTimeSum = 0.08272123336791992; ]
01/12/25 12:40:23 All jobs Completed!
01/12/25 12:40:23 Note: 0 total node deferrals because of -MaxJobs limit (0)
01/12/25 12:40:23 Note: 0 total node deferrals because of -MaxIdle limit (1000)
01/12/25 12:40:23 Note: 0 total node deferrals because of node category throttles
01/12/25 12:40:23 Note: 0 total PRE script deferrals because of -MaxPre limit (20) or DEFER
01/12/25 12:40:23 Note: 0 total POST script deferrals because of -MaxPost limit (20) or DEFER
01/12/25 12:40:23 Note: 0 total HOLD script deferrals because of -MaxHold limit (20) or DEFER
01/12/25 12:40:23 DAG status: 0 (DAG_STATUS_OK)
01/12/25 12:40:23 Of 2 nodes total:
01/12/25 12:40:23  Done     Pre   Queued    Post   Ready   Un-Ready   Failed   Futile
01/12/25 12:40:23   ===     ===      ===     ===     ===        ===      ===      ===
01/12/25 12:40:23     2       0        0       0       0          0        0        0
01/12/25 12:40:23 0 job proc(s) currently held
01/12/25 12:40:23 DAGMan Runtime Statistics: [EventCycleTimeAvg = 0.05515937805175782; EventCycleTimeCount = 5.0; EventCycleTimeMax = 0.1349630355834961; EventCycleTimeMin = 2.884864807128906E-05; EventCycleTimeStd = 0.05683012330260221; EventCycleTimeSum = 0.2757968902587891; LogProcessCycleTimeAvg = 0.04245297114054362; LogProcessCycleTimeCount = 3.0; LogProcessCycleTimeMax = 0.07117199897766113; LogProcessCycleTimeMin = 0.02341699600219727; LogProcessCycleTimeStd = 0.02530723630648012; LogProcessCycleTimeSum = 0.1273589134216309; SleepCycleTimeAvg = 5.004861831665039; SleepCycleTimeCount = 5.0; SleepCycleTimeMax = 5.005362987518311; SleepCycleTimeMin = 5.003473997116089; SleepCycleTimeStd = 0.0007843721235053283; SleepCycleTimeSum = 25.0243091583252; SubmitCycleTimeAvg = 0.01378687222798665; SubmitCycleTimeCount = 6.0; SubmitCycleTimeMax = 0.08270001411437988; SubmitCycleTimeMin = 3.099441528320312E-06; SubmitCycleTimeStd = 0.0337604068732192; SubmitCycleTimeSum = 0.08272123336791992; ]
01/12/25 12:40:23 Wrote metrics file dagman.dag.metrics.
01/12/25 12:40:23 DAGMan Runtime Statistics: [EventCycleTimeAvg = 0.05515937805175782; EventCycleTimeCount = 5.0; EventCycleTimeMax = 0.1349630355834961; EventCycleTimeMin = 2.884864807128906E-05; EventCycleTimeStd = 0.05683012330260221; EventCycleTimeSum = 0.2757968902587891; LogProcessCycleTimeAvg = 0.04245297114054362; LogProcessCycleTimeCount = 3.0; LogProcessCycleTimeMax = 0.07117199897766113; LogProcessCycleTimeMin = 0.02341699600219727; LogProcessCycleTimeStd = 0.02530723630648012; LogProcessCycleTimeSum = 0.1273589134216309; SleepCycleTimeAvg = 5.004861831665039; SleepCycleTimeCount = 5.0; SleepCycleTimeMax = 5.005362987518311; SleepCycleTimeMin = 5.003473997116089; SleepCycleTimeStd = 0.0007843721235053283; SleepCycleTimeSum = 25.0243091583252; SubmitCycleTimeAvg = 0.01378687222798665; SubmitCycleTimeCount = 6.0; SubmitCycleTimeMax = 0.08270001411437988; SubmitCycleTimeMin = 3.099441528320312E-06; SubmitCycleTimeStd = 0.0337604068732192; SubmitCycleTimeSum = 0.08272123336791992; ]
01/12/25 12:40:23 **** condor_scheduniv_exec.109.0 (condor_DAGMAN) pid 2966 EXITING WITH STATUS 0
01/12/25 12:52:38 ******************************************************
01/12/25 12:52:38 ** condor_scheduniv_exec.112.0 (CONDOR_DAGMAN) STARTING UP
01/12/25 12:52:38 ** /usr/bin/condor_dagman
01/12/25 12:52:38 ** SubsystemInfo: name=DAGMAN type=DAGMAN(9) class=CLIENT(2)
01/12/25 12:52:38 ** Configuration: subsystem:DAGMAN local:<NONE> class:CLIENT
01/12/25 12:52:38 ** $CondorVersion: 23.10.19 2025-01-03 BuildID: 777890 PackageID: 23.10.19-1+ubu24 GitSHA: 91176a00 $
01/12/25 12:52:38 ** $CondorPlatform: X86_64-Ubuntu_24.04 $
01/12/25 12:52:38 ** PID = 3019 RealUID = 1000
01/12/25 12:52:38 ** Log last touched 1/12 12:40:23
01/12/25 12:52:38 ******************************************************
01/12/25 12:52:38 Using config source: /etc/condor/condor_config
01/12/25 12:52:38 Using local config sources: 
01/12/25 12:52:38    /etc/condor/config.d/00-security
01/12/25 12:52:38    /etc/condor/config.d/01-submit.config
01/12/25 12:52:38    /etc/condor/config.d/10-stash-plugin.conf
01/12/25 12:52:38    /etc/condor/condor_config.local
01/12/25 12:52:38 config Macros = 75, Sorted = 75, StringBytes = 2326, TablesBytes = 2764
01/12/25 12:52:38 CLASSAD_CACHING is ENABLED
01/12/25 12:52:38 Daemon Log is logging: D_ALWAYS D_ERROR D_STATUS
01/12/25 12:52:38 DaemonCore: No command port requested.
01/12/25 12:52:38 DAGMAN_USE_STRICT setting: 1
01/12/25 12:52:38 DAGMAN_VERBOSITY setting: 3
01/12/25 12:52:38 DAGMAN_DEBUG_CACHE_SIZE setting: 5242880
01/12/25 12:52:38 DAGMAN_DEBUG_CACHE_ENABLE setting: False
01/12/25 12:52:38 DAGMAN_SUBMIT_DELAY setting: 0
01/12/25 12:52:38 DAGMAN_MAX_SUBMIT_ATTEMPTS setting: 6
01/12/25 12:52:38 DAGMAN_STARTUP_CYCLE_DETECT setting: False
01/12/25 12:52:38 DAGMAN_MAX_SUBMITS_PER_INTERVAL setting: 100
01/12/25 12:52:38 DAGMAN_AGGRESSIVE_SUBMIT setting: False
01/12/25 12:52:38 DAGMAN_USER_LOG_SCAN_INTERVAL setting: 5
01/12/25 12:52:38 DAGMAN_QUEUE_UPDATE_INTERVAL setting: 300
01/12/25 12:52:38 DAGMAN_DEFAULT_PRIORITY setting: 0
01/12/25 12:52:38 DAGMAN_SUPPRESS_NOTIFICATION setting: False
01/12/25 12:52:38 allow_events (DAGMAN_ALLOW_EVENTS) setting: 114
01/12/25 12:52:38 DAGMAN_RETRY_SUBMIT_FIRST setting: True
01/12/25 12:52:38 DAGMAN_RETRY_NODE_FIRST setting: False
01/12/25 12:52:38 DAGMAN_MAX_JOBS_IDLE setting: 1000
01/12/25 12:52:38 DAGMAN_MAX_JOBS_SUBMITTED setting: 0
01/12/25 12:52:38 DAGMAN_MAX_PRE_SCRIPTS setting: 20
01/12/25 12:52:38 DAGMAN_MAX_POST_SCRIPTS setting: 20
01/12/25 12:52:38 DAGMAN_MAX_HOLD_SCRIPTS setting: 20
01/12/25 12:52:38 DAGMAN_MUNGE_NODE_NAMES setting: True
01/12/25 12:52:38 DAGMAN_PROHIBIT_MULTI_JOBS setting: False
01/12/25 12:52:38 DAGMAN_SUBMIT_DEPTH_FIRST setting: False
01/12/25 12:52:38 DAGMAN_ALWAYS_RUN_POST setting: False
01/12/25 12:52:38 DAGMAN_CONDOR_SUBMIT_EXE setting: /usr/bin/condor_submit
01/12/25 12:52:38 DAGMAN_CONDOR_RM_EXE setting: /usr/bin/condor_rm
01/12/25 12:52:38 DAGMAN_USE_DIRECT_SUBMIT setting: True
01/12/25 12:52:38 DAGMAN_PRODUCE_JOB_CREDENTIALS setting: True
01/12/25 12:52:38 DAGMAN_DEFAULT_APPEND_VARS setting: False
01/12/25 12:52:38 DAGMAN_INHERIT_ATTRS_PREFIX setting: 
01/12/25 12:52:38 DAGMAN_INHERIT_ATTRS setting: 
01/12/25 12:52:38 DAGMAN_ABORT_DUPLICATES setting: True
01/12/25 12:52:38 DAGMAN_ABORT_ON_SCARY_SUBMIT setting: True
01/12/25 12:52:38 DAGMAN_PENDING_REPORT_INTERVAL setting: 600
01/12/25 12:52:38 DAGMAN_CHECK_QUEUE_INTERVAL setting: 28800
01/12/25 12:52:38 DAGMAN_AUTO_RESCUE setting: True
01/12/25 12:52:38 DAGMAN_MAX_RESCUE_NUM setting: 100
01/12/25 12:52:38 DAGMAN_WRITE_PARTIAL_RESCUE setting: True
01/12/25 12:52:38 DAGMAN_DEFAULT_NODE_LOG setting: @(DAG_DIR)/@(DAG_FILE).nodes.log
01/12/25 12:52:38 DAGMAN_GENERATE_SUBDAG_SUBMITS setting: True
01/12/25 12:52:38 DAGMAN_MAX_JOB_HOLDS setting: 100
01/12/25 12:52:38 DAGMAN_HOLD_CLAIM_TIME setting: 20
01/12/25 12:52:38 DAGMAN_SUPPRESS_JOB_LOGS setting: False
01/12/25 12:52:38 DAGMAN_REMOVE_NODE_JOBS setting: True
01/12/25 12:52:38 DAGMAN_REMOVE_JOBS_AFTER_LIMIT_CHANGE setting: False
01/12/25 12:52:38 DAGMAN will adjust edges after parsing
01/12/25 12:52:38 argv[0] == "condor_scheduniv_exec.112.0"
01/12/25 12:52:38 argv[1] == "-Lockfile"
01/12/25 12:52:38 argv[2] == "dagman.dag.lock"
01/12/25 12:52:38 argv[3] == "-Dag"
01/12/25 12:52:38 argv[4] == "dagman.dag"
01/12/25 12:52:38 argv[5] == "-MaxIdle"
01/12/25 12:52:38 argv[6] == "1000"
01/12/25 12:52:38 argv[7] == "-CsdVersion"
01/12/25 12:52:38 argv[8] == "$CondorVersion: 23.10.19 2025-01-03 BuildID: 777890 PackageID: 23.10.19-1+ubu24 GitSHA: 91176a00 $"
01/12/25 12:52:38 argv[9] == "-dagman"
01/12/25 12:52:38 argv[10] == "/usr/bin/condor_dagman"
01/12/25 12:52:38 argv[11] == "-AutoRescue"
01/12/25 12:52:38 argv[12] == "1"
01/12/25 12:52:38 argv[13] == "-DoRescueFrom"
01/12/25 12:52:38 argv[14] == "0"
01/12/25 12:52:38 argv[15] == "-force"
01/12/25 12:52:38 Can't open directory "/etc/condor/passwords.d" as PRIV_ROOT, errno: 13 (Permission denied)
01/12/25 12:52:38 Can't open directory "/etc/condor/passwords.d" as PRIV_ROOT, errno: 13 (Permission denied)
01/12/25 12:52:38 Workflow batch-id: <112.0>
01/12/25 12:52:38 Workflow batch-name: <dagman.dag+112>
01/12/25 12:52:38 Workflow accounting_group: <>
01/12/25 12:52:38 Workflow accounting_group_user: <>
01/12/25 12:52:38 Warning: failed to get attribute DAGNodeName
01/12/25 12:52:38 DAGMAN_LOG_ON_NFS_IS_ERROR setting: False
01/12/25 12:52:38 Default node log file is: </home/ubuntu/wqd7008_group_project/./dagman.dag.nodes.log>
01/12/25 12:52:38 DAG Lockfile will be written to dagman.dag.lock
01/12/25 12:52:38 DAG Input file is dagman.dag
01/12/25 12:52:38 Parsing 1 dagfiles
01/12/25 12:52:38 Parsing dagman.dag ...
01/12/25 12:52:38 Adjusting edges
01/12/25 12:52:38 Dag contains 3 total nodes
01/12/25 12:52:38 Bootstrapping...
01/12/25 12:52:38 Number of pre-completed nodes: 0
01/12/25 12:52:38 MultiLogFiles: truncating log file /home/ubuntu/wqd7008_group_project/./dagman.dag.nodes.log
01/12/25 12:52:38 DAG status: 0 (DAG_STATUS_OK)
01/12/25 12:52:38 Of 3 nodes total:
01/12/25 12:52:38  Done     Pre   Queued    Post   Ready   Un-Ready   Failed   Futile
01/12/25 12:52:38   ===     ===      ===     ===     ===        ===      ===      ===
01/12/25 12:52:38     0       0        0       0       3          0        0        0
01/12/25 12:52:38 0 job proc(s) currently held
01/12/25 12:52:38 DAGMan Runtime Statistics: [EventCycleTimeCount = 0.0; EventCycleTimeSum = 0.0; LogProcessCycleTimeCount = 0.0; LogProcessCycleTimeSum = 0.0; SleepCycleTimeCount = 0.0; SleepCycleTimeSum = 0.0; SubmitCycleTimeCount = 0.0; SubmitCycleTimeSum = 0.0; ]
01/12/25 12:52:38 Registering condor_event_timer...
01/12/25 12:52:39 Submitting HTCondor Node ImportJob job(s)...
01/12/25 12:52:39 Submitting node ImportJob from file import.sub using direct job submission
01/12/25 12:52:39 	assigned HTCondor ID (113.0.0)
01/12/25 12:52:39 Submitting HTCondor Node PreprocessJob job(s)...
01/12/25 12:52:39 Submitting node PreprocessJob from file preprocess.sub using direct job submission
01/12/25 12:52:39 	assigned HTCondor ID (114.0.0)
01/12/25 12:52:40 Submitting HTCondor Node EDAJob job(s)...
01/12/25 12:52:40 Submitting node EDAJob from file eda.sub using direct job submission
01/12/25 12:52:40 ERROR: submit attempt failed, errno=2 No such file or directory
01/12/25 12:52:40 could not open submit file : eda.sub - can't open file eda.sub: No such file or directory
01/12/25 12:52:40 Submit warning: Submit:0:the line 'batch_id = 112.0' was unused by DAGMAN. Is it a typo?
|Submit:0:the line 'batch_name = dagman.dag+112' was unused by DAGMAN. Is it a typo?
|Submit:0:the line 'DAG_PARENT_NAMES = ' was unused by DAGMAN. Is it a typo?
01/12/25 12:52:40 Job submit try 1/6 failed, will try again in >= 1 second.
01/12/25 12:52:40 Just submitted 2 jobs this cycle...
01/12/25 12:52:40 DAG status: 0 (DAG_STATUS_OK)
01/12/25 12:52:40 Of 3 nodes total:
01/12/25 12:52:40  Done     Pre   Queued    Post   Ready   Un-Ready   Failed   Futile
01/12/25 12:52:40   ===     ===      ===     ===     ===        ===      ===      ===
01/12/25 12:52:40     0       0        2       0       1          0        0        0
01/12/25 12:52:40 0 job proc(s) currently held
01/12/25 12:52:40 DAGMan Runtime Statistics: [EventCycleTimeCount = 0.0; EventCycleTimeSum = 0.0; LogProcessCycleTimeCount = 0.0; LogProcessCycleTimeSum = 0.0; SleepCycleTimeCount = 0.0; SleepCycleTimeSum = 0.0; SubmitCycleTimeAvg = 0.1300148963928223; SubmitCycleTimeCount = 1.0; SubmitCycleTimeMax = 0.1300148963928223; SubmitCycleTimeMin = 0.1300148963928223; SubmitCycleTimeStd = 0.1300148963928223; SubmitCycleTimeSum = 0.1300148963928223; ]
01/12/25 12:52:45 Submitting HTCondor Node EDAJob job(s)...
01/12/25 12:52:45 Submitting node EDAJob from file eda.sub using direct job submission
01/12/25 12:52:45 ERROR: submit attempt failed, errno=2 No such file or directory
01/12/25 12:52:45 could not open submit file : eda.sub - can't open file eda.sub: No such file or directory
01/12/25 12:52:45 Submit warning: Submit:0:the line 'batch_id = 112.0' was unused by DAGMAN. Is it a typo?
|Submit:0:the line 'batch_name = dagman.dag+112' was unused by DAGMAN. Is it a typo?
|Submit:0:the line 'DAG_PARENT_NAMES = ' was unused by DAGMAN. Is it a typo?
01/12/25 12:52:45 Job submit try 2/6 failed, will try again in >= 2 seconds.
01/12/25 12:52:45 Currently monitoring 1 HTCondor log file(s)
01/12/25 12:52:45 Reassigning the id of job ImportJob from (113.0.0) to (113.0.0)
01/12/25 12:52:45 Event: ULOG_SUBMIT for HTCondor Node ImportJob (113.0.0) {01/12/25 12:52:39}
01/12/25 12:52:45 Number of idle job procs: 1
01/12/25 12:52:45 Reassigning the id of job PreprocessJob from (114.0.0) to (114.0.0)
01/12/25 12:52:45 Event: ULOG_SUBMIT for HTCondor Node PreprocessJob (114.0.0) {01/12/25 12:52:39}
01/12/25 12:52:45 Number of idle job procs: 2
01/12/25 12:52:50 Submitting HTCondor Node EDAJob job(s)...
01/12/25 12:52:50 Submitting node EDAJob from file eda.sub using direct job submission
01/12/25 12:52:50 ERROR: submit attempt failed, errno=2 No such file or directory
01/12/25 12:52:50 could not open submit file : eda.sub - can't open file eda.sub: No such file or directory
01/12/25 12:52:50 Submit warning: Submit:0:the line 'batch_id = 112.0' was unused by DAGMAN. Is it a typo?
|Submit:0:the line 'batch_name = dagman.dag+112' was unused by DAGMAN. Is it a typo?
|Submit:0:the line 'DAG_PARENT_NAMES = ' was unused by DAGMAN. Is it a typo?
01/12/25 12:52:50 Job submit try 3/6 failed, will try again in >= 4 seconds.
01/12/25 12:52:55 Submitting HTCondor Node EDAJob job(s)...
01/12/25 12:52:55 Submitting node EDAJob from file eda.sub using direct job submission
01/12/25 12:52:55 ERROR: submit attempt failed, errno=2 No such file or directory
01/12/25 12:52:55 could not open submit file : eda.sub - can't open file eda.sub: No such file or directory
01/12/25 12:52:55 Submit warning: Submit:0:the line 'batch_id = 112.0' was unused by DAGMAN. Is it a typo?
|Submit:0:the line 'batch_name = dagman.dag+112' was unused by DAGMAN. Is it a typo?
|Submit:0:the line 'DAG_PARENT_NAMES = ' was unused by DAGMAN. Is it a typo?
01/12/25 12:52:55 Job submit try 4/6 failed, will try again in >= 8 seconds.
01/12/25 12:53:01 Currently monitoring 1 HTCondor log file(s)
01/12/25 12:53:01 Event: ULOG_EXECUTE for HTCondor Node PreprocessJob (114.0.0) {01/12/25 12:52:59}
01/12/25 12:53:01 Number of idle job procs: 1
01/12/25 12:53:01 Event: ULOG_EXECUTE for HTCondor Node ImportJob (113.0.0) {01/12/25 12:52:59}
01/12/25 12:53:01 Number of idle job procs: 0
01/12/25 12:53:01 Event: ULOG_JOB_TERMINATED for HTCondor Node ImportJob (113.0.0) {01/12/25 12:52:59}
01/12/25 12:53:01 Number of idle job procs: 0
01/12/25 12:53:01 Node ImportJob job proc (113.0.0) completed successfully.
01/12/25 12:53:01 Node ImportJob job completed
01/12/25 12:53:01 DAG status: 0 (DAG_STATUS_OK)
01/12/25 12:53:01 Of 3 nodes total:
01/12/25 12:53:01  Done     Pre   Queued    Post   Ready   Un-Ready   Failed   Futile
01/12/25 12:53:01   ===     ===      ===     ===     ===        ===      ===      ===
01/12/25 12:53:01     1       0        1       0       1          0        0        0
01/12/25 12:53:01 0 job proc(s) currently held
01/12/25 12:53:01 DAGMan Runtime Statistics: [EventCycleTimeAvg = 0.08823412656784058; EventCycleTimeCount = 4.0; EventCycleTimeMax = 0.1901109218597412; EventCycleTimeMin = 0.03899979591369629; EventCycleTimeStd = 0.07097535254966619; EventCycleTimeSum = 0.3529365062713623; LogProcessCycleTimeAvg = 0.03997862339019775; LogProcessCycleTimeCount = 2.0; LogProcessCycleTimeMax = 0.04341316223144531; LogProcessCycleTimeMin = 0.0365440845489502; LogProcessCycleTimeStd = 0.004857171409789472; LogProcessCycleTimeSum = 0.07995724678039551; SleepCycleTimeAvg = 5.005217850208282; SleepCycleTimeCount = 4.0; SleepCycleTimeMax = 5.005580186843872; SleepCycleTimeMin = 5.005074977874756; SleepCycleTimeStd = 0.0002423728905197141; SleepCycleTimeSum = 20.02087140083313; SubmitCycleTimeAvg = 0.2501359939575195; SubmitCycleTimeCount = 5.0; SubmitCycleTimeMax = 1.00133204460144; SubmitCycleTimeMin = 0.03897190093994141; SubmitCycleTimeStd = 0.421745632795925; SubmitCycleTimeSum = 1.250679969787598; ]
01/12/25 12:53:06 Submitting HTCondor Node EDAJob job(s)...
01/12/25 12:53:06 Submitting node EDAJob from file eda.sub using direct job submission
01/12/25 12:53:06 ERROR: submit attempt failed, errno=2 No such file or directory
01/12/25 12:53:06 could not open submit file : eda.sub - can't open file eda.sub: No such file or directory
01/12/25 12:53:06 Submit warning: Submit:0:the line 'batch_id = 112.0' was unused by DAGMAN. Is it a typo?
|Submit:0:the line 'batch_name = dagman.dag+112' was unused by DAGMAN. Is it a typo?
|Submit:0:the line 'DAG_PARENT_NAMES = ' was unused by DAGMAN. Is it a typo?
01/12/25 12:53:06 Job submit try 5/6 failed, will try again in >= 16 seconds.
01/12/25 12:53:06 Currently monitoring 1 HTCondor log file(s)
01/12/25 12:53:06 Event: ULOG_JOB_TERMINATED for HTCondor Node PreprocessJob (114.0.0) {01/12/25 12:53:03}
01/12/25 12:53:06 Number of idle job procs: 0
01/12/25 12:53:06 Node PreprocessJob job proc (114.0.0) completed successfully.
01/12/25 12:53:06 Node PreprocessJob job completed
01/12/25 12:53:06 DAG status: 0 (DAG_STATUS_OK)
01/12/25 12:53:06 Of 3 nodes total:
01/12/25 12:53:06  Done     Pre   Queued    Post   Ready   Un-Ready   Failed   Futile
01/12/25 12:53:06   ===     ===      ===     ===     ===        ===      ===      ===
01/12/25 12:53:06     2       0        0       0       1          0        0        0
01/12/25 12:53:06 0 job proc(s) currently held
01/12/25 12:53:06 DAGMan Runtime Statistics: [EventCycleTimeAvg = 0.2846681118011475; EventCycleTimeCount = 5.0; EventCycleTimeMax = 1.070404052734375; EventCycleTimeMin = 0.03899979591369629; EventCycleTimeStd = 0.4435196481277432; EventCycleTimeSum = 1.423340559005737; LogProcessCycleTimeAvg = 0.03550410270690918; LogProcessCycleTimeCount = 3.0; LogProcessCycleTimeMax = 0.04341316223144531; LogProcessCycleTimeMin = 0.02655506134033203; LogProcessCycleTimeStd = 0.008477031502098472; LogProcessCycleTimeSum = 0.1065123081207275; SleepCycleTimeAvg = 5.005255460739136; SleepCycleTimeCount = 5.0; SleepCycleTimeMax = 5.005580186843872; SleepCycleTimeMin = 5.005074977874756; SleepCycleTimeStd = 0.0002261221433196789; SleepCycleTimeSum = 25.02627730369568; SubmitCycleTimeAvg = 0.2139670054117838; SubmitCycleTimeCount = 6.0; SubmitCycleTimeMax = 1.00133204460144; SubmitCycleTimeMin = 0.03312206268310547; SubmitCycleTimeStd = 0.3874850673516045; SubmitCycleTimeSum = 1.283802032470703; ]
01/12/25 12:53:23 Submitting HTCondor Node EDAJob job(s)...
01/12/25 12:53:23 Submitting node EDAJob from file eda.sub using direct job submission
01/12/25 12:53:23 ERROR: submit attempt failed, errno=2 No such file or directory
01/12/25 12:53:23 could not open submit file : eda.sub - can't open file eda.sub: No such file or directory
01/12/25 12:53:23 Submit warning: Submit:0:the line 'batch_id = 112.0' was unused by DAGMAN. Is it a typo?
|Submit:0:the line 'batch_name = dagman.dag+112' was unused by DAGMAN. Is it a typo?
|Submit:0:the line 'DAG_PARENT_NAMES = ' was unused by DAGMAN. Is it a typo?
01/12/25 12:53:23 Node submit failed after 6 tries.
01/12/25 12:53:23 Shortcutting node EDAJob retries because of submit failure(s)
01/12/25 12:53:23 DAG status: 2 (DAG_STATUS_NODE_FAILED)
01/12/25 12:53:23 Of 3 nodes total:
01/12/25 12:53:23  Done     Pre   Queued    Post   Ready   Un-Ready   Failed   Futile
01/12/25 12:53:23   ===     ===      ===     ===     ===        ===      ===      ===
01/12/25 12:53:23     2       0        0       0       0          0        1        0
01/12/25 12:53:23 0 job proc(s) currently held
01/12/25 12:53:23 DAGMan Runtime Statistics: [EventCycleTimeAvg = 0.4403760731220245; EventCycleTimeCount = 8.0; EventCycleTimeMax = 1.070404052734375; EventCycleTimeMin = 0.03899979591369629; EventCycleTimeStd = 0.4861629619612691; EventCycleTimeSum = 3.523008584976196; LogProcessCycleTimeAvg = 0.03550410270690918; LogProcessCycleTimeCount = 3.0; LogProcessCycleTimeMax = 0.04341316223144531; LogProcessCycleTimeMin = 0.02655506134033203; LogProcessCycleTimeStd = 0.008477031502098472; LogProcessCycleTimeSum = 0.1065123081207275; SleepCycleTimeAvg = 5.00523430109024; SleepCycleTimeCount = 8.0; SleepCycleTimeMax = 5.005580186843872; SleepCycleTimeMin = 5.005074977874756; SleepCycleTimeStd = 0.0001940545524313022; SleepCycleTimeSum = 40.04187440872192; SubmitCycleTimeAvg = 0.3691194322374132; SubmitCycleTimeCount = 9.0; SubmitCycleTimeMax = 1.00133204460144; SubmitCycleTimeMin = 0.03312206268310547; SubmitCycleTimeStd = 0.4749694185607477; SubmitCycleTimeSum = 3.322074890136719; ]
01/12/25 12:53:23 ERROR: the following job(s) failed:
01/12/25 12:53:23 ---------------------- Node ----------------------
01/12/25 12:53:23       Node Name: EDAJob
01/12/25 12:53:23            Noop: false
01/12/25 12:53:23          NodeID: 2
01/12/25 12:53:23     Node Status: STATUS_ERROR    
01/12/25 12:53:23 Node return val: -1
01/12/25 12:53:23           Error: Job submit failed
01/12/25 12:53:23 Job Submit File: eda.sub
01/12/25 12:53:23  HTCondor Job ID: [not yet submitted]
01/12/25 12:53:23 PARENTS:  WAITING: 0 CHILDREN: 
01/12/25 12:53:23 ---------------------------------------	<END>
01/12/25 12:53:23 Aborting DAG...
01/12/25 12:53:23 Writing Rescue DAG to dagman.dag.rescue001...
01/12/25 12:53:23 Removing submitted jobs...
01/12/25 12:53:23 Removing any/all submitted HTCondor jobs...
01/12/25 12:53:23 Running: /usr/bin/condor_rm -const DAGManJobId==112 -reason DAG' 'Abort:' 'DAG' 'is' 'exiting' 'and' 'writing' 'rescue' 'file.
01/12/25 12:53:23 Note: 0 total node deferrals because of -MaxJobs limit (0)
01/12/25 12:53:23 Note: 0 total node deferrals because of -MaxIdle limit (1000)
01/12/25 12:53:23 Note: 0 total node deferrals because of node category throttles
01/12/25 12:53:23 Note: 0 total PRE script deferrals because of -MaxPre limit (20) or DEFER
01/12/25 12:53:23 Note: 0 total POST script deferrals because of -MaxPost limit (20) or DEFER
01/12/25 12:53:23 Note: 0 total HOLD script deferrals because of -MaxHold limit (20) or DEFER
01/12/25 12:53:23 DAG status: 2 (DAG_STATUS_NODE_FAILED)
01/12/25 12:53:23 Of 3 nodes total:
01/12/25 12:53:23  Done     Pre   Queued    Post   Ready   Un-Ready   Failed   Futile
01/12/25 12:53:23   ===     ===      ===     ===     ===        ===      ===      ===
01/12/25 12:53:23     2       0        0       0       0          0        1        0
01/12/25 12:53:23 0 job proc(s) currently held
01/12/25 12:53:23 DAGMan Runtime Statistics: [EventCycleTimeAvg = 0.4403760731220245; EventCycleTimeCount = 8.0; EventCycleTimeMax = 1.070404052734375; EventCycleTimeMin = 0.03899979591369629; EventCycleTimeStd = 0.4861629619612691; EventCycleTimeSum = 3.523008584976196; LogProcessCycleTimeAvg = 0.03550410270690918; LogProcessCycleTimeCount = 3.0; LogProcessCycleTimeMax = 0.04341316223144531; LogProcessCycleTimeMin = 0.02655506134033203; LogProcessCycleTimeStd = 0.008477031502098472; LogProcessCycleTimeSum = 0.1065123081207275; SleepCycleTimeAvg = 5.00523430109024; SleepCycleTimeCount = 8.0; SleepCycleTimeMax = 5.005580186843872; SleepCycleTimeMin = 5.005074977874756; SleepCycleTimeStd = 0.0001940545524313022; SleepCycleTimeSum = 40.04187440872192; SubmitCycleTimeAvg = 0.3691194322374132; SubmitCycleTimeCount = 9.0; SubmitCycleTimeMax = 1.00133204460144; SubmitCycleTimeMin = 0.03312206268310547; SubmitCycleTimeStd = 0.4749694185607477; SubmitCycleTimeSum = 3.322074890136719; ]
01/12/25 12:53:23 Wrote metrics file dagman.dag.metrics.
01/12/25 12:53:23 DAGMan Runtime Statistics: [EventCycleTimeAvg = 0.4403760731220245; EventCycleTimeCount = 8.0; EventCycleTimeMax = 1.070404052734375; EventCycleTimeMin = 0.03899979591369629; EventCycleTimeStd = 0.4861629619612691; EventCycleTimeSum = 3.523008584976196; LogProcessCycleTimeAvg = 0.03550410270690918; LogProcessCycleTimeCount = 3.0; LogProcessCycleTimeMax = 0.04341316223144531; LogProcessCycleTimeMin = 0.02655506134033203; LogProcessCycleTimeStd = 0.008477031502098472; LogProcessCycleTimeSum = 0.1065123081207275; SleepCycleTimeAvg = 5.00523430109024; SleepCycleTimeCount = 8.0; SleepCycleTimeMax = 5.005580186843872; SleepCycleTimeMin = 5.005074977874756; SleepCycleTimeStd = 0.0001940545524313022; SleepCycleTimeSum = 40.04187440872192; SubmitCycleTimeAvg = 0.3691194322374132; SubmitCycleTimeCount = 9.0; SubmitCycleTimeMax = 1.00133204460144; SubmitCycleTimeMin = 0.03312206268310547; SubmitCycleTimeStd = 0.4749694185607477; SubmitCycleTimeSum = 3.322074890136719; ]
01/12/25 12:53:23 **** condor_scheduniv_exec.112.0 (condor_DAGMAN) pid 3019 EXITING WITH STATUS 1
01/12/25 13:08:20 ******************************************************
01/12/25 13:08:20 ** condor_scheduniv_exec.115.0 (CONDOR_DAGMAN) STARTING UP
01/12/25 13:08:20 ** /usr/bin/condor_dagman
01/12/25 13:08:20 ** SubsystemInfo: name=DAGMAN type=DAGMAN(9) class=CLIENT(2)
01/12/25 13:08:20 ** Configuration: subsystem:DAGMAN local:<NONE> class:CLIENT
01/12/25 13:08:20 ** $CondorVersion: 23.10.19 2025-01-03 BuildID: 777890 PackageID: 23.10.19-1+ubu24 GitSHA: 91176a00 $
01/12/25 13:08:20 ** $CondorPlatform: X86_64-Ubuntu_24.04 $
01/12/25 13:08:20 ** PID = 1166 RealUID = 1000
01/12/25 13:08:20 ** Log last touched 1/12 12:53:23
01/12/25 13:08:20 ******************************************************
01/12/25 13:08:20 Using config source: /etc/condor/condor_config
01/12/25 13:08:20 Using local config sources: 
01/12/25 13:08:20    /etc/condor/config.d/00-security
01/12/25 13:08:20    /etc/condor/config.d/01-submit.config
01/12/25 13:08:20    /etc/condor/config.d/10-stash-plugin.conf
01/12/25 13:08:20    /etc/condor/condor_config.local
01/12/25 13:08:20 config Macros = 75, Sorted = 75, StringBytes = 2326, TablesBytes = 2764
01/12/25 13:08:20 CLASSAD_CACHING is ENABLED
01/12/25 13:08:20 Daemon Log is logging: D_ALWAYS D_ERROR D_STATUS
01/12/25 13:08:20 DaemonCore: No command port requested.
01/12/25 13:08:20 DAGMAN_USE_STRICT setting: 1
01/12/25 13:08:20 DAGMAN_VERBOSITY setting: 3
01/12/25 13:08:20 DAGMAN_DEBUG_CACHE_SIZE setting: 5242880
01/12/25 13:08:20 DAGMAN_DEBUG_CACHE_ENABLE setting: False
01/12/25 13:08:20 DAGMAN_SUBMIT_DELAY setting: 0
01/12/25 13:08:20 DAGMAN_MAX_SUBMIT_ATTEMPTS setting: 6
01/12/25 13:08:20 DAGMAN_STARTUP_CYCLE_DETECT setting: False
01/12/25 13:08:20 DAGMAN_MAX_SUBMITS_PER_INTERVAL setting: 100
01/12/25 13:08:20 DAGMAN_AGGRESSIVE_SUBMIT setting: False
01/12/25 13:08:20 DAGMAN_USER_LOG_SCAN_INTERVAL setting: 5
01/12/25 13:08:20 DAGMAN_QUEUE_UPDATE_INTERVAL setting: 300
01/12/25 13:08:20 DAGMAN_DEFAULT_PRIORITY setting: 0
01/12/25 13:08:20 DAGMAN_SUPPRESS_NOTIFICATION setting: False
01/12/25 13:08:20 allow_events (DAGMAN_ALLOW_EVENTS) setting: 114
01/12/25 13:08:20 DAGMAN_RETRY_SUBMIT_FIRST setting: True
01/12/25 13:08:20 DAGMAN_RETRY_NODE_FIRST setting: False
01/12/25 13:08:20 DAGMAN_MAX_JOBS_IDLE setting: 1000
01/12/25 13:08:20 DAGMAN_MAX_JOBS_SUBMITTED setting: 0
01/12/25 13:08:20 DAGMAN_MAX_PRE_SCRIPTS setting: 20
01/12/25 13:08:20 DAGMAN_MAX_POST_SCRIPTS setting: 20
01/12/25 13:08:20 DAGMAN_MAX_HOLD_SCRIPTS setting: 20
01/12/25 13:08:20 DAGMAN_MUNGE_NODE_NAMES setting: True
01/12/25 13:08:20 DAGMAN_PROHIBIT_MULTI_JOBS setting: False
01/12/25 13:08:20 DAGMAN_SUBMIT_DEPTH_FIRST setting: False
01/12/25 13:08:20 DAGMAN_ALWAYS_RUN_POST setting: False
01/12/25 13:08:20 DAGMAN_CONDOR_SUBMIT_EXE setting: /usr/bin/condor_submit
01/12/25 13:08:20 DAGMAN_CONDOR_RM_EXE setting: /usr/bin/condor_rm
01/12/25 13:08:20 DAGMAN_USE_DIRECT_SUBMIT setting: True
01/12/25 13:08:20 DAGMAN_PRODUCE_JOB_CREDENTIALS setting: True
01/12/25 13:08:20 DAGMAN_DEFAULT_APPEND_VARS setting: False
01/12/25 13:08:20 DAGMAN_INHERIT_ATTRS_PREFIX setting: 
01/12/25 13:08:20 DAGMAN_INHERIT_ATTRS setting: 
01/12/25 13:08:20 DAGMAN_ABORT_DUPLICATES setting: True
01/12/25 13:08:20 DAGMAN_ABORT_ON_SCARY_SUBMIT setting: True
01/12/25 13:08:20 DAGMAN_PENDING_REPORT_INTERVAL setting: 600
01/12/25 13:08:20 DAGMAN_CHECK_QUEUE_INTERVAL setting: 28800
01/12/25 13:08:20 DAGMAN_AUTO_RESCUE setting: True
01/12/25 13:08:20 DAGMAN_MAX_RESCUE_NUM setting: 100
01/12/25 13:08:20 DAGMAN_WRITE_PARTIAL_RESCUE setting: True
01/12/25 13:08:20 DAGMAN_DEFAULT_NODE_LOG setting: @(DAG_DIR)/@(DAG_FILE).nodes.log
01/12/25 13:08:20 DAGMAN_GENERATE_SUBDAG_SUBMITS setting: True
01/12/25 13:08:20 DAGMAN_MAX_JOB_HOLDS setting: 100
01/12/25 13:08:20 DAGMAN_HOLD_CLAIM_TIME setting: 20
01/12/25 13:08:20 DAGMAN_SUPPRESS_JOB_LOGS setting: False
01/12/25 13:08:20 DAGMAN_REMOVE_NODE_JOBS setting: True
01/12/25 13:08:20 DAGMAN_REMOVE_JOBS_AFTER_LIMIT_CHANGE setting: False
01/12/25 13:08:20 DAGMAN will adjust edges after parsing
01/12/25 13:08:20 argv[0] == "condor_scheduniv_exec.115.0"
01/12/25 13:08:20 argv[1] == "-Lockfile"
01/12/25 13:08:20 argv[2] == "dagman.dag.lock"
01/12/25 13:08:20 argv[3] == "-Dag"
01/12/25 13:08:20 argv[4] == "dagman.dag"
01/12/25 13:08:20 argv[5] == "-MaxIdle"
01/12/25 13:08:20 argv[6] == "1000"
01/12/25 13:08:20 argv[7] == "-CsdVersion"
01/12/25 13:08:20 argv[8] == "$CondorVersion: 23.10.19 2025-01-03 BuildID: 777890 PackageID: 23.10.19-1+ubu24 GitSHA: 91176a00 $"
01/12/25 13:08:20 argv[9] == "-dagman"
01/12/25 13:08:20 argv[10] == "/usr/bin/condor_dagman"
01/12/25 13:08:20 argv[11] == "-AutoRescue"
01/12/25 13:08:20 argv[12] == "1"
01/12/25 13:08:20 argv[13] == "-DoRescueFrom"
01/12/25 13:08:20 argv[14] == "0"
01/12/25 13:08:20 argv[15] == "-force"
01/12/25 13:08:20 Can't open directory "/etc/condor/passwords.d" as PRIV_ROOT, errno: 13 (Permission denied)
01/12/25 13:08:20 Can't open directory "/etc/condor/passwords.d" as PRIV_ROOT, errno: 13 (Permission denied)
01/12/25 13:08:20 Workflow batch-id: <115.0>
01/12/25 13:08:20 Workflow batch-name: <dagman.dag+115>
01/12/25 13:08:20 Workflow accounting_group: <>
01/12/25 13:08:20 Workflow accounting_group_user: <>
01/12/25 13:08:20 Warning: failed to get attribute DAGNodeName
01/12/25 13:08:20 DAGMAN_LOG_ON_NFS_IS_ERROR setting: False
01/12/25 13:08:20 Default node log file is: </home/ubuntu/wqd7008_group_project/./dagman.dag.nodes.log>
01/12/25 13:08:20 DAG Lockfile will be written to dagman.dag.lock
01/12/25 13:08:20 DAG Input file is dagman.dag
01/12/25 13:08:20 Parsing 1 dagfiles
01/12/25 13:08:20 Parsing dagman.dag ...
01/12/25 13:08:20 Adjusting edges
01/12/25 13:08:20 Dag contains 3 total nodes
01/12/25 13:08:20 Bootstrapping...
01/12/25 13:08:20 Number of pre-completed nodes: 0
01/12/25 13:08:20 MultiLogFiles: truncating log file /home/ubuntu/wqd7008_group_project/./dagman.dag.nodes.log
01/12/25 13:08:20 DAG status: 0 (DAG_STATUS_OK)
01/12/25 13:08:20 Of 3 nodes total:
01/12/25 13:08:20  Done     Pre   Queued    Post   Ready   Un-Ready   Failed   Futile
01/12/25 13:08:20   ===     ===      ===     ===     ===        ===      ===      ===
01/12/25 13:08:20     0       0        0       0       3          0        0        0
01/12/25 13:08:20 0 job proc(s) currently held
01/12/25 13:08:20 DAGMan Runtime Statistics: [EventCycleTimeCount = 0.0; EventCycleTimeSum = 0.0; LogProcessCycleTimeCount = 0.0; LogProcessCycleTimeSum = 0.0; SleepCycleTimeCount = 0.0; SleepCycleTimeSum = 0.0; SubmitCycleTimeCount = 0.0; SubmitCycleTimeSum = 0.0; ]
01/12/25 13:08:20 Registering condor_event_timer...
01/12/25 13:08:21 Submitting HTCondor Node ImportJob job(s)...
01/12/25 13:08:21 Submitting node ImportJob from file import.sub using direct job submission
01/12/25 13:08:21 	assigned HTCondor ID (116.0.0)
01/12/25 13:08:21 Submitting HTCondor Node PreprocessJob job(s)...
01/12/25 13:08:21 Submitting node PreprocessJob from file preprocess.sub using direct job submission
01/12/25 13:08:21 	assigned HTCondor ID (117.0.0)
01/12/25 13:08:21 Submitting HTCondor Node EDAJob job(s)...
01/12/25 13:08:21 Submitting node EDAJob from file eda.sub using direct job submission
01/12/25 13:08:22 	assigned HTCondor ID (118.0.0)
01/12/25 13:08:22 Just submitted 3 jobs this cycle...
01/12/25 13:08:22 DAG status: 0 (DAG_STATUS_OK)
01/12/25 13:08:22 Of 3 nodes total:
01/12/25 13:08:22  Done     Pre   Queued    Post   Ready   Un-Ready   Failed   Futile
01/12/25 13:08:22   ===     ===      ===     ===     ===        ===      ===      ===
01/12/25 13:08:22     0       0        3       0       0          0        0        0
01/12/25 13:08:22 0 job proc(s) currently held
01/12/25 13:08:22 DAGMan Runtime Statistics: [EventCycleTimeCount = 0.0; EventCycleTimeSum = 0.0; LogProcessCycleTimeCount = 0.0; LogProcessCycleTimeSum = 0.0; SleepCycleTimeCount = 0.0; SleepCycleTimeSum = 0.0; SubmitCycleTimeAvg = 0.1204330921173096; SubmitCycleTimeCount = 1.0; SubmitCycleTimeMax = 0.1204330921173096; SubmitCycleTimeMin = 0.1204330921173096; SubmitCycleTimeStd = 0.1204330921173096; SubmitCycleTimeSum = 0.1204330921173096; ]
01/12/25 13:08:27 Currently monitoring 1 HTCondor log file(s)
01/12/25 13:08:27 Reassigning the id of job ImportJob from (116.0.0) to (116.0.0)
01/12/25 13:08:27 Event: ULOG_SUBMIT for HTCondor Node ImportJob (116.0.0) {01/12/25 13:08:21}
01/12/25 13:08:27 Number of idle job procs: 1
01/12/25 13:08:27 Reassigning the id of job PreprocessJob from (117.0.0) to (117.0.0)
01/12/25 13:08:27 Event: ULOG_SUBMIT for HTCondor Node PreprocessJob (117.0.0) {01/12/25 13:08:21}
01/12/25 13:08:27 Number of idle job procs: 2
01/12/25 13:08:27 Reassigning the id of job EDAJob from (118.0.0) to (118.0.0)
01/12/25 13:08:27 Event: ULOG_SUBMIT for HTCondor Node EDAJob (118.0.0) {01/12/25 13:08:22}
01/12/25 13:08:27 Number of idle job procs: 3
01/12/25 13:08:42 Currently monitoring 1 HTCondor log file(s)
01/12/25 13:08:42 Event: ULOG_EXECUTE for HTCondor Node PreprocessJob (117.0.0) {01/12/25 13:08:41}
01/12/25 13:08:42 Number of idle job procs: 2
01/12/25 13:08:42 Event: ULOG_EXECUTE for HTCondor Node ImportJob (116.0.0) {01/12/25 13:08:41}
01/12/25 13:08:42 Number of idle job procs: 1
01/12/25 13:08:47 Currently monitoring 1 HTCondor log file(s)
01/12/25 13:08:47 Event: ULOG_JOB_TERMINATED for HTCondor Node ImportJob (116.0.0) {01/12/25 13:08:42}
01/12/25 13:08:47 Number of idle job procs: 1
01/12/25 13:08:47 Node ImportJob job proc (116.0.0) completed successfully.
01/12/25 13:08:47 Node ImportJob job completed
01/12/25 13:08:47 Event: ULOG_EXECUTE for HTCondor Node EDAJob (118.0.0) {01/12/25 13:08:43}
01/12/25 13:08:47 Number of idle job procs: 0
01/12/25 13:08:47 DAG status: 0 (DAG_STATUS_OK)
01/12/25 13:08:47 Of 3 nodes total:
01/12/25 13:08:47  Done     Pre   Queued    Post   Ready   Un-Ready   Failed   Futile
01/12/25 13:08:47   ===     ===      ===     ===     ===        ===      ===      ===
01/12/25 13:08:47     1       0        2       0       0          0        0        0
01/12/25 13:08:47 0 job proc(s) currently held
01/12/25 13:08:47 DAGMan Runtime Statistics: [EventCycleTimeAvg = 0.04547796249389648; EventCycleTimeCount = 5.0; EventCycleTimeMax = 0.1578450202941895; EventCycleTimeMin = 2.193450927734375E-05; EventCycleTimeStd = 0.06557330744913352; EventCycleTimeSum = 0.2273898124694824; LogProcessCycleTimeAvg = 0.03220629692077637; LogProcessCycleTimeCount = 3.0; LogProcessCycleTimeMax = 0.04547882080078125; LogProcessCycleTimeMin = 0.0235130786895752; LogProcessCycleTimeStd = 0.01167694252760015; LogProcessCycleTimeSum = 0.0966188907623291; SleepCycleTimeAvg = 5.005170202255249; SleepCycleTimeCount = 5.0; SleepCycleTimeMax = 5.006064176559448; SleepCycleTimeMin = 5.004402875900269; SleepCycleTimeStd = 0.0005956709304699427; SleepCycleTimeSum = 25.02585101127625; SubmitCycleTimeAvg = 0.02007504304250081; SubmitCycleTimeCount = 6.0; SubmitCycleTimeMax = 0.1204330921173096; SubmitCycleTimeMin = 2.86102294921875E-06; SubmitCycleTimeStd = 0.04916520236557729; SubmitCycleTimeSum = 0.1204502582550049; ]
01/12/25 13:08:52 Currently monitoring 1 HTCondor log file(s)
01/12/25 13:08:52 Event: ULOG_JOB_TERMINATED for HTCondor Node PreprocessJob (117.0.0) {01/12/25 13:08:47}
01/12/25 13:08:52 Number of idle job procs: 0
01/12/25 13:08:52 Node PreprocessJob job proc (117.0.0) completed successfully.
01/12/25 13:08:52 Node PreprocessJob job completed
01/12/25 13:08:52 DAG status: 0 (DAG_STATUS_OK)
01/12/25 13:08:52 Of 3 nodes total:
01/12/25 13:08:52  Done     Pre   Queued    Post   Ready   Un-Ready   Failed   Futile
01/12/25 13:08:52   ===     ===      ===     ===     ===        ===      ===      ===
01/12/25 13:08:52     2       0        1       0       0          0        0        0
01/12/25 13:08:52 0 job proc(s) currently held
01/12/25 13:08:52 DAGMan Runtime Statistics: [EventCycleTimeAvg = 0.06554166475931804; EventCycleTimeCount = 6.0; EventCycleTimeMax = 0.1658601760864258; EventCycleTimeMin = 2.193450927734375E-05; EventCycleTimeStd = 0.07651927738438048; EventCycleTimeSum = 0.3932499885559082; LogProcessCycleTimeAvg = 0.02807074785232544; LogProcessCycleTimeCount = 4.0; LogProcessCycleTimeMax = 0.04547882080078125; LogProcessCycleTimeMin = 0.01566410064697266; LogProcessCycleTimeStd = 0.01262187475188133; LogProcessCycleTimeSum = 0.1122829914093018; SleepCycleTimeAvg = 5.005202651023865; SleepCycleTimeCount = 6.0; SleepCycleTimeMax = 5.006064176559448; SleepCycleTimeMin = 5.004402875900269; SleepCycleTimeStd = 0.0005386804441087201; SleepCycleTimeSum = 30.03121590614319; SubmitCycleTimeAvg = 0.01720758846827916; SubmitCycleTimeCount = 7.0; SubmitCycleTimeMax = 0.1204330921173096; SubmitCycleTimeMin = 2.86102294921875E-06; SubmitCycleTimeStd = 0.04551816860536803; SubmitCycleTimeSum = 0.1204531192779541; ]
01/12/25 13:10:17 Currently monitoring 1 HTCondor log file(s)
01/12/25 13:10:17 Event: ULOG_JOB_TERMINATED for HTCondor Node EDAJob (118.0.0) {01/12/25 13:10:17}
01/12/25 13:10:17 Number of idle job procs: 0
01/12/25 13:10:17 Node EDAJob job proc (118.0.0) completed successfully.
01/12/25 13:10:17 Node EDAJob job completed
01/12/25 13:10:17 DAG status: 0 (DAG_STATUS_OK)
01/12/25 13:10:17 Of 3 nodes total:
01/12/25 13:10:17  Done     Pre   Queued    Post   Ready   Un-Ready   Failed   Futile
01/12/25 13:10:17   ===     ===      ===     ===     ===        ===      ===      ===
01/12/25 13:10:17     3       0        0       0       0          0        0        0
01/12/25 13:10:17 0 job proc(s) currently held
01/12/25 13:10:17 DAGMan Runtime Statistics: [EventCycleTimeAvg = 0.01888943755108377; EventCycleTimeCount = 23.0; EventCycleTimeMax = 0.1658601760864258; EventCycleTimeMin = 2.193450927734375E-05; EventCycleTimeStd = 0.04686831107256176; EventCycleTimeSum = 0.4344570636749268; LogProcessCycleTimeAvg = 0.02659683227539062; LogProcessCycleTimeCount = 5.0; LogProcessCycleTimeMax = 0.04547882080078125; LogProcessCycleTimeMin = 0.01566410064697266; LogProcessCycleTimeStd = 0.01141691408957736; LogProcessCycleTimeSum = 0.1329841613769531; SleepCycleTimeAvg = 5.005248556966367; SleepCycleTimeCount = 23.0; SleepCycleTimeMax = 5.007299900054932; SleepCycleTimeMin = 5.004402875900269; SleepCycleTimeStd = 0.0005269361386377891; SleepCycleTimeSum = 115.1207168102264; SubmitCycleTimeAvg = 0.005021184682846069; SubmitCycleTimeCount = 24.0; SubmitCycleTimeMax = 0.1204330921173096; SubmitCycleTimeMin = 1.9073486328125E-06; SubmitCycleTimeStd = 0.02458263335415517; SubmitCycleTimeSum = 0.1205084323883057; ]
01/12/25 13:10:17 All jobs Completed!
01/12/25 13:10:17 Note: 0 total node deferrals because of -MaxJobs limit (0)
01/12/25 13:10:17 Note: 0 total node deferrals because of -MaxIdle limit (1000)
01/12/25 13:10:17 Note: 0 total node deferrals because of node category throttles
01/12/25 13:10:17 Note: 0 total PRE script deferrals because of -MaxPre limit (20) or DEFER
01/12/25 13:10:17 Note: 0 total POST script deferrals because of -MaxPost limit (20) or DEFER
01/12/25 13:10:17 Note: 0 total HOLD script deferrals because of -MaxHold limit (20) or DEFER
01/12/25 13:10:17 DAG status: 0 (DAG_STATUS_OK)
01/12/25 13:10:17 Of 3 nodes total:
01/12/25 13:10:17  Done     Pre   Queued    Post   Ready   Un-Ready   Failed   Futile
01/12/25 13:10:17   ===     ===      ===     ===     ===        ===      ===      ===
01/12/25 13:10:17     3       0        0       0       0          0        0        0
01/12/25 13:10:17 0 job proc(s) currently held
01/12/25 13:10:17 DAGMan Runtime Statistics: [EventCycleTimeAvg = 0.01888943755108377; EventCycleTimeCount = 23.0; EventCycleTimeMax = 0.1658601760864258; EventCycleTimeMin = 2.193450927734375E-05; EventCycleTimeStd = 0.04686831107256176; EventCycleTimeSum = 0.4344570636749268; LogProcessCycleTimeAvg = 0.02659683227539062; LogProcessCycleTimeCount = 5.0; LogProcessCycleTimeMax = 0.04547882080078125; LogProcessCycleTimeMin = 0.01566410064697266; LogProcessCycleTimeStd = 0.01141691408957736; LogProcessCycleTimeSum = 0.1329841613769531; SleepCycleTimeAvg = 5.005248556966367; SleepCycleTimeCount = 23.0; SleepCycleTimeMax = 5.007299900054932; SleepCycleTimeMin = 5.004402875900269; SleepCycleTimeStd = 0.0005269361386377891; SleepCycleTimeSum = 115.1207168102264; SubmitCycleTimeAvg = 0.005021184682846069; SubmitCycleTimeCount = 24.0; SubmitCycleTimeMax = 0.1204330921173096; SubmitCycleTimeMin = 1.9073486328125E-06; SubmitCycleTimeStd = 0.02458263335415517; SubmitCycleTimeSum = 0.1205084323883057; ]
01/12/25 13:10:17 Wrote metrics file dagman.dag.metrics.
01/12/25 13:10:17 DAGMan Runtime Statistics: [EventCycleTimeAvg = 0.01888943755108377; EventCycleTimeCount = 23.0; EventCycleTimeMax = 0.1658601760864258; EventCycleTimeMin = 2.193450927734375E-05; EventCycleTimeStd = 0.04686831107256176; EventCycleTimeSum = 0.4344570636749268; LogProcessCycleTimeAvg = 0.02659683227539062; LogProcessCycleTimeCount = 5.0; LogProcessCycleTimeMax = 0.04547882080078125; LogProcessCycleTimeMin = 0.01566410064697266; LogProcessCycleTimeStd = 0.01141691408957736; LogProcessCycleTimeSum = 0.1329841613769531; SleepCycleTimeAvg = 5.005248556966367; SleepCycleTimeCount = 23.0; SleepCycleTimeMax = 5.007299900054932; SleepCycleTimeMin = 5.004402875900269; SleepCycleTimeStd = 0.0005269361386377891; SleepCycleTimeSum = 115.1207168102264; SubmitCycleTimeAvg = 0.005021184682846069; SubmitCycleTimeCount = 24.0; SubmitCycleTimeMax = 0.1204330921173096; SubmitCycleTimeMin = 1.9073486328125E-06; SubmitCycleTimeStd = 0.02458263335415517; SubmitCycleTimeSum = 0.1205084323883057; ]
01/12/25 13:10:17 **** condor_scheduniv_exec.115.0 (condor_DAGMAN) pid 1166 EXITING WITH STATUS 0
01/12/25 13:16:24 ******************************************************
01/12/25 13:16:24 ** condor_scheduniv_exec.119.0 (CONDOR_DAGMAN) STARTING UP
01/12/25 13:16:24 ** /usr/bin/condor_dagman
01/12/25 13:16:24 ** SubsystemInfo: name=DAGMAN type=DAGMAN(9) class=CLIENT(2)
01/12/25 13:16:24 ** Configuration: subsystem:DAGMAN local:<NONE> class:CLIENT
01/12/25 13:16:24 ** $CondorVersion: 23.10.19 2025-01-03 BuildID: 777890 PackageID: 23.10.19-1+ubu24 GitSHA: 91176a00 $
01/12/25 13:16:24 ** $CondorPlatform: X86_64-Ubuntu_24.04 $
01/12/25 13:16:24 ** PID = 1271 RealUID = 1000
01/12/25 13:16:24 ** Log last touched 1/12 13:10:17
01/12/25 13:16:24 ******************************************************
01/12/25 13:16:24 Using config source: /etc/condor/condor_config
01/12/25 13:16:24 Using local config sources: 
01/12/25 13:16:24    /etc/condor/config.d/00-security
01/12/25 13:16:24    /etc/condor/config.d/01-submit.config
01/12/25 13:16:24    /etc/condor/config.d/10-stash-plugin.conf
01/12/25 13:16:24    /etc/condor/condor_config.local
01/12/25 13:16:24 config Macros = 75, Sorted = 75, StringBytes = 2326, TablesBytes = 2764
01/12/25 13:16:24 CLASSAD_CACHING is ENABLED
01/12/25 13:16:24 Daemon Log is logging: D_ALWAYS D_ERROR D_STATUS
01/12/25 13:16:24 DaemonCore: No command port requested.
01/12/25 13:16:24 DAGMAN_USE_STRICT setting: 1
01/12/25 13:16:24 DAGMAN_VERBOSITY setting: 3
01/12/25 13:16:24 DAGMAN_DEBUG_CACHE_SIZE setting: 5242880
01/12/25 13:16:24 DAGMAN_DEBUG_CACHE_ENABLE setting: False
01/12/25 13:16:24 DAGMAN_SUBMIT_DELAY setting: 0
01/12/25 13:16:24 DAGMAN_MAX_SUBMIT_ATTEMPTS setting: 6
01/12/25 13:16:24 DAGMAN_STARTUP_CYCLE_DETECT setting: False
01/12/25 13:16:24 DAGMAN_MAX_SUBMITS_PER_INTERVAL setting: 100
01/12/25 13:16:24 DAGMAN_AGGRESSIVE_SUBMIT setting: False
01/12/25 13:16:24 DAGMAN_USER_LOG_SCAN_INTERVAL setting: 5
01/12/25 13:16:24 DAGMAN_QUEUE_UPDATE_INTERVAL setting: 300
01/12/25 13:16:24 DAGMAN_DEFAULT_PRIORITY setting: 0
01/12/25 13:16:24 DAGMAN_SUPPRESS_NOTIFICATION setting: False
01/12/25 13:16:24 allow_events (DAGMAN_ALLOW_EVENTS) setting: 114
01/12/25 13:16:24 DAGMAN_RETRY_SUBMIT_FIRST setting: True
01/12/25 13:16:24 DAGMAN_RETRY_NODE_FIRST setting: False
01/12/25 13:16:24 DAGMAN_MAX_JOBS_IDLE setting: 1000
01/12/25 13:16:24 DAGMAN_MAX_JOBS_SUBMITTED setting: 0
01/12/25 13:16:24 DAGMAN_MAX_PRE_SCRIPTS setting: 20
01/12/25 13:16:24 DAGMAN_MAX_POST_SCRIPTS setting: 20
01/12/25 13:16:24 DAGMAN_MAX_HOLD_SCRIPTS setting: 20
01/12/25 13:16:24 DAGMAN_MUNGE_NODE_NAMES setting: True
01/12/25 13:16:24 DAGMAN_PROHIBIT_MULTI_JOBS setting: False
01/12/25 13:16:24 DAGMAN_SUBMIT_DEPTH_FIRST setting: False
01/12/25 13:16:24 DAGMAN_ALWAYS_RUN_POST setting: False
01/12/25 13:16:24 DAGMAN_CONDOR_SUBMIT_EXE setting: /usr/bin/condor_submit
01/12/25 13:16:24 DAGMAN_CONDOR_RM_EXE setting: /usr/bin/condor_rm
01/12/25 13:16:24 DAGMAN_USE_DIRECT_SUBMIT setting: True
01/12/25 13:16:24 DAGMAN_PRODUCE_JOB_CREDENTIALS setting: True
01/12/25 13:16:24 DAGMAN_DEFAULT_APPEND_VARS setting: False
01/12/25 13:16:24 DAGMAN_INHERIT_ATTRS_PREFIX setting: 
01/12/25 13:16:24 DAGMAN_INHERIT_ATTRS setting: 
01/12/25 13:16:24 DAGMAN_ABORT_DUPLICATES setting: True
01/12/25 13:16:24 DAGMAN_ABORT_ON_SCARY_SUBMIT setting: True
01/12/25 13:16:24 DAGMAN_PENDING_REPORT_INTERVAL setting: 600
01/12/25 13:16:24 DAGMAN_CHECK_QUEUE_INTERVAL setting: 28800
01/12/25 13:16:24 DAGMAN_AUTO_RESCUE setting: True
01/12/25 13:16:24 DAGMAN_MAX_RESCUE_NUM setting: 100
01/12/25 13:16:24 DAGMAN_WRITE_PARTIAL_RESCUE setting: True
01/12/25 13:16:24 DAGMAN_DEFAULT_NODE_LOG setting: @(DAG_DIR)/@(DAG_FILE).nodes.log
01/12/25 13:16:24 DAGMAN_GENERATE_SUBDAG_SUBMITS setting: True
01/12/25 13:16:24 DAGMAN_MAX_JOB_HOLDS setting: 100
01/12/25 13:16:24 DAGMAN_HOLD_CLAIM_TIME setting: 20
01/12/25 13:16:24 DAGMAN_SUPPRESS_JOB_LOGS setting: False
01/12/25 13:16:24 DAGMAN_REMOVE_NODE_JOBS setting: True
01/12/25 13:16:24 DAGMAN_REMOVE_JOBS_AFTER_LIMIT_CHANGE setting: False
01/12/25 13:16:24 DAGMAN will adjust edges after parsing
01/12/25 13:16:24 argv[0] == "condor_scheduniv_exec.119.0"
01/12/25 13:16:24 argv[1] == "-Lockfile"
01/12/25 13:16:24 argv[2] == "dagman.dag.lock"
01/12/25 13:16:24 argv[3] == "-Dag"
01/12/25 13:16:24 argv[4] == "dagman.dag"
01/12/25 13:16:24 argv[5] == "-MaxIdle"
01/12/25 13:16:24 argv[6] == "1000"
01/12/25 13:16:24 argv[7] == "-CsdVersion"
01/12/25 13:16:24 argv[8] == "$CondorVersion: 23.10.19 2025-01-03 BuildID: 777890 PackageID: 23.10.19-1+ubu24 GitSHA: 91176a00 $"
01/12/25 13:16:24 argv[9] == "-dagman"
01/12/25 13:16:24 argv[10] == "/usr/bin/condor_dagman"
01/12/25 13:16:24 argv[11] == "-AutoRescue"
01/12/25 13:16:24 argv[12] == "1"
01/12/25 13:16:24 argv[13] == "-DoRescueFrom"
01/12/25 13:16:24 argv[14] == "0"
01/12/25 13:16:24 argv[15] == "-force"
01/12/25 13:16:24 Can't open directory "/etc/condor/passwords.d" as PRIV_ROOT, errno: 13 (Permission denied)
01/12/25 13:16:24 Can't open directory "/etc/condor/passwords.d" as PRIV_ROOT, errno: 13 (Permission denied)
01/12/25 13:16:24 Workflow batch-id: <119.0>
01/12/25 13:16:24 Workflow batch-name: <dagman.dag+119>
01/12/25 13:16:24 Workflow accounting_group: <>
01/12/25 13:16:24 Workflow accounting_group_user: <>
01/12/25 13:16:24 Warning: failed to get attribute DAGNodeName
01/12/25 13:16:24 DAGMAN_LOG_ON_NFS_IS_ERROR setting: False
01/12/25 13:16:24 Default node log file is: </home/ubuntu/wqd7008_group_project/./dagman.dag.nodes.log>
01/12/25 13:16:24 DAG Lockfile will be written to dagman.dag.lock
01/12/25 13:16:24 DAG Input file is dagman.dag
01/12/25 13:16:24 Parsing 1 dagfiles
01/12/25 13:16:24 Parsing dagman.dag ...
01/12/25 13:16:24 Adjusting edges
01/12/25 13:16:24 Dag contains 3 total nodes
01/12/25 13:16:24 Bootstrapping...
01/12/25 13:16:24 Number of pre-completed nodes: 0
01/12/25 13:16:24 MultiLogFiles: truncating log file /home/ubuntu/wqd7008_group_project/./dagman.dag.nodes.log
01/12/25 13:16:24 DAG status: 0 (DAG_STATUS_OK)
01/12/25 13:16:24 Of 3 nodes total:
01/12/25 13:16:24  Done     Pre   Queued    Post   Ready   Un-Ready   Failed   Futile
01/12/25 13:16:24   ===     ===      ===     ===     ===        ===      ===      ===
01/12/25 13:16:24     0       0        0       0       3          0        0        0
01/12/25 13:16:24 0 job proc(s) currently held
01/12/25 13:16:24 DAGMan Runtime Statistics: [EventCycleTimeCount = 0.0; EventCycleTimeSum = 0.0; LogProcessCycleTimeCount = 0.0; LogProcessCycleTimeSum = 0.0; SleepCycleTimeCount = 0.0; SleepCycleTimeSum = 0.0; SubmitCycleTimeCount = 0.0; SubmitCycleTimeSum = 0.0; ]
01/12/25 13:16:24 Registering condor_event_timer...
01/12/25 13:16:25 Submitting HTCondor Node ImportJob job(s)...
01/12/25 13:16:25 Submitting node ImportJob from file import.sub using direct job submission
01/12/25 13:16:25 	assigned HTCondor ID (120.0.0)
01/12/25 13:16:25 Submitting HTCondor Node PreprocessJob job(s)...
01/12/25 13:16:25 Submitting node PreprocessJob from file preprocess.sub using direct job submission
01/12/25 13:16:25 	assigned HTCondor ID (121.0.0)
01/12/25 13:16:25 Submitting HTCondor Node EDAJob job(s)...
01/12/25 13:16:25 Submitting node EDAJob from file eda.sub using direct job submission
01/12/25 13:16:25 	assigned HTCondor ID (122.0.0)
01/12/25 13:16:25 Just submitted 3 jobs this cycle...
01/12/25 13:16:25 DAG status: 0 (DAG_STATUS_OK)
01/12/25 13:16:25 Of 3 nodes total:
01/12/25 13:16:25  Done     Pre   Queued    Post   Ready   Un-Ready   Failed   Futile
01/12/25 13:16:25   ===     ===      ===     ===     ===        ===      ===      ===
01/12/25 13:16:25     0       0        3       0       0          0        0        0
01/12/25 13:16:25 0 job proc(s) currently held
01/12/25 13:16:25 DAGMan Runtime Statistics: [EventCycleTimeCount = 0.0; EventCycleTimeSum = 0.0; LogProcessCycleTimeCount = 0.0; LogProcessCycleTimeSum = 0.0; SleepCycleTimeCount = 0.0; SleepCycleTimeSum = 0.0; SubmitCycleTimeAvg = 0.09975504875183105; SubmitCycleTimeCount = 1.0; SubmitCycleTimeMax = 0.09975504875183105; SubmitCycleTimeMin = 0.09975504875183105; SubmitCycleTimeStd = 0.09975504875183105; SubmitCycleTimeSum = 0.09975504875183105; ]
01/12/25 13:16:30 Currently monitoring 1 HTCondor log file(s)
01/12/25 13:16:30 Reassigning the id of job ImportJob from (120.0.0) to (120.0.0)
01/12/25 13:16:30 Event: ULOG_SUBMIT for HTCondor Node ImportJob (120.0.0) {01/12/25 13:16:25}
01/12/25 13:16:30 Number of idle job procs: 1
01/12/25 13:16:30 Reassigning the id of job PreprocessJob from (121.0.0) to (121.0.0)
01/12/25 13:16:30 Event: ULOG_SUBMIT for HTCondor Node PreprocessJob (121.0.0) {01/12/25 13:16:25}
01/12/25 13:16:30 Number of idle job procs: 2
01/12/25 13:16:30 Reassigning the id of job EDAJob from (122.0.0) to (122.0.0)
01/12/25 13:16:30 Event: ULOG_SUBMIT for HTCondor Node EDAJob (122.0.0) {01/12/25 13:16:25}
01/12/25 13:16:30 Number of idle job procs: 3
01/12/25 13:16:50 Currently monitoring 1 HTCondor log file(s)
01/12/25 13:16:50 Event: ULOG_EXECUTE for HTCondor Node PreprocessJob (121.0.0) {01/12/25 13:16:46}
01/12/25 13:16:50 Number of idle job procs: 2
01/12/25 13:16:50 Event: ULOG_EXECUTE for HTCondor Node ImportJob (120.0.0) {01/12/25 13:16:46}
01/12/25 13:16:50 Number of idle job procs: 1
01/12/25 13:16:50 Event: ULOG_JOB_TERMINATED for HTCondor Node ImportJob (120.0.0) {01/12/25 13:16:46}
01/12/25 13:16:50 Number of idle job procs: 1
01/12/25 13:16:50 Node ImportJob job proc (120.0.0) completed successfully.
01/12/25 13:16:50 Node ImportJob job completed
01/12/25 13:16:50 Event: ULOG_EXECUTE for HTCondor Node EDAJob (122.0.0) {01/12/25 13:16:47}
01/12/25 13:16:50 Number of idle job procs: 0
01/12/25 13:16:50 Event: ULOG_JOB_TERMINATED for HTCondor Node PreprocessJob (121.0.0) {01/12/25 13:16:49}
01/12/25 13:16:51 Number of idle job procs: 0
01/12/25 13:16:51 Node PreprocessJob job proc (121.0.0) completed successfully.
01/12/25 13:16:51 Node PreprocessJob job completed
01/12/25 13:16:51 DAG status: 0 (DAG_STATUS_OK)
01/12/25 13:16:51 Of 3 nodes total:
01/12/25 13:16:51  Done     Pre   Queued    Post   Ready   Un-Ready   Failed   Futile
01/12/25 13:16:51   ===     ===      ===     ===     ===        ===      ===      ===
01/12/25 13:16:51     2       0        1       0       0          0        0        0
01/12/25 13:16:51 0 job proc(s) currently held
01/12/25 13:16:51 DAGMan Runtime Statistics: [EventCycleTimeAvg = 0.03818082809448242; EventCycleTimeCount = 5.0; EventCycleTimeMax = 0.1391770839691162; EventCycleTimeMin = 2.908706665039062E-05; EventCycleTimeStd = 0.06071764190164671; EventCycleTimeSum = 0.1909041404724121; LogProcessCycleTimeAvg = 0.05137503147125244; LogProcessCycleTimeCount = 2.0; LogProcessCycleTimeMax = 0.05159616470336914; LogProcessCycleTimeMin = 0.05115389823913574; LogProcessCycleTimeStd = 0.0003127296159508337; LogProcessCycleTimeSum = 0.1027500629425049; SleepCycleTimeAvg = 5.00546817779541; SleepCycleTimeCount = 5.0; SleepCycleTimeMax = 5.005918979644775; SleepCycleTimeMin = 5.005077838897705; SleepCycleTimeStd = 0.0003901503694166988; SleepCycleTimeSum = 25.02734088897705; SubmitCycleTimeAvg = 0.01663080851236979; SubmitCycleTimeCount = 6.0; SubmitCycleTimeMax = 0.09975504875183105; SubmitCycleTimeMin = 1.9073486328125E-06; SubmitCycleTimeStd = 0.04072239529851559; SubmitCycleTimeSum = 0.09978485107421875; ]
01/12/25 13:18:26 Currently monitoring 1 HTCondor log file(s)
01/12/25 13:18:26 Event: ULOG_JOB_TERMINATED for HTCondor Node EDAJob (122.0.0) {01/12/25 13:18:22}
01/12/25 13:18:26 Number of idle job procs: 0
01/12/25 13:18:26 Node EDAJob job proc (122.0.0) completed successfully.
01/12/25 13:18:26 Node EDAJob job completed
01/12/25 13:18:26 DAG status: 0 (DAG_STATUS_OK)
01/12/25 13:18:26 Of 3 nodes total:
01/12/25 13:18:26  Done     Pre   Queued    Post   Ready   Un-Ready   Failed   Futile
01/12/25 13:18:26   ===     ===      ===     ===     ===        ===      ===      ===
01/12/25 13:18:26     3       0        0       0       0          0        0        0
01/12/25 13:18:26 0 job proc(s) currently held
01/12/25 13:18:26 DAGMan Runtime Statistics: [EventCycleTimeAvg = 0.01124897599220276; EventCycleTimeCount = 24.0; EventCycleTimeMax = 0.1391770839691162; EventCycleTimeMin = 2.694129943847656E-05; EventCycleTimeStd = 0.03285168572269124; EventCycleTimeSum = 0.2699754238128662; LogProcessCycleTimeAvg = 0.04284969965616862; LogProcessCycleTimeCount = 3.0; LogProcessCycleTimeMax = 0.05159616470336914; LogProcessCycleTimeMin = 0.02579903602600098; LogProcessCycleTimeStd = 0.01476796355555456; LogProcessCycleTimeSum = 0.1285490989685059; SleepCycleTimeAvg = 5.005417148272197; SleepCycleTimeCount = 24.0; SleepCycleTimeMax = 5.0083909034729; SleepCycleTimeMin = 5.003345012664795; SleepCycleTimeStd = 0.0009941317490482946; SleepCycleTimeSum = 120.1300115585327; SubmitCycleTimeAvg = 0.003993721008300781; SubmitCycleTimeCount = 25.0; SubmitCycleTimeMax = 0.09975504875183105; SubmitCycleTimeMin = 1.9073486328125E-06; SubmitCycleTimeStd = 0.01995027688412985; SubmitCycleTimeSum = 0.09984302520751953; ]
01/12/25 13:18:26 All jobs Completed!
01/12/25 13:18:26 Note: 0 total node deferrals because of -MaxJobs limit (0)
01/12/25 13:18:26 Note: 0 total node deferrals because of -MaxIdle limit (1000)
01/12/25 13:18:26 Note: 0 total node deferrals because of node category throttles
01/12/25 13:18:26 Note: 0 total PRE script deferrals because of -MaxPre limit (20) or DEFER
01/12/25 13:18:26 Note: 0 total POST script deferrals because of -MaxPost limit (20) or DEFER
01/12/25 13:18:26 Note: 0 total HOLD script deferrals because of -MaxHold limit (20) or DEFER
01/12/25 13:18:26 DAG status: 0 (DAG_STATUS_OK)
01/12/25 13:18:26 Of 3 nodes total:
01/12/25 13:18:26  Done     Pre   Queued    Post   Ready   Un-Ready   Failed   Futile
01/12/25 13:18:26   ===     ===      ===     ===     ===        ===      ===      ===
01/12/25 13:18:26     3       0        0       0       0          0        0        0
01/12/25 13:18:26 0 job proc(s) currently held
01/12/25 13:18:26 DAGMan Runtime Statistics: [EventCycleTimeAvg = 0.01124897599220276; EventCycleTimeCount = 24.0; EventCycleTimeMax = 0.1391770839691162; EventCycleTimeMin = 2.694129943847656E-05; EventCycleTimeStd = 0.03285168572269124; EventCycleTimeSum = 0.2699754238128662; LogProcessCycleTimeAvg = 0.04284969965616862; LogProcessCycleTimeCount = 3.0; LogProcessCycleTimeMax = 0.05159616470336914; LogProcessCycleTimeMin = 0.02579903602600098; LogProcessCycleTimeStd = 0.01476796355555456; LogProcessCycleTimeSum = 0.1285490989685059; SleepCycleTimeAvg = 5.005417148272197; SleepCycleTimeCount = 24.0; SleepCycleTimeMax = 5.0083909034729; SleepCycleTimeMin = 5.003345012664795; SleepCycleTimeStd = 0.0009941317490482946; SleepCycleTimeSum = 120.1300115585327; SubmitCycleTimeAvg = 0.003993721008300781; SubmitCycleTimeCount = 25.0; SubmitCycleTimeMax = 0.09975504875183105; SubmitCycleTimeMin = 1.9073486328125E-06; SubmitCycleTimeStd = 0.01995027688412985; SubmitCycleTimeSum = 0.09984302520751953; ]
01/12/25 13:18:26 Wrote metrics file dagman.dag.metrics.
01/12/25 13:18:26 DAGMan Runtime Statistics: [EventCycleTimeAvg = 0.01124897599220276; EventCycleTimeCount = 24.0; EventCycleTimeMax = 0.1391770839691162; EventCycleTimeMin = 2.694129943847656E-05; EventCycleTimeStd = 0.03285168572269124; EventCycleTimeSum = 0.2699754238128662; LogProcessCycleTimeAvg = 0.04284969965616862; LogProcessCycleTimeCount = 3.0; LogProcessCycleTimeMax = 0.05159616470336914; LogProcessCycleTimeMin = 0.02579903602600098; LogProcessCycleTimeStd = 0.01476796355555456; LogProcessCycleTimeSum = 0.1285490989685059; SleepCycleTimeAvg = 5.005417148272197; SleepCycleTimeCount = 24.0; SleepCycleTimeMax = 5.0083909034729; SleepCycleTimeMin = 5.003345012664795; SleepCycleTimeStd = 0.0009941317490482946; SleepCycleTimeSum = 120.1300115585327; SubmitCycleTimeAvg = 0.003993721008300781; SubmitCycleTimeCount = 25.0; SubmitCycleTimeMax = 0.09975504875183105; SubmitCycleTimeMin = 1.9073486328125E-06; SubmitCycleTimeStd = 0.01995027688412985; SubmitCycleTimeSum = 0.09984302520751953; ]
01/12/25 13:18:26 **** condor_scheduniv_exec.119.0 (condor_DAGMAN) pid 1271 EXITING WITH STATUS 0
01/12/25 13:32:28 ******************************************************
01/12/25 13:32:28 ** condor_scheduniv_exec.123.0 (CONDOR_DAGMAN) STARTING UP
01/12/25 13:32:28 ** /usr/bin/condor_dagman
01/12/25 13:32:28 ** SubsystemInfo: name=DAGMAN type=DAGMAN(9) class=CLIENT(2)
01/12/25 13:32:28 ** Configuration: subsystem:DAGMAN local:<NONE> class:CLIENT
01/12/25 13:32:28 ** $CondorVersion: 23.10.19 2025-01-03 BuildID: 777890 PackageID: 23.10.19-1+ubu24 GitSHA: 91176a00 $
01/12/25 13:32:28 ** $CondorPlatform: X86_64-Ubuntu_24.04 $
01/12/25 13:32:28 ** PID = 1453 RealUID = 1000
01/12/25 13:32:28 ** Log last touched 1/12 13:18:26
01/12/25 13:32:28 ******************************************************
01/12/25 13:32:28 Using config source: /etc/condor/condor_config
01/12/25 13:32:28 Using local config sources: 
01/12/25 13:32:28    /etc/condor/config.d/00-security
01/12/25 13:32:28    /etc/condor/config.d/01-submit.config
01/12/25 13:32:28    /etc/condor/config.d/10-stash-plugin.conf
01/12/25 13:32:28    /etc/condor/condor_config.local
01/12/25 13:32:28 config Macros = 75, Sorted = 75, StringBytes = 2326, TablesBytes = 2764
01/12/25 13:32:28 CLASSAD_CACHING is ENABLED
01/12/25 13:32:28 Daemon Log is logging: D_ALWAYS D_ERROR D_STATUS
01/12/25 13:32:28 DaemonCore: No command port requested.
01/12/25 13:32:28 DAGMAN_USE_STRICT setting: 1
01/12/25 13:32:28 DAGMAN_VERBOSITY setting: 3
01/12/25 13:32:28 DAGMAN_DEBUG_CACHE_SIZE setting: 5242880
01/12/25 13:32:28 DAGMAN_DEBUG_CACHE_ENABLE setting: False
01/12/25 13:32:28 DAGMAN_SUBMIT_DELAY setting: 0
01/12/25 13:32:28 DAGMAN_MAX_SUBMIT_ATTEMPTS setting: 6
01/12/25 13:32:28 DAGMAN_STARTUP_CYCLE_DETECT setting: False
01/12/25 13:32:28 DAGMAN_MAX_SUBMITS_PER_INTERVAL setting: 100
01/12/25 13:32:28 DAGMAN_AGGRESSIVE_SUBMIT setting: False
01/12/25 13:32:28 DAGMAN_USER_LOG_SCAN_INTERVAL setting: 5
01/12/25 13:32:28 DAGMAN_QUEUE_UPDATE_INTERVAL setting: 300
01/12/25 13:32:28 DAGMAN_DEFAULT_PRIORITY setting: 0
01/12/25 13:32:28 DAGMAN_SUPPRESS_NOTIFICATION setting: False
01/12/25 13:32:28 allow_events (DAGMAN_ALLOW_EVENTS) setting: 114
01/12/25 13:32:28 DAGMAN_RETRY_SUBMIT_FIRST setting: True
01/12/25 13:32:28 DAGMAN_RETRY_NODE_FIRST setting: False
01/12/25 13:32:28 DAGMAN_MAX_JOBS_IDLE setting: 1000
01/12/25 13:32:28 DAGMAN_MAX_JOBS_SUBMITTED setting: 0
01/12/25 13:32:28 DAGMAN_MAX_PRE_SCRIPTS setting: 20
01/12/25 13:32:28 DAGMAN_MAX_POST_SCRIPTS setting: 20
01/12/25 13:32:28 DAGMAN_MAX_HOLD_SCRIPTS setting: 20
01/12/25 13:32:28 DAGMAN_MUNGE_NODE_NAMES setting: True
01/12/25 13:32:28 DAGMAN_PROHIBIT_MULTI_JOBS setting: False
01/12/25 13:32:28 DAGMAN_SUBMIT_DEPTH_FIRST setting: False
01/12/25 13:32:28 DAGMAN_ALWAYS_RUN_POST setting: False
01/12/25 13:32:28 DAGMAN_CONDOR_SUBMIT_EXE setting: /usr/bin/condor_submit
01/12/25 13:32:28 DAGMAN_CONDOR_RM_EXE setting: /usr/bin/condor_rm
01/12/25 13:32:28 DAGMAN_USE_DIRECT_SUBMIT setting: True
01/12/25 13:32:28 DAGMAN_PRODUCE_JOB_CREDENTIALS setting: True
01/12/25 13:32:28 DAGMAN_DEFAULT_APPEND_VARS setting: False
01/12/25 13:32:28 DAGMAN_INHERIT_ATTRS_PREFIX setting: 
01/12/25 13:32:28 DAGMAN_INHERIT_ATTRS setting: 
01/12/25 13:32:28 DAGMAN_ABORT_DUPLICATES setting: True
01/12/25 13:32:28 DAGMAN_ABORT_ON_SCARY_SUBMIT setting: True
01/12/25 13:32:28 DAGMAN_PENDING_REPORT_INTERVAL setting: 600
01/12/25 13:32:28 DAGMAN_CHECK_QUEUE_INTERVAL setting: 28800
01/12/25 13:32:28 DAGMAN_AUTO_RESCUE setting: True
01/12/25 13:32:28 DAGMAN_MAX_RESCUE_NUM setting: 100
01/12/25 13:32:28 DAGMAN_WRITE_PARTIAL_RESCUE setting: True
01/12/25 13:32:29 DAGMAN_DEFAULT_NODE_LOG setting: @(DAG_DIR)/@(DAG_FILE).nodes.log
01/12/25 13:32:29 DAGMAN_GENERATE_SUBDAG_SUBMITS setting: True
01/12/25 13:32:29 DAGMAN_MAX_JOB_HOLDS setting: 100
01/12/25 13:32:29 DAGMAN_HOLD_CLAIM_TIME setting: 20
01/12/25 13:32:29 DAGMAN_SUPPRESS_JOB_LOGS setting: False
01/12/25 13:32:29 DAGMAN_REMOVE_NODE_JOBS setting: True
01/12/25 13:32:29 DAGMAN_REMOVE_JOBS_AFTER_LIMIT_CHANGE setting: False
01/12/25 13:32:29 DAGMAN will adjust edges after parsing
01/12/25 13:32:29 argv[0] == "condor_scheduniv_exec.123.0"
01/12/25 13:32:29 argv[1] == "-Lockfile"
01/12/25 13:32:29 argv[2] == "dagman.dag.lock"
01/12/25 13:32:29 argv[3] == "-Dag"
01/12/25 13:32:29 argv[4] == "dagman.dag"
01/12/25 13:32:29 argv[5] == "-MaxIdle"
01/12/25 13:32:29 argv[6] == "1000"
01/12/25 13:32:29 argv[7] == "-CsdVersion"
01/12/25 13:32:29 argv[8] == "$CondorVersion: 23.10.19 2025-01-03 BuildID: 777890 PackageID: 23.10.19-1+ubu24 GitSHA: 91176a00 $"
01/12/25 13:32:29 argv[9] == "-dagman"
01/12/25 13:32:29 argv[10] == "/usr/bin/condor_dagman"
01/12/25 13:32:29 argv[11] == "-AutoRescue"
01/12/25 13:32:29 argv[12] == "1"
01/12/25 13:32:29 argv[13] == "-DoRescueFrom"
01/12/25 13:32:29 argv[14] == "0"
01/12/25 13:32:29 argv[15] == "-force"
01/12/25 13:32:29 Can't open directory "/etc/condor/passwords.d" as PRIV_ROOT, errno: 13 (Permission denied)
01/12/25 13:32:29 Can't open directory "/etc/condor/passwords.d" as PRIV_ROOT, errno: 13 (Permission denied)
01/12/25 13:32:29 Workflow batch-id: <123.0>
01/12/25 13:32:29 Workflow batch-name: <dagman.dag+123>
01/12/25 13:32:29 Workflow accounting_group: <>
01/12/25 13:32:29 Workflow accounting_group_user: <>
01/12/25 13:32:29 Warning: failed to get attribute DAGNodeName
01/12/25 13:32:29 DAGMAN_LOG_ON_NFS_IS_ERROR setting: False
01/12/25 13:32:29 Default node log file is: </home/ubuntu/wqd7008_group_project/./dagman.dag.nodes.log>
01/12/25 13:32:29 DAG Lockfile will be written to dagman.dag.lock
01/12/25 13:32:29 DAG Input file is dagman.dag
01/12/25 13:32:29 Parsing 1 dagfiles
01/12/25 13:32:29 Parsing dagman.dag ...
01/12/25 13:32:29 Adjusting edges
01/12/25 13:32:29 Dag contains 3 total nodes
01/12/25 13:32:29 Bootstrapping...
01/12/25 13:32:29 Number of pre-completed nodes: 0
01/12/25 13:32:29 MultiLogFiles: truncating log file /home/ubuntu/wqd7008_group_project/./dagman.dag.nodes.log
01/12/25 13:32:29 DAG status: 0 (DAG_STATUS_OK)
01/12/25 13:32:29 Of 3 nodes total:
01/12/25 13:32:29  Done     Pre   Queued    Post   Ready   Un-Ready   Failed   Futile
01/12/25 13:32:29   ===     ===      ===     ===     ===        ===      ===      ===
01/12/25 13:32:29     0       0        0       0       1          2        0        0
01/12/25 13:32:29 0 job proc(s) currently held
01/12/25 13:32:29 DAGMan Runtime Statistics: [EventCycleTimeCount = 0.0; EventCycleTimeSum = 0.0; LogProcessCycleTimeCount = 0.0; LogProcessCycleTimeSum = 0.0; SleepCycleTimeCount = 0.0; SleepCycleTimeSum = 0.0; SubmitCycleTimeCount = 0.0; SubmitCycleTimeSum = 0.0; ]
01/12/25 13:32:29 Registering condor_event_timer...
01/12/25 13:32:30 Submitting HTCondor Node ImportJob job(s)...
01/12/25 13:32:30 Submitting node ImportJob from file import.sub using direct job submission
01/12/25 13:32:30 	assigned HTCondor ID (124.0.0)
01/12/25 13:32:30 Just submitted 1 job this cycle...
01/12/25 13:32:30 DAG status: 0 (DAG_STATUS_OK)
01/12/25 13:32:30 Of 3 nodes total:
01/12/25 13:32:30  Done     Pre   Queued    Post   Ready   Un-Ready   Failed   Futile
01/12/25 13:32:30   ===     ===      ===     ===     ===        ===      ===      ===
01/12/25 13:32:30     0       0        1       0       0          2        0        0
01/12/25 13:32:30 0 job proc(s) currently held
01/12/25 13:32:30 DAGMan Runtime Statistics: [EventCycleTimeCount = 0.0; EventCycleTimeSum = 0.0; LogProcessCycleTimeCount = 0.0; LogProcessCycleTimeSum = 0.0; SleepCycleTimeCount = 0.0; SleepCycleTimeSum = 0.0; SubmitCycleTimeAvg = 0.03241205215454102; SubmitCycleTimeCount = 1.0; SubmitCycleTimeMax = 0.03241205215454102; SubmitCycleTimeMin = 0.03241205215454102; SubmitCycleTimeStd = 0.03241205215454102; SubmitCycleTimeSum = 0.03241205215454102; ]
01/12/25 13:32:35 Currently monitoring 1 HTCondor log file(s)
01/12/25 13:32:35 Reassigning the id of job ImportJob from (124.0.0) to (124.0.0)
01/12/25 13:32:35 Event: ULOG_SUBMIT for HTCondor Node ImportJob (124.0.0) {01/12/25 13:32:30}
01/12/25 13:32:35 Number of idle job procs: 1
01/12/25 13:32:50 Currently monitoring 1 HTCondor log file(s)
01/12/25 13:32:50 Event: ULOG_EXECUTE for HTCondor Node ImportJob (124.0.0) {01/12/25 13:32:49}
01/12/25 13:32:50 Number of idle job procs: 0
01/12/25 13:32:50 Event: ULOG_JOB_TERMINATED for HTCondor Node ImportJob (124.0.0) {01/12/25 13:32:50}
01/12/25 13:32:50 Number of idle job procs: 0
01/12/25 13:32:50 Node ImportJob job proc (124.0.0) completed successfully.
01/12/25 13:32:50 Node ImportJob job completed
01/12/25 13:32:50 DAG status: 0 (DAG_STATUS_OK)
01/12/25 13:32:50 Of 3 nodes total:
01/12/25 13:32:50  Done     Pre   Queued    Post   Ready   Un-Ready   Failed   Futile
01/12/25 13:32:50   ===     ===      ===     ===     ===        ===      ===      ===
01/12/25 13:32:50     1       0        0       0       1          1        0        0
01/12/25 13:32:50 0 job proc(s) currently held
01/12/25 13:32:50 DAGMan Runtime Statistics: [EventCycleTimeAvg = 0.02081471681594849; EventCycleTimeCount = 4.0; EventCycleTimeMax = 0.07132196426391602; EventCycleTimeMin = 2.884864807128906E-05; EventCycleTimeStd = 0.03413172709769486; EventCycleTimeSum = 0.08325886726379395; LogProcessCycleTimeAvg = 0.01722300052642822; LogProcessCycleTimeCount = 2.0; LogProcessCycleTimeMax = 0.02259707450866699; LogProcessCycleTimeMin = 0.01184892654418945; LogProcessCycleTimeStd = 0.007600088310878455; LogProcessCycleTimeSum = 0.03444600105285645; SleepCycleTimeAvg = 5.004627764225006; SleepCycleTimeCount = 4.0; SleepCycleTimeMax = 5.005193948745728; SleepCycleTimeMin = 5.003129959106445; SleepCycleTimeStd = 0.0009996578825739841; SleepCycleTimeSum = 20.01851105690002; SubmitCycleTimeAvg = 0.006484842300415039; SubmitCycleTimeCount = 5.0; SubmitCycleTimeMax = 0.03241205215454102; SubmitCycleTimeMin = 2.86102294921875E-06; SubmitCycleTimeStd = 0.0144937509255497; SubmitCycleTimeSum = 0.0324242115020752; ]
01/12/25 13:32:55 Submitting HTCondor Node PreprocessJob job(s)...
01/12/25 13:32:55 Submitting node PreprocessJob from file preprocess.sub using direct job submission
01/12/25 13:32:55 	assigned HTCondor ID (125.0.0)
01/12/25 13:32:55 Just submitted 1 job this cycle...
01/12/25 13:32:55 DAG status: 0 (DAG_STATUS_OK)
01/12/25 13:32:55 Of 3 nodes total:
01/12/25 13:32:55  Done     Pre   Queued    Post   Ready   Un-Ready   Failed   Futile
01/12/25 13:32:55   ===     ===      ===     ===     ===        ===      ===      ===
01/12/25 13:32:55     1       0        1       0       0          1        0        0
01/12/25 13:32:55 0 job proc(s) currently held
01/12/25 13:32:55 DAGMan Runtime Statistics: [EventCycleTimeAvg = 0.02482337951660156; EventCycleTimeCount = 5.0; EventCycleTimeMax = 0.07132196426391602; EventCycleTimeMin = 2.884864807128906E-05; EventCycleTimeStd = 0.03088815273274972; EventCycleTimeSum = 0.1241168975830078; LogProcessCycleTimeAvg = 0.01722300052642822; LogProcessCycleTimeCount = 2.0; LogProcessCycleTimeMax = 0.02259707450866699; LogProcessCycleTimeMin = 0.01184892654418945; LogProcessCycleTimeStd = 0.007600088310878455; LogProcessCycleTimeSum = 0.03444600105285645; SleepCycleTimeAvg = 5.00472240447998; SleepCycleTimeCount = 5.0; SleepCycleTimeMax = 5.005193948745728; SleepCycleTimeMin = 5.003129959106445; SleepCycleTimeStd = 0.0008912187182697979; SleepCycleTimeSum = 25.0236120223999; SubmitCycleTimeAvg = 0.009253025054931641; SubmitCycleTimeCount = 6.0; SubmitCycleTimeMax = 0.03241205215454102; SubmitCycleTimeMin = 2.86102294921875E-06; SubmitCycleTimeStd = 0.01462983483460825; SubmitCycleTimeSum = 0.05551815032958984; ]
01/12/25 13:33:00 Currently monitoring 1 HTCondor log file(s)
01/12/25 13:33:00 Reassigning the id of job PreprocessJob from (125.0.0) to (125.0.0)
01/12/25 13:33:00 Event: ULOG_SUBMIT for HTCondor Node PreprocessJob (125.0.0) {01/12/25 13:32:55}
01/12/25 13:33:00 Number of idle job procs: 1
01/12/25 13:33:00 Event: ULOG_EXECUTE for HTCondor Node PreprocessJob (125.0.0) {01/12/25 13:32:56}
01/12/25 13:33:00 Number of idle job procs: 0
01/12/25 13:33:00 Event: ULOG_JOB_TERMINATED for HTCondor Node PreprocessJob (125.0.0) {01/12/25 13:33:00}
01/12/25 13:33:00 Number of idle job procs: 0
01/12/25 13:33:00 Node PreprocessJob job proc (125.0.0) completed successfully.
01/12/25 13:33:00 Node PreprocessJob job completed
01/12/25 13:33:00 DAG status: 0 (DAG_STATUS_OK)
01/12/25 13:33:00 Of 3 nodes total:
01/12/25 13:33:00  Done     Pre   Queued    Post   Ready   Un-Ready   Failed   Futile
01/12/25 13:33:00   ===     ===      ===     ===     ===        ===      ===      ===
01/12/25 13:33:00     2       0        0       0       1          0        0        0
01/12/25 13:33:00 0 job proc(s) currently held
01/12/25 13:33:00 DAGMan Runtime Statistics: [EventCycleTimeAvg = 0.02934749921162923; EventCycleTimeCount = 6.0; EventCycleTimeMax = 0.07132196426391602; EventCycleTimeMin = 2.884864807128906E-05; EventCycleTimeStd = 0.0297669000314605; EventCycleTimeSum = 0.1760849952697754; LogProcessCycleTimeAvg = 0.02260533968607585; LogProcessCycleTimeCount = 3.0; LogProcessCycleTimeMax = 0.03337001800537109; LogProcessCycleTimeMin = 0.01184892654418945; LogProcessCycleTimeStd = 0.01076054811127223; LogProcessCycleTimeSum = 0.06781601905822754; SleepCycleTimeAvg = 5.004862507184346; SleepCycleTimeCount = 6.0; SleepCycleTimeMax = 5.005563020706177; SleepCycleTimeMin = 5.003129959106445; SleepCycleTimeStd = 0.0008678647643963284; SleepCycleTimeSum = 30.02917504310608; SubmitCycleTimeAvg = 0.007931607110159737; SubmitCycleTimeCount = 7.0; SubmitCycleTimeMax = 0.03241205215454102; SubmitCycleTimeMin = 2.86102294921875E-06; SubmitCycleTimeStd = 0.01380518285886212; SubmitCycleTimeSum = 0.05552124977111816; ]
01/12/25 13:33:05 Submitting HTCondor Node EDAJob job(s)...
01/12/25 13:33:05 Submitting node EDAJob from file eda.sub using direct job submission
01/12/25 13:33:05 	assigned HTCondor ID (126.0.0)
01/12/25 13:33:05 Just submitted 1 job this cycle...
01/12/25 13:33:05 DAG status: 0 (DAG_STATUS_OK)
01/12/25 13:33:05 Of 3 nodes total:
01/12/25 13:33:05  Done     Pre   Queued    Post   Ready   Un-Ready   Failed   Futile
01/12/25 13:33:05   ===     ===      ===     ===     ===        ===      ===      ===
01/12/25 13:33:05     2       0        1       0       0          0        0        0
01/12/25 13:33:05 0 job proc(s) currently held
01/12/25 13:33:05 DAGMan Runtime Statistics: [EventCycleTimeAvg = 0.03285469327654157; EventCycleTimeCount = 7.0; EventCycleTimeMax = 0.07132196426391602; EventCycleTimeMin = 2.884864807128906E-05; EventCycleTimeStd = 0.02871398879811889; EventCycleTimeSum = 0.229982852935791; LogProcessCycleTimeAvg = 0.02260533968607585; LogProcessCycleTimeCount = 3.0; LogProcessCycleTimeMax = 0.03337001800537109; LogProcessCycleTimeMin = 0.01184892654418945; LogProcessCycleTimeStd = 0.01076054811127223; LogProcessCycleTimeSum = 0.06781601905822754; SleepCycleTimeAvg = 5.004945891244071; SleepCycleTimeCount = 7.0; SleepCycleTimeMax = 5.005563020706177; SleepCycleTimeMin = 5.003129959106445; SleepCycleTimeStd = 0.000822391645613305; SleepCycleTimeSum = 35.0346212387085; SubmitCycleTimeAvg = 0.0114651620388031; SubmitCycleTimeCount = 8.0; SubmitCycleTimeMax = 0.03620004653930664; SubmitCycleTimeMin = 2.86102294921875E-06; SubmitCycleTimeStd = 0.01622482677384592; SubmitCycleTimeSum = 0.0917212963104248; ]
01/12/25 13:33:10 Currently monitoring 1 HTCondor log file(s)
01/12/25 13:33:10 Reassigning the id of job EDAJob from (126.0.0) to (126.0.0)
01/12/25 13:33:10 Event: ULOG_SUBMIT for HTCondor Node EDAJob (126.0.0) {01/12/25 13:33:05}
01/12/25 13:33:10 Number of idle job procs: 1
01/12/25 13:33:10 Event: ULOG_EXECUTE for HTCondor Node EDAJob (126.0.0) {01/12/25 13:33:06}
01/12/25 13:33:10 Number of idle job procs: 0
01/12/25 13:34:40 Currently monitoring 1 HTCondor log file(s)
01/12/25 13:34:40 Event: ULOG_JOB_TERMINATED for HTCondor Node EDAJob (126.0.0) {01/12/25 13:34:39}
01/12/25 13:34:40 Number of idle job procs: 0
01/12/25 13:34:40 Node EDAJob job proc (126.0.0) completed successfully.
01/12/25 13:34:40 Node EDAJob job completed
01/12/25 13:34:40 DAG status: 0 (DAG_STATUS_OK)
01/12/25 13:34:40 Of 3 nodes total:
01/12/25 13:34:40  Done     Pre   Queued    Post   Ready   Un-Ready   Failed   Futile
01/12/25 13:34:40   ===     ===      ===     ===     ===        ===      ===      ===
01/12/25 13:34:40     3       0        0       0       0          0        0        0
01/12/25 13:34:40 0 job proc(s) currently held
01/12/25 13:34:40 DAGMan Runtime Statistics: [EventCycleTimeAvg = 0.01288281037257268; EventCycleTimeCount = 26.0; EventCycleTimeMax = 0.07313179969787598; EventCycleTimeMin = 2.694129943847656E-05; EventCycleTimeStd = 0.02399512196616583; EventCycleTimeSum = 0.3349530696868896; LogProcessCycleTimeAvg = 0.02410860061645508; LogProcessCycleTimeCount = 5.0; LogProcessCycleTimeMax = 0.03337001800537109; LogProcessCycleTimeMin = 0.01184892654418945; LogProcessCycleTimeStd = 0.008137238590441581; LogProcessCycleTimeSum = 0.1205430030822754; SleepCycleTimeAvg = 5.005377576901362; SleepCycleTimeCount = 26.0; SleepCycleTimeMax = 5.009247064590454; SleepCycleTimeMin = 5.003129959106445; SleepCycleTimeStd = 0.001148802905923004; SleepCycleTimeSum = 130.1398169994354; SubmitCycleTimeAvg = 0.003399292627970377; SubmitCycleTimeCount = 27.0; SubmitCycleTimeMax = 0.03620004653930664; SubmitCycleTimeMin = 2.145767211914062E-06; SubmitCycleTimeStd = 0.009965950890618929; SubmitCycleTimeSum = 0.0917809009552002; ]
01/12/25 13:34:40 All jobs Completed!
01/12/25 13:34:40 Note: 0 total node deferrals because of -MaxJobs limit (0)
01/12/25 13:34:40 Note: 0 total node deferrals because of -MaxIdle limit (1000)
01/12/25 13:34:40 Note: 0 total node deferrals because of node category throttles
01/12/25 13:34:40 Note: 0 total PRE script deferrals because of -MaxPre limit (20) or DEFER
01/12/25 13:34:40 Note: 0 total POST script deferrals because of -MaxPost limit (20) or DEFER
01/12/25 13:34:40 Note: 0 total HOLD script deferrals because of -MaxHold limit (20) or DEFER
01/12/25 13:34:40 DAG status: 0 (DAG_STATUS_OK)
01/12/25 13:34:40 Of 3 nodes total:
01/12/25 13:34:40  Done     Pre   Queued    Post   Ready   Un-Ready   Failed   Futile
01/12/25 13:34:40   ===     ===      ===     ===     ===        ===      ===      ===
01/12/25 13:34:40     3       0        0       0       0          0        0        0
01/12/25 13:34:40 0 job proc(s) currently held
01/12/25 13:34:40 DAGMan Runtime Statistics: [EventCycleTimeAvg = 0.01288281037257268; EventCycleTimeCount = 26.0; EventCycleTimeMax = 0.07313179969787598; EventCycleTimeMin = 2.694129943847656E-05; EventCycleTimeStd = 0.02399512196616583; EventCycleTimeSum = 0.3349530696868896; LogProcessCycleTimeAvg = 0.02410860061645508; LogProcessCycleTimeCount = 5.0; LogProcessCycleTimeMax = 0.03337001800537109; LogProcessCycleTimeMin = 0.01184892654418945; LogProcessCycleTimeStd = 0.008137238590441581; LogProcessCycleTimeSum = 0.1205430030822754; SleepCycleTimeAvg = 5.005377576901362; SleepCycleTimeCount = 26.0; SleepCycleTimeMax = 5.009247064590454; SleepCycleTimeMin = 5.003129959106445; SleepCycleTimeStd = 0.001148802905923004; SleepCycleTimeSum = 130.1398169994354; SubmitCycleTimeAvg = 0.003399292627970377; SubmitCycleTimeCount = 27.0; SubmitCycleTimeMax = 0.03620004653930664; SubmitCycleTimeMin = 2.145767211914062E-06; SubmitCycleTimeStd = 0.009965950890618929; SubmitCycleTimeSum = 0.0917809009552002; ]
01/12/25 13:34:40 Wrote metrics file dagman.dag.metrics.
01/12/25 13:34:40 DAGMan Runtime Statistics: [EventCycleTimeAvg = 0.01288281037257268; EventCycleTimeCount = 26.0; EventCycleTimeMax = 0.07313179969787598; EventCycleTimeMin = 2.694129943847656E-05; EventCycleTimeStd = 0.02399512196616583; EventCycleTimeSum = 0.3349530696868896; LogProcessCycleTimeAvg = 0.02410860061645508; LogProcessCycleTimeCount = 5.0; LogProcessCycleTimeMax = 0.03337001800537109; LogProcessCycleTimeMin = 0.01184892654418945; LogProcessCycleTimeStd = 0.008137238590441581; LogProcessCycleTimeSum = 0.1205430030822754; SleepCycleTimeAvg = 5.005377576901362; SleepCycleTimeCount = 26.0; SleepCycleTimeMax = 5.009247064590454; SleepCycleTimeMin = 5.003129959106445; SleepCycleTimeStd = 0.001148802905923004; SleepCycleTimeSum = 130.1398169994354; SubmitCycleTimeAvg = 0.003399292627970377; SubmitCycleTimeCount = 27.0; SubmitCycleTimeMax = 0.03620004653930664; SubmitCycleTimeMin = 2.145767211914062E-06; SubmitCycleTimeStd = 0.009965950890618929; SubmitCycleTimeSum = 0.0917809009552002; ]
01/12/25 13:34:40 **** condor_scheduniv_exec.123.0 (condor_DAGMAN) pid 1453 EXITING WITH STATUS 0
01/12/25 13:37:08 ******************************************************
01/12/25 13:37:08 ** condor_scheduniv_exec.127.0 (CONDOR_DAGMAN) STARTING UP
01/12/25 13:37:08 ** /usr/bin/condor_dagman
01/12/25 13:37:08 ** SubsystemInfo: name=DAGMAN type=DAGMAN(9) class=CLIENT(2)
01/12/25 13:37:08 ** Configuration: subsystem:DAGMAN local:<NONE> class:CLIENT
01/12/25 13:37:08 ** $CondorVersion: 23.10.19 2025-01-03 BuildID: 777890 PackageID: 23.10.19-1+ubu24 GitSHA: 91176a00 $
01/12/25 13:37:08 ** $CondorPlatform: X86_64-Ubuntu_24.04 $
01/12/25 13:37:08 ** PID = 1495 RealUID = 1000
01/12/25 13:37:08 ** Log last touched 1/12 13:34:40
01/12/25 13:37:08 ******************************************************
01/12/25 13:37:08 Using config source: /etc/condor/condor_config
01/12/25 13:37:08 Using local config sources: 
01/12/25 13:37:08    /etc/condor/config.d/00-security
01/12/25 13:37:08    /etc/condor/config.d/01-submit.config
01/12/25 13:37:08    /etc/condor/config.d/10-stash-plugin.conf
01/12/25 13:37:08    /etc/condor/condor_config.local
01/12/25 13:37:08 config Macros = 75, Sorted = 75, StringBytes = 2326, TablesBytes = 2764
01/12/25 13:37:08 CLASSAD_CACHING is ENABLED
01/12/25 13:37:08 Daemon Log is logging: D_ALWAYS D_ERROR D_STATUS
01/12/25 13:37:08 DaemonCore: No command port requested.
01/12/25 13:37:08 DAGMAN_USE_STRICT setting: 1
01/12/25 13:37:08 DAGMAN_VERBOSITY setting: 3
01/12/25 13:37:08 DAGMAN_DEBUG_CACHE_SIZE setting: 5242880
01/12/25 13:37:08 DAGMAN_DEBUG_CACHE_ENABLE setting: False
01/12/25 13:37:08 DAGMAN_SUBMIT_DELAY setting: 0
01/12/25 13:37:08 DAGMAN_MAX_SUBMIT_ATTEMPTS setting: 6
01/12/25 13:37:08 DAGMAN_STARTUP_CYCLE_DETECT setting: False
01/12/25 13:37:08 DAGMAN_MAX_SUBMITS_PER_INTERVAL setting: 100
01/12/25 13:37:08 DAGMAN_AGGRESSIVE_SUBMIT setting: False
01/12/25 13:37:08 DAGMAN_USER_LOG_SCAN_INTERVAL setting: 5
01/12/25 13:37:08 DAGMAN_QUEUE_UPDATE_INTERVAL setting: 300
01/12/25 13:37:08 DAGMAN_DEFAULT_PRIORITY setting: 0
01/12/25 13:37:08 DAGMAN_SUPPRESS_NOTIFICATION setting: False
01/12/25 13:37:08 allow_events (DAGMAN_ALLOW_EVENTS) setting: 114
01/12/25 13:37:08 DAGMAN_RETRY_SUBMIT_FIRST setting: True
01/12/25 13:37:08 DAGMAN_RETRY_NODE_FIRST setting: False
01/12/25 13:37:09 DAGMAN_MAX_JOBS_IDLE setting: 1000
01/12/25 13:37:09 DAGMAN_MAX_JOBS_SUBMITTED setting: 0
01/12/25 13:37:09 DAGMAN_MAX_PRE_SCRIPTS setting: 20
01/12/25 13:37:09 DAGMAN_MAX_POST_SCRIPTS setting: 20
01/12/25 13:37:09 DAGMAN_MAX_HOLD_SCRIPTS setting: 20
01/12/25 13:37:09 DAGMAN_MUNGE_NODE_NAMES setting: True
01/12/25 13:37:09 DAGMAN_PROHIBIT_MULTI_JOBS setting: False
01/12/25 13:37:09 DAGMAN_SUBMIT_DEPTH_FIRST setting: False
01/12/25 13:37:09 DAGMAN_ALWAYS_RUN_POST setting: False
01/12/25 13:37:09 DAGMAN_CONDOR_SUBMIT_EXE setting: /usr/bin/condor_submit
01/12/25 13:37:09 DAGMAN_CONDOR_RM_EXE setting: /usr/bin/condor_rm
01/12/25 13:37:09 DAGMAN_USE_DIRECT_SUBMIT setting: True
01/12/25 13:37:09 DAGMAN_PRODUCE_JOB_CREDENTIALS setting: True
01/12/25 13:37:09 DAGMAN_DEFAULT_APPEND_VARS setting: False
01/12/25 13:37:09 DAGMAN_INHERIT_ATTRS_PREFIX setting: 
01/12/25 13:37:09 DAGMAN_INHERIT_ATTRS setting: 
01/12/25 13:37:09 DAGMAN_ABORT_DUPLICATES setting: True
01/12/25 13:37:09 DAGMAN_ABORT_ON_SCARY_SUBMIT setting: True
01/12/25 13:37:09 DAGMAN_PENDING_REPORT_INTERVAL setting: 600
01/12/25 13:37:09 DAGMAN_CHECK_QUEUE_INTERVAL setting: 28800
01/12/25 13:37:09 DAGMAN_AUTO_RESCUE setting: True
01/12/25 13:37:09 DAGMAN_MAX_RESCUE_NUM setting: 100
01/12/25 13:37:09 DAGMAN_WRITE_PARTIAL_RESCUE setting: True
01/12/25 13:37:09 DAGMAN_DEFAULT_NODE_LOG setting: @(DAG_DIR)/@(DAG_FILE).nodes.log
01/12/25 13:37:09 DAGMAN_GENERATE_SUBDAG_SUBMITS setting: True
01/12/25 13:37:09 DAGMAN_MAX_JOB_HOLDS setting: 100
01/12/25 13:37:09 DAGMAN_HOLD_CLAIM_TIME setting: 20
01/12/25 13:37:09 DAGMAN_SUPPRESS_JOB_LOGS setting: False
01/12/25 13:37:09 DAGMAN_REMOVE_NODE_JOBS setting: True
01/12/25 13:37:09 DAGMAN_REMOVE_JOBS_AFTER_LIMIT_CHANGE setting: False
01/12/25 13:37:09 DAGMAN will adjust edges after parsing
01/12/25 13:37:09 argv[0] == "condor_scheduniv_exec.127.0"
01/12/25 13:37:09 argv[1] == "-Lockfile"
01/12/25 13:37:09 argv[2] == "dagman.dag.lock"
01/12/25 13:37:09 argv[3] == "-Dag"
01/12/25 13:37:09 argv[4] == "dagman.dag"
01/12/25 13:37:09 argv[5] == "-MaxIdle"
01/12/25 13:37:09 argv[6] == "1000"
01/12/25 13:37:09 argv[7] == "-CsdVersion"
01/12/25 13:37:09 argv[8] == "$CondorVersion: 23.10.19 2025-01-03 BuildID: 777890 PackageID: 23.10.19-1+ubu24 GitSHA: 91176a00 $"
01/12/25 13:37:09 argv[9] == "-dagman"
01/12/25 13:37:09 argv[10] == "/usr/bin/condor_dagman"
01/12/25 13:37:09 argv[11] == "-AutoRescue"
01/12/25 13:37:09 argv[12] == "1"
01/12/25 13:37:09 argv[13] == "-DoRescueFrom"
01/12/25 13:37:09 argv[14] == "0"
01/12/25 13:37:09 argv[15] == "-force"
01/12/25 13:37:09 Can't open directory "/etc/condor/passwords.d" as PRIV_ROOT, errno: 13 (Permission denied)
01/12/25 13:37:09 Can't open directory "/etc/condor/passwords.d" as PRIV_ROOT, errno: 13 (Permission denied)
01/12/25 13:37:09 Workflow batch-id: <127.0>
01/12/25 13:37:09 Workflow batch-name: <dagman.dag+127>
01/12/25 13:37:09 Workflow accounting_group: <>
01/12/25 13:37:09 Workflow accounting_group_user: <>
01/12/25 13:37:09 Warning: failed to get attribute DAGNodeName
01/12/25 13:37:09 DAGMAN_LOG_ON_NFS_IS_ERROR setting: False
01/12/25 13:37:09 Default node log file is: </home/ubuntu/wqd7008_group_project/./dagman.dag.nodes.log>
01/12/25 13:37:09 DAG Lockfile will be written to dagman.dag.lock
01/12/25 13:37:09 DAG Input file is dagman.dag
01/12/25 13:37:09 Parsing 1 dagfiles
01/12/25 13:37:09 Parsing dagman.dag ...
01/12/25 13:37:09 Adjusting edges
01/12/25 13:37:09 Dag contains 4 total nodes
01/12/25 13:37:09 Bootstrapping...
01/12/25 13:37:09 Number of pre-completed nodes: 0
01/12/25 13:37:09 MultiLogFiles: truncating log file /home/ubuntu/wqd7008_group_project/./dagman.dag.nodes.log
01/12/25 13:37:09 DAG status: 0 (DAG_STATUS_OK)
01/12/25 13:37:09 Of 4 nodes total:
01/12/25 13:37:09  Done     Pre   Queued    Post   Ready   Un-Ready   Failed   Futile
01/12/25 13:37:09   ===     ===      ===     ===     ===        ===      ===      ===
01/12/25 13:37:09     0       0        0       0       1          3        0        0
01/12/25 13:37:09 0 job proc(s) currently held
01/12/25 13:37:09 DAGMan Runtime Statistics: [EventCycleTimeCount = 0.0; EventCycleTimeSum = 0.0; LogProcessCycleTimeCount = 0.0; LogProcessCycleTimeSum = 0.0; SleepCycleTimeCount = 0.0; SleepCycleTimeSum = 0.0; SubmitCycleTimeCount = 0.0; SubmitCycleTimeSum = 0.0; ]
01/12/25 13:37:09 Registering condor_event_timer...
01/12/25 13:37:10 Submitting HTCondor Node ImportJob job(s)...
01/12/25 13:37:10 Submitting node ImportJob from file import.sub using direct job submission
01/12/25 13:37:10 	assigned HTCondor ID (128.0.0)
01/12/25 13:37:10 Just submitted 1 job this cycle...
01/12/25 13:37:10 DAG status: 0 (DAG_STATUS_OK)
01/12/25 13:37:10 Of 4 nodes total:
01/12/25 13:37:10  Done     Pre   Queued    Post   Ready   Un-Ready   Failed   Futile
01/12/25 13:37:10   ===     ===      ===     ===     ===        ===      ===      ===
01/12/25 13:37:10     0       0        1       0       0          3        0        0
01/12/25 13:37:10 0 job proc(s) currently held
01/12/25 13:37:10 DAGMan Runtime Statistics: [EventCycleTimeCount = 0.0; EventCycleTimeSum = 0.0; LogProcessCycleTimeCount = 0.0; LogProcessCycleTimeSum = 0.0; SleepCycleTimeCount = 0.0; SleepCycleTimeSum = 0.0; SubmitCycleTimeAvg = 0.03686404228210449; SubmitCycleTimeCount = 1.0; SubmitCycleTimeMax = 0.03686404228210449; SubmitCycleTimeMin = 0.03686404228210449; SubmitCycleTimeStd = 0.03686404228210449; SubmitCycleTimeSum = 0.03686404228210449; ]
01/12/25 13:37:15 Currently monitoring 1 HTCondor log file(s)
01/12/25 13:37:15 Reassigning the id of job ImportJob from (128.0.0) to (128.0.0)
01/12/25 13:37:15 Event: ULOG_SUBMIT for HTCondor Node ImportJob (128.0.0) {01/12/25 13:37:10}
01/12/25 13:37:15 Number of idle job procs: 1
01/12/25 13:37:30 Currently monitoring 1 HTCondor log file(s)
01/12/25 13:37:30 Event: ULOG_EXECUTE for HTCondor Node ImportJob (128.0.0) {01/12/25 13:37:29}
01/12/25 13:37:30 Number of idle job procs: 0
01/12/25 13:37:30 Event: ULOG_JOB_TERMINATED for HTCondor Node ImportJob (128.0.0) {01/12/25 13:37:30}
01/12/25 13:37:30 Number of idle job procs: 0
01/12/25 13:37:30 Node ImportJob job proc (128.0.0) completed successfully.
01/12/25 13:37:30 Node ImportJob job completed
01/12/25 13:37:30 DAG status: 0 (DAG_STATUS_OK)
01/12/25 13:37:30 Of 4 nodes total:
01/12/25 13:37:30  Done     Pre   Queued    Post   Ready   Un-Ready   Failed   Futile
01/12/25 13:37:30   ===     ===      ===     ===     ===        ===      ===      ===
01/12/25 13:37:30     1       0        0       0       1          2        0        0
01/12/25 13:37:30 0 job proc(s) currently held
01/12/25 13:37:30 DAGMan Runtime Statistics: [EventCycleTimeAvg = 0.02477800846099854; EventCycleTimeCount = 4.0; EventCycleTimeMax = 0.07949495315551758; EventCycleTimeMin = 2.908706665039062E-05; EventCycleTimeStd = 0.03762164285540152; EventCycleTimeSum = 0.09911203384399414; LogProcessCycleTimeAvg = 0.02147853374481201; LogProcessCycleTimeCount = 2.0; LogProcessCycleTimeMax = 0.02342700958251953; LogProcessCycleTimeMin = 0.01953005790710449; LogProcessCycleTimeStd = 0.002755560955642252; LogProcessCycleTimeSum = 0.04295706748962402; SleepCycleTimeAvg = 5.004125237464905; SleepCycleTimeCount = 4.0; SleepCycleTimeMax = 5.005251884460449; SleepCycleTimeMin = 5.001071929931641; SleepCycleTimeStd = 0.002036993799189347; SleepCycleTimeSum = 20.01650094985962; SubmitCycleTimeAvg = 0.007375144958496093; SubmitCycleTimeCount = 5.0; SubmitCycleTimeMax = 0.03686404228210449; SubmitCycleTimeMin = 2.86102294921875E-06; SubmitCycleTimeStd = 0.01648479474959827; SubmitCycleTimeSum = 0.03687572479248047; ]
01/12/25 13:37:35 Submitting HTCondor Node PreprocessJob job(s)...
01/12/25 13:37:35 Submitting node PreprocessJob from file preprocess.sub using direct job submission
01/12/25 13:37:35 	assigned HTCondor ID (129.0.0)
01/12/25 13:37:35 Just submitted 1 job this cycle...
01/12/25 13:37:35 DAG status: 0 (DAG_STATUS_OK)
01/12/25 13:37:35 Of 4 nodes total:
01/12/25 13:37:35  Done     Pre   Queued    Post   Ready   Un-Ready   Failed   Futile
01/12/25 13:37:35   ===     ===      ===     ===     ===        ===      ===      ===
01/12/25 13:37:35     1       0        1       0       0          2        0        0
01/12/25 13:37:35 0 job proc(s) currently held
01/12/25 13:37:35 DAGMan Runtime Statistics: [EventCycleTimeAvg = 0.02835097312927246; EventCycleTimeCount = 5.0; EventCycleTimeMax = 0.07949495315551758; EventCycleTimeMin = 2.908706665039062E-05; EventCycleTimeStd = 0.03354655557517355; EventCycleTimeSum = 0.1417548656463623; LogProcessCycleTimeAvg = 0.02147853374481201; LogProcessCycleTimeCount = 2.0; LogProcessCycleTimeMax = 0.02342700958251953; LogProcessCycleTimeMin = 0.01953005790710449; LogProcessCycleTimeStd = 0.002755560955642252; LogProcessCycleTimeSum = 0.04295706748962402; SleepCycleTimeAvg = 5.004319429397583; SleepCycleTimeCount = 5.0; SleepCycleTimeMax = 5.005251884460449; SleepCycleTimeMin = 5.001071929931641; SleepCycleTimeStd = 0.001816744433606005; SleepCycleTimeSum = 25.02159714698792; SubmitCycleTimeAvg = 0.01117297013600667; SubmitCycleTimeCount = 6.0; SubmitCycleTimeMax = 0.03686404228210449; SubmitCycleTimeMin = 2.86102294921875E-06; SubmitCycleTimeStd = 0.01743386425387974; SubmitCycleTimeSum = 0.06703782081604004; ]
01/12/25 13:37:40 Currently monitoring 1 HTCondor log file(s)
01/12/25 13:37:40 Reassigning the id of job PreprocessJob from (129.0.0) to (129.0.0)
01/12/25 13:37:40 Event: ULOG_SUBMIT for HTCondor Node PreprocessJob (129.0.0) {01/12/25 13:37:35}
01/12/25 13:37:40 Number of idle job procs: 1
01/12/25 13:37:40 Event: ULOG_EXECUTE for HTCondor Node PreprocessJob (129.0.0) {01/12/25 13:37:36}
01/12/25 13:37:40 Number of idle job procs: 0
01/12/25 13:37:40 Event: ULOG_JOB_TERMINATED for HTCondor Node PreprocessJob (129.0.0) {01/12/25 13:37:40}
01/12/25 13:37:40 Number of idle job procs: 0
01/12/25 13:37:40 Node PreprocessJob job proc (129.0.0) completed successfully.
01/12/25 13:37:40 Node PreprocessJob job completed
01/12/25 13:37:40 DAG status: 0 (DAG_STATUS_OK)
01/12/25 13:37:40 Of 4 nodes total:
01/12/25 13:37:40  Done     Pre   Queued    Post   Ready   Un-Ready   Failed   Futile
01/12/25 13:37:40   ===     ===      ===     ===     ===        ===      ===      ===
01/12/25 13:37:40     2       0        0       0       2          0        0        0
01/12/25 13:37:40 0 job proc(s) currently held
01/12/25 13:37:40 DAGMan Runtime Statistics: [EventCycleTimeAvg = 0.03360478083292643; EventCycleTimeCount = 6.0; EventCycleTimeMax = 0.07949495315551758; EventCycleTimeMin = 2.908706665039062E-05; EventCycleTimeStd = 0.0326483090693593; EventCycleTimeSum = 0.2016286849975586; LogProcessCycleTimeAvg = 0.02702840169270833; LogProcessCycleTimeCount = 3.0; LogProcessCycleTimeMax = 0.03812813758850098; LogProcessCycleTimeMin = 0.01953005790710449; LogProcessCycleTimeStd = 0.009808142576828242; LogProcessCycleTimeSum = 0.081085205078125; SleepCycleTimeAvg = 5.004480878512065; SleepCycleTimeCount = 6.0; SleepCycleTimeMax = 5.005288124084473; SleepCycleTimeMin = 5.001071929931641; SleepCycleTimeStd = 0.001672376502239413; SleepCycleTimeSum = 30.02688527107239; SubmitCycleTimeAvg = 0.009577410561697823; SubmitCycleTimeCount = 7.0; SubmitCycleTimeMax = 0.03686404228210449; SubmitCycleTimeMin = 2.86102294921875E-06; SubmitCycleTimeStd = 0.01646522673713004; SubmitCycleTimeSum = 0.06704187393188477; ]
01/12/25 13:37:45 Submitting HTCondor Node EDAJob job(s)...
01/12/25 13:37:45 Submitting node EDAJob from file eda.sub using direct job submission
01/12/25 13:37:45 	assigned HTCondor ID (130.0.0)
01/12/25 13:37:45 Submitting HTCondor Node SplitJob job(s)...
01/12/25 13:37:45 Submitting node SplitJob from file split.sub using direct job submission
01/12/25 13:37:45 	assigned HTCondor ID (131.0.0)
01/12/25 13:37:45 Just submitted 2 jobs this cycle...
01/12/25 13:37:45 DAG status: 0 (DAG_STATUS_OK)
01/12/25 13:37:45 Of 4 nodes total:
01/12/25 13:37:45  Done     Pre   Queued    Post   Ready   Un-Ready   Failed   Futile
01/12/25 13:37:45   ===     ===      ===     ===     ===        ===      ===      ===
01/12/25 13:37:45     2       0        2       0       0          0        0        0
01/12/25 13:37:45 0 job proc(s) currently held
01/12/25 13:37:45 DAGMan Runtime Statistics: [EventCycleTimeAvg = 0.03665678841727121; EventCycleTimeCount = 7.0; EventCycleTimeMax = 0.07949495315551758; EventCycleTimeMin = 2.908706665039062E-05; EventCycleTimeStd = 0.03087820142060242; EventCycleTimeSum = 0.2565975189208984; LogProcessCycleTimeAvg = 0.02702840169270833; LogProcessCycleTimeCount = 3.0; LogProcessCycleTimeMax = 0.03812813758850098; LogProcessCycleTimeMin = 0.01953005790710449; LogProcessCycleTimeStd = 0.009808142576828242; LogProcessCycleTimeSum = 0.081085205078125; SleepCycleTimeAvg = 5.004588638033185; SleepCycleTimeCount = 7.0; SleepCycleTimeMax = 5.005288124084473; SleepCycleTimeMin = 5.001071929931641; SleepCycleTimeStd = 0.0015530574499867; SleepCycleTimeSum = 35.0321204662323; SubmitCycleTimeAvg = 0.01447135210037231; SubmitCycleTimeCount = 8.0; SubmitCycleTimeMax = 0.04872894287109375; SubmitCycleTimeMin = 2.86102294921875E-06; SubmitCycleTimeStd = 0.02059077227765797; SubmitCycleTimeSum = 0.1157708168029785; ]
01/12/25 13:37:50 Currently monitoring 1 HTCondor log file(s)
01/12/25 13:37:50 Reassigning the id of job EDAJob from (130.0.0) to (130.0.0)
01/12/25 13:37:50 Event: ULOG_SUBMIT for HTCondor Node EDAJob (130.0.0) {01/12/25 13:37:45}
01/12/25 13:37:50 Number of idle job procs: 1
01/12/25 13:37:50 Reassigning the id of job SplitJob from (131.0.0) to (131.0.0)
01/12/25 13:37:50 Event: ULOG_SUBMIT for HTCondor Node SplitJob (131.0.0) {01/12/25 13:37:45}
01/12/25 13:37:50 Number of idle job procs: 2
01/12/25 13:37:50 Event: ULOG_EXECUTE for HTCondor Node EDAJob (130.0.0) {01/12/25 13:37:46}
01/12/25 13:37:50 Number of idle job procs: 1
01/12/25 13:37:50 Event: ULOG_EXECUTE for HTCondor Node SplitJob (131.0.0) {01/12/25 13:37:49}
01/12/25 13:37:50 Number of idle job procs: 0
01/12/25 13:37:55 Currently monitoring 1 HTCondor log file(s)
01/12/25 13:37:55 Event: ULOG_JOB_TERMINATED for HTCondor Node SplitJob (131.0.0) {01/12/25 13:37:51}
01/12/25 13:37:55 Number of idle job procs: 0
01/12/25 13:37:55 Node SplitJob job proc (131.0.0) failed with status 1.
01/12/25 13:37:55 DAG status: 2 (DAG_STATUS_NODE_FAILED)
01/12/25 13:37:55 Of 4 nodes total:
01/12/25 13:37:55  Done     Pre   Queued    Post   Ready   Un-Ready   Failed   Futile
01/12/25 13:37:55   ===     ===      ===     ===     ===        ===      ===      ===
01/12/25 13:37:55     2       0        1       0       0          0        1        0
01/12/25 13:37:55 0 job proc(s) currently held
01/12/25 13:37:55 DAGMan Runtime Statistics: [EventCycleTimeAvg = 0.04052215152316623; EventCycleTimeCount = 9.0; EventCycleTimeMax = 0.07949495315551758; EventCycleTimeMin = 2.908706665039062E-05; EventCycleTimeStd = 0.02963360859816616; EventCycleTimeSum = 0.3646993637084961; LogProcessCycleTimeAvg = 0.02735638618469238; LogProcessCycleTimeCount = 5.0; LogProcessCycleTimeMax = 0.03812813758850098; LogProcessCycleTimeMin = 0.01953005790710449; LogProcessCycleTimeStd = 0.008054201536478152; LogProcessCycleTimeSum = 0.1367819309234619; SleepCycleTimeAvg = 5.004700713687473; SleepCycleTimeCount = 9.0; SleepCycleTimeMax = 5.005288124084473; SleepCycleTimeMin = 5.001071929931641; SleepCycleTimeStd = 0.001363249923384919; SleepCycleTimeSum = 45.04230642318726; SubmitCycleTimeAvg = 0.01157758235931397; SubmitCycleTimeCount = 10.0; SubmitCycleTimeMax = 0.04872894287109375; SubmitCycleTimeMin = 1.9073486328125E-06; SubmitCycleTimeStd = 0.01915670887476852; SubmitCycleTimeSum = 0.1157758235931396; ]
01/12/25 13:39:25 Currently monitoring 1 HTCondor log file(s)
01/12/25 13:39:25 Event: ULOG_JOB_TERMINATED for HTCondor Node EDAJob (130.0.0) {01/12/25 13:39:21}
01/12/25 13:39:25 Number of idle job procs: 0
01/12/25 13:39:25 Node EDAJob job proc (130.0.0) completed successfully.
01/12/25 13:39:25 Node EDAJob job completed
01/12/25 13:39:25 DAG status: 2 (DAG_STATUS_NODE_FAILED)
01/12/25 13:39:25 Of 4 nodes total:
01/12/25 13:39:25  Done     Pre   Queued    Post   Ready   Un-Ready   Failed   Futile
01/12/25 13:39:26   ===     ===      ===     ===     ===        ===      ===      ===
01/12/25 13:39:26     3       0        0       0       0          0        1        0
01/12/25 13:39:26 0 job proc(s) currently held
01/12/25 13:39:26 DAGMan Runtime Statistics: [EventCycleTimeAvg = 0.01586800151401096; EventCycleTimeCount = 27.0; EventCycleTimeMax = 0.07949495315551758; EventCycleTimeMin = 1.692771911621094E-05; EventCycleTimeStd = 0.02688477728927553; EventCycleTimeSum = 0.4284360408782959; LogProcessCycleTimeAvg = 0.02709798018137614; LogProcessCycleTimeCount = 6.0; LogProcessCycleTimeMax = 0.03812813758850098; LogProcessCycleTimeMin = 0.01953005790710449; LogProcessCycleTimeStd = 0.007231650702810861; LogProcessCycleTimeSum = 0.1625878810882568; SleepCycleTimeAvg = 5.005089662693165; SleepCycleTimeCount = 27.0; SleepCycleTimeMax = 5.008039951324463; SleepCycleTimeMin = 5.001071929931641; SleepCycleTimeStd = 0.001211666506317518; SleepCycleTimeSum = 135.1374208927155; SubmitCycleTimeAvg = 0.00413686888558524; SubmitCycleTimeCount = 28.0; SubmitCycleTimeMax = 0.04872894287109375; SubmitCycleTimeMin = 1.9073486328125E-06; SubmitCycleTimeStd = 0.01241867860732437; SubmitCycleTimeSum = 0.1158323287963867; ]
01/12/25 13:39:26 ERROR: the following job(s) failed:
01/12/25 13:39:26 ---------------------- Node ----------------------
01/12/25 13:39:26       Node Name: SplitJob
01/12/25 13:39:26            Noop: false
01/12/25 13:39:26          NodeID: 3
01/12/25 13:39:26     Node Status: STATUS_ERROR    
01/12/25 13:39:26 Node return val: 1
01/12/25 13:39:26           Error: Job proc (131.0.0) failed with status 1
01/12/25 13:39:26 Job Submit File: split.sub
01/12/25 13:39:26  HTCondor Job ID: (131.0.0)
01/12/25 13:39:26 PARENTS: PreprocessJob WAITING: 0 CHILDREN: 
01/12/25 13:39:26 ---------------------------------------	<END>
01/12/25 13:39:26 Aborting DAG...
01/12/25 13:39:26 Writing Rescue DAG to dagman.dag.rescue001...
01/12/25 13:39:26 Removing submitted jobs...
01/12/25 13:39:26 Removing any/all submitted HTCondor jobs...
01/12/25 13:39:26 Running: /usr/bin/condor_rm -const DAGManJobId==127 -reason DAG' 'Abort:' 'DAG' 'is' 'exiting' 'and' 'writing' 'rescue' 'file.
01/12/25 13:39:26 Note: 0 total node deferrals because of -MaxJobs limit (0)
01/12/25 13:39:26 Note: 0 total node deferrals because of -MaxIdle limit (1000)
01/12/25 13:39:26 Note: 0 total node deferrals because of node category throttles
01/12/25 13:39:26 Note: 0 total PRE script deferrals because of -MaxPre limit (20) or DEFER
01/12/25 13:39:26 Note: 0 total POST script deferrals because of -MaxPost limit (20) or DEFER
01/12/25 13:39:26 Note: 0 total HOLD script deferrals because of -MaxHold limit (20) or DEFER
01/12/25 13:39:26 DAG status: 2 (DAG_STATUS_NODE_FAILED)
01/12/25 13:39:26 Of 4 nodes total:
01/12/25 13:39:26  Done     Pre   Queued    Post   Ready   Un-Ready   Failed   Futile
01/12/25 13:39:26   ===     ===      ===     ===     ===        ===      ===      ===
01/12/25 13:39:26     3       0        0       0       0          0        1        0
01/12/25 13:39:26 0 job proc(s) currently held
01/12/25 13:39:26 DAGMan Runtime Statistics: [EventCycleTimeAvg = 0.01586800151401096; EventCycleTimeCount = 27.0; EventCycleTimeMax = 0.07949495315551758; EventCycleTimeMin = 1.692771911621094E-05; EventCycleTimeStd = 0.02688477728927553; EventCycleTimeSum = 0.4284360408782959; LogProcessCycleTimeAvg = 0.02709798018137614; LogProcessCycleTimeCount = 6.0; LogProcessCycleTimeMax = 0.03812813758850098; LogProcessCycleTimeMin = 0.01953005790710449; LogProcessCycleTimeStd = 0.007231650702810861; LogProcessCycleTimeSum = 0.1625878810882568; SleepCycleTimeAvg = 5.005089662693165; SleepCycleTimeCount = 27.0; SleepCycleTimeMax = 5.008039951324463; SleepCycleTimeMin = 5.001071929931641; SleepCycleTimeStd = 0.001211666506317518; SleepCycleTimeSum = 135.1374208927155; SubmitCycleTimeAvg = 0.00413686888558524; SubmitCycleTimeCount = 28.0; SubmitCycleTimeMax = 0.04872894287109375; SubmitCycleTimeMin = 1.9073486328125E-06; SubmitCycleTimeStd = 0.01241867860732437; SubmitCycleTimeSum = 0.1158323287963867; ]
01/12/25 13:39:26 Wrote metrics file dagman.dag.metrics.
01/12/25 13:39:26 DAGMan Runtime Statistics: [EventCycleTimeAvg = 0.01586800151401096; EventCycleTimeCount = 27.0; EventCycleTimeMax = 0.07949495315551758; EventCycleTimeMin = 1.692771911621094E-05; EventCycleTimeStd = 0.02688477728927553; EventCycleTimeSum = 0.4284360408782959; LogProcessCycleTimeAvg = 0.02709798018137614; LogProcessCycleTimeCount = 6.0; LogProcessCycleTimeMax = 0.03812813758850098; LogProcessCycleTimeMin = 0.01953005790710449; LogProcessCycleTimeStd = 0.007231650702810861; LogProcessCycleTimeSum = 0.1625878810882568; SleepCycleTimeAvg = 5.005089662693165; SleepCycleTimeCount = 27.0; SleepCycleTimeMax = 5.008039951324463; SleepCycleTimeMin = 5.001071929931641; SleepCycleTimeStd = 0.001211666506317518; SleepCycleTimeSum = 135.1374208927155; SubmitCycleTimeAvg = 0.00413686888558524; SubmitCycleTimeCount = 28.0; SubmitCycleTimeMax = 0.04872894287109375; SubmitCycleTimeMin = 1.9073486328125E-06; SubmitCycleTimeStd = 0.01241867860732437; SubmitCycleTimeSum = 0.1158323287963867; ]
01/12/25 13:39:26 **** condor_scheduniv_exec.127.0 (condor_DAGMAN) pid 1495 EXITING WITH STATUS 1
01/12/25 13:48:49 ******************************************************
01/12/25 13:48:49 ** condor_scheduniv_exec.132.0 (CONDOR_DAGMAN) STARTING UP
01/12/25 13:48:49 ** /usr/bin/condor_dagman
01/12/25 13:48:49 ** SubsystemInfo: name=DAGMAN type=DAGMAN(9) class=CLIENT(2)
01/12/25 13:48:49 ** Configuration: subsystem:DAGMAN local:<NONE> class:CLIENT
01/12/25 13:48:49 ** $CondorVersion: 23.10.19 2025-01-03 BuildID: 777890 PackageID: 23.10.19-1+ubu24 GitSHA: 91176a00 $
01/12/25 13:48:49 ** $CondorPlatform: X86_64-Ubuntu_24.04 $
01/12/25 13:48:49 ** PID = 1556 RealUID = 1000
01/12/25 13:48:49 ** Log last touched 1/12 13:39:26
01/12/25 13:48:49 ******************************************************
01/12/25 13:48:49 Using config source: /etc/condor/condor_config
01/12/25 13:48:49 Using local config sources: 
01/12/25 13:48:49    /etc/condor/config.d/00-security
01/12/25 13:48:49    /etc/condor/config.d/01-submit.config
01/12/25 13:48:49    /etc/condor/config.d/10-stash-plugin.conf
01/12/25 13:48:49    /etc/condor/condor_config.local
01/12/25 13:48:49 config Macros = 75, Sorted = 75, StringBytes = 2326, TablesBytes = 2764
01/12/25 13:48:49 CLASSAD_CACHING is ENABLED
01/12/25 13:48:49 Daemon Log is logging: D_ALWAYS D_ERROR D_STATUS
01/12/25 13:48:49 DaemonCore: No command port requested.
01/12/25 13:48:49 DAGMAN_USE_STRICT setting: 1
01/12/25 13:48:49 DAGMAN_VERBOSITY setting: 3
01/12/25 13:48:49 DAGMAN_DEBUG_CACHE_SIZE setting: 5242880
01/12/25 13:48:49 DAGMAN_DEBUG_CACHE_ENABLE setting: False
01/12/25 13:48:49 DAGMAN_SUBMIT_DELAY setting: 0
01/12/25 13:48:49 DAGMAN_MAX_SUBMIT_ATTEMPTS setting: 6
01/12/25 13:48:49 DAGMAN_STARTUP_CYCLE_DETECT setting: False
01/12/25 13:48:49 DAGMAN_MAX_SUBMITS_PER_INTERVAL setting: 100
01/12/25 13:48:49 DAGMAN_AGGRESSIVE_SUBMIT setting: False
01/12/25 13:48:49 DAGMAN_USER_LOG_SCAN_INTERVAL setting: 5
01/12/25 13:48:49 DAGMAN_QUEUE_UPDATE_INTERVAL setting: 300
01/12/25 13:48:49 DAGMAN_DEFAULT_PRIORITY setting: 0
01/12/25 13:48:49 DAGMAN_SUPPRESS_NOTIFICATION setting: False
01/12/25 13:48:49 allow_events (DAGMAN_ALLOW_EVENTS) setting: 114
01/12/25 13:48:49 DAGMAN_RETRY_SUBMIT_FIRST setting: True
01/12/25 13:48:49 DAGMAN_RETRY_NODE_FIRST setting: False
01/12/25 13:48:49 DAGMAN_MAX_JOBS_IDLE setting: 1000
01/12/25 13:48:49 DAGMAN_MAX_JOBS_SUBMITTED setting: 0
01/12/25 13:48:49 DAGMAN_MAX_PRE_SCRIPTS setting: 20
01/12/25 13:48:49 DAGMAN_MAX_POST_SCRIPTS setting: 20
01/12/25 13:48:49 DAGMAN_MAX_HOLD_SCRIPTS setting: 20
01/12/25 13:48:49 DAGMAN_MUNGE_NODE_NAMES setting: True
01/12/25 13:48:49 DAGMAN_PROHIBIT_MULTI_JOBS setting: False
01/12/25 13:48:49 DAGMAN_SUBMIT_DEPTH_FIRST setting: False
01/12/25 13:48:49 DAGMAN_ALWAYS_RUN_POST setting: False
01/12/25 13:48:49 DAGMAN_CONDOR_SUBMIT_EXE setting: /usr/bin/condor_submit
01/12/25 13:48:49 DAGMAN_CONDOR_RM_EXE setting: /usr/bin/condor_rm
01/12/25 13:48:49 DAGMAN_USE_DIRECT_SUBMIT setting: True
01/12/25 13:48:49 DAGMAN_PRODUCE_JOB_CREDENTIALS setting: True
01/12/25 13:48:49 DAGMAN_DEFAULT_APPEND_VARS setting: False
01/12/25 13:48:49 DAGMAN_INHERIT_ATTRS_PREFIX setting: 
01/12/25 13:48:49 DAGMAN_INHERIT_ATTRS setting: 
01/12/25 13:48:49 DAGMAN_ABORT_DUPLICATES setting: True
01/12/25 13:48:49 DAGMAN_ABORT_ON_SCARY_SUBMIT setting: True
01/12/25 13:48:49 DAGMAN_PENDING_REPORT_INTERVAL setting: 600
01/12/25 13:48:49 DAGMAN_CHECK_QUEUE_INTERVAL setting: 28800
01/12/25 13:48:49 DAGMAN_AUTO_RESCUE setting: True
01/12/25 13:48:49 DAGMAN_MAX_RESCUE_NUM setting: 100
01/12/25 13:48:49 DAGMAN_WRITE_PARTIAL_RESCUE setting: True
01/12/25 13:48:49 DAGMAN_DEFAULT_NODE_LOG setting: @(DAG_DIR)/@(DAG_FILE).nodes.log
01/12/25 13:48:49 DAGMAN_GENERATE_SUBDAG_SUBMITS setting: True
01/12/25 13:48:49 DAGMAN_MAX_JOB_HOLDS setting: 100
01/12/25 13:48:49 DAGMAN_HOLD_CLAIM_TIME setting: 20
01/12/25 13:48:49 DAGMAN_SUPPRESS_JOB_LOGS setting: False
01/12/25 13:48:49 DAGMAN_REMOVE_NODE_JOBS setting: True
01/12/25 13:48:49 DAGMAN_REMOVE_JOBS_AFTER_LIMIT_CHANGE setting: False
01/12/25 13:48:49 DAGMAN will adjust edges after parsing
01/12/25 13:48:49 argv[0] == "condor_scheduniv_exec.132.0"
01/12/25 13:48:49 argv[1] == "-Lockfile"
01/12/25 13:48:49 argv[2] == "dagman.dag.lock"
01/12/25 13:48:49 argv[3] == "-Dag"
01/12/25 13:48:49 argv[4] == "dagman.dag"
01/12/25 13:48:49 argv[5] == "-MaxIdle"
01/12/25 13:48:49 argv[6] == "1000"
01/12/25 13:48:49 argv[7] == "-CsdVersion"
01/12/25 13:48:49 argv[8] == "$CondorVersion: 23.10.19 2025-01-03 BuildID: 777890 PackageID: 23.10.19-1+ubu24 GitSHA: 91176a00 $"
01/12/25 13:48:49 argv[9] == "-dagman"
01/12/25 13:48:49 argv[10] == "/usr/bin/condor_dagman"
01/12/25 13:48:49 argv[11] == "-AutoRescue"
01/12/25 13:48:49 argv[12] == "1"
01/12/25 13:48:49 argv[13] == "-DoRescueFrom"
01/12/25 13:48:49 argv[14] == "0"
01/12/25 13:48:49 argv[15] == "-force"
01/12/25 13:48:49 Can't open directory "/etc/condor/passwords.d" as PRIV_ROOT, errno: 13 (Permission denied)
01/12/25 13:48:49 Can't open directory "/etc/condor/passwords.d" as PRIV_ROOT, errno: 13 (Permission denied)
01/12/25 13:48:49 Workflow batch-id: <132.0>
01/12/25 13:48:49 Workflow batch-name: <dagman.dag+132>
01/12/25 13:48:49 Workflow accounting_group: <>
01/12/25 13:48:49 Workflow accounting_group_user: <>
01/12/25 13:48:49 Warning: failed to get attribute DAGNodeName
01/12/25 13:48:49 DAGMAN_LOG_ON_NFS_IS_ERROR setting: False
01/12/25 13:48:49 Default node log file is: </home/ubuntu/wqd7008_group_project/./dagman.dag.nodes.log>
01/12/25 13:48:49 DAG Lockfile will be written to dagman.dag.lock
01/12/25 13:48:49 DAG Input file is dagman.dag
01/12/25 13:48:49 Parsing 1 dagfiles
01/12/25 13:48:49 Parsing dagman.dag ...
01/12/25 13:48:49 Adjusting edges
01/12/25 13:48:49 Dag contains 4 total nodes
01/12/25 13:48:49 Bootstrapping...
01/12/25 13:48:49 Number of pre-completed nodes: 0
01/12/25 13:48:49 MultiLogFiles: truncating log file /home/ubuntu/wqd7008_group_project/./dagman.dag.nodes.log
01/12/25 13:48:49 DAG status: 0 (DAG_STATUS_OK)
01/12/25 13:48:49 Of 4 nodes total:
01/12/25 13:48:49  Done     Pre   Queued    Post   Ready   Un-Ready   Failed   Futile
01/12/25 13:48:49   ===     ===      ===     ===     ===        ===      ===      ===
01/12/25 13:48:49     0       0        0       0       1          3        0        0
01/12/25 13:48:49 0 job proc(s) currently held
01/12/25 13:48:49 DAGMan Runtime Statistics: [EventCycleTimeCount = 0.0; EventCycleTimeSum = 0.0; LogProcessCycleTimeCount = 0.0; LogProcessCycleTimeSum = 0.0; SleepCycleTimeCount = 0.0; SleepCycleTimeSum = 0.0; SubmitCycleTimeCount = 0.0; SubmitCycleTimeSum = 0.0; ]
01/12/25 13:48:49 Registering condor_event_timer...
01/12/25 13:48:50 Submitting HTCondor Node ImportJob job(s)...
01/12/25 13:48:50 Submitting node ImportJob from file import.sub using direct job submission
01/12/25 13:48:50 	assigned HTCondor ID (133.0.0)
01/12/25 13:48:50 Just submitted 1 job this cycle...
01/12/25 13:48:50 DAG status: 0 (DAG_STATUS_OK)
01/12/25 13:48:50 Of 4 nodes total:
01/12/25 13:48:50  Done     Pre   Queued    Post   Ready   Un-Ready   Failed   Futile
01/12/25 13:48:50   ===     ===      ===     ===     ===        ===      ===      ===
01/12/25 13:48:50     0       0        1       0       0          3        0        0
01/12/25 13:48:50 0 job proc(s) currently held
01/12/25 13:48:50 DAGMan Runtime Statistics: [EventCycleTimeCount = 0.0; EventCycleTimeSum = 0.0; LogProcessCycleTimeCount = 0.0; LogProcessCycleTimeSum = 0.0; SleepCycleTimeCount = 0.0; SleepCycleTimeSum = 0.0; SubmitCycleTimeAvg = 0.03594803810119629; SubmitCycleTimeCount = 1.0; SubmitCycleTimeMax = 0.03594803810119629; SubmitCycleTimeMin = 0.03594803810119629; SubmitCycleTimeStd = 0.03594803810119629; SubmitCycleTimeSum = 0.03594803810119629; ]
01/12/25 13:48:55 Currently monitoring 1 HTCondor log file(s)
01/12/25 13:48:55 Reassigning the id of job ImportJob from (133.0.0) to (133.0.0)
01/12/25 13:48:55 Event: ULOG_SUBMIT for HTCondor Node ImportJob (133.0.0) {01/12/25 13:48:50}
01/12/25 13:48:55 Number of idle job procs: 1
01/12/25 13:49:15 Currently monitoring 1 HTCondor log file(s)
01/12/25 13:49:15 Event: ULOG_EXECUTE for HTCondor Node ImportJob (133.0.0) {01/12/25 13:49:11}
01/12/25 13:49:15 Number of idle job procs: 0
01/12/25 13:49:15 Event: ULOG_JOB_TERMINATED for HTCondor Node ImportJob (133.0.0) {01/12/25 13:49:11}
01/12/25 13:49:15 Number of idle job procs: 0
01/12/25 13:49:15 Node ImportJob job proc (133.0.0) completed successfully.
01/12/25 13:49:15 Node ImportJob job completed
01/12/25 13:49:15 DAG status: 0 (DAG_STATUS_OK)
01/12/25 13:49:15 Of 4 nodes total:
01/12/25 13:49:15  Done     Pre   Queued    Post   Ready   Un-Ready   Failed   Futile
01/12/25 13:49:15   ===     ===      ===     ===     ===        ===      ===      ===
01/12/25 13:49:15     1       0        0       0       1          2        0        0
01/12/25 13:49:15 0 job proc(s) currently held
01/12/25 13:49:15 DAGMan Runtime Statistics: [EventCycleTimeAvg = 0.01913619041442871; EventCycleTimeCount = 5.0; EventCycleTimeMax = 0.07778286933898926; EventCycleTimeMin = 2.908706665039062E-05; EventCycleTimeStd = 0.03367416789160359; EventCycleTimeSum = 0.09568095207214355; LogProcessCycleTimeAvg = 0.0208590030670166; LogProcessCycleTimeCount = 2.0; LogProcessCycleTimeMax = 0.0239560604095459; LogProcessCycleTimeMin = 0.0177619457244873; LogProcessCycleTimeStd = 0.004379900497252107; LogProcessCycleTimeSum = 0.0417180061340332; SleepCycleTimeAvg = 5.00554461479187; SleepCycleTimeCount = 5.0; SleepCycleTimeMax = 5.00700306892395; SleepCycleTimeMin = 5.005089998245239; SleepCycleTimeStd = 0.0008222221071677544; SleepCycleTimeSum = 25.02772307395935; SubmitCycleTimeAvg = 0.005994359652201335; SubmitCycleTimeCount = 6.0; SubmitCycleTimeMax = 0.03594803810119629; SubmitCycleTimeMin = 2.86102294921875E-06; SubmitCycleTimeStd = 0.01467424564589027; SubmitCycleTimeSum = 0.03596615791320801; ]
01/12/25 13:49:20 Submitting HTCondor Node PreprocessJob job(s)...
01/12/25 13:49:20 Submitting node PreprocessJob from file preprocess.sub using direct job submission
01/12/25 13:49:21 	assigned HTCondor ID (134.0.0)
01/12/25 13:49:21 Just submitted 1 job this cycle...
01/12/25 13:49:21 DAG status: 0 (DAG_STATUS_OK)
01/12/25 13:49:21 Of 4 nodes total:
01/12/25 13:49:21  Done     Pre   Queued    Post   Ready   Un-Ready   Failed   Futile
01/12/25 13:49:21   ===     ===      ===     ===     ===        ===      ===      ===
01/12/25 13:49:21     1       0        1       0       0          2        0        0
01/12/25 13:49:21 0 job proc(s) currently held
01/12/25 13:49:21 DAGMan Runtime Statistics: [EventCycleTimeAvg = 0.02337781588236491; EventCycleTimeCount = 6.0; EventCycleTimeMax = 0.07778286933898926; EventCycleTimeMin = 2.908706665039062E-05; EventCycleTimeStd = 0.03186075934774617; EventCycleTimeSum = 0.1402668952941895; LogProcessCycleTimeAvg = 0.0208590030670166; LogProcessCycleTimeCount = 2.0; LogProcessCycleTimeMax = 0.0239560604095459; LogProcessCycleTimeMin = 0.0177619457244873; LogProcessCycleTimeStd = 0.004379900497252107; LogProcessCycleTimeSum = 0.0417180061340332; SleepCycleTimeAvg = 5.005131363868713; SleepCycleTimeCount = 6.0; SleepCycleTimeMax = 5.00700306892395; SleepCycleTimeMin = 5.00306510925293; SleepCycleTimeStd = 0.001251198348912001; SleepCycleTimeSum = 30.03078818321228; SubmitCycleTimeAvg = 0.009198427200317383; SubmitCycleTimeCount = 7.0; SubmitCycleTimeMax = 0.03594803810119629; SubmitCycleTimeMin = 2.86102294921875E-06; SubmitCycleTimeStd = 0.0158526626480698; SubmitCycleTimeSum = 0.06438899040222168; ]
01/12/25 13:49:26 Currently monitoring 1 HTCondor log file(s)
01/12/25 13:49:26 Reassigning the id of job PreprocessJob from (134.0.0) to (134.0.0)
01/12/25 13:49:26 Event: ULOG_SUBMIT for HTCondor Node PreprocessJob (134.0.0) {01/12/25 13:49:21}
01/12/25 13:49:26 Number of idle job procs: 1
01/12/25 13:49:26 Event: ULOG_EXECUTE for HTCondor Node PreprocessJob (134.0.0) {01/12/25 13:49:22}
01/12/25 13:49:26 Number of idle job procs: 0
01/12/25 13:49:26 Event: ULOG_JOB_TERMINATED for HTCondor Node PreprocessJob (134.0.0) {01/12/25 13:49:25}
01/12/25 13:49:26 Number of idle job procs: 0
01/12/25 13:49:26 Node PreprocessJob job proc (134.0.0) completed successfully.
01/12/25 13:49:26 Node PreprocessJob job completed
01/12/25 13:49:26 DAG status: 0 (DAG_STATUS_OK)
01/12/25 13:49:26 Of 4 nodes total:
01/12/25 13:49:26  Done     Pre   Queued    Post   Ready   Un-Ready   Failed   Futile
01/12/25 13:49:26   ===     ===      ===     ===     ===        ===      ===      ===
01/12/25 13:49:26     2       0        0       0       2          0        0        0
01/12/25 13:49:26 0 job proc(s) currently held
01/12/25 13:49:26 DAGMan Runtime Statistics: [EventCycleTimeAvg = 0.02793768474033901; EventCycleTimeCount = 7.0; EventCycleTimeMax = 0.07778286933898926; EventCycleTimeMin = 2.908706665039062E-05; EventCycleTimeStd = 0.03148761899317386; EventCycleTimeSum = 0.195563793182373; LogProcessCycleTimeAvg = 0.02593406041463216; LogProcessCycleTimeCount = 3.0; LogProcessCycleTimeMax = 0.03608417510986328; LogProcessCycleTimeMin = 0.0177619457244873; LogProcessCycleTimeStd = 0.009319891921458897; LogProcessCycleTimeSum = 0.07780218124389648; SleepCycleTimeAvg = 5.00512787273952; SleepCycleTimeCount = 7.0; SleepCycleTimeMax = 5.00700306892395; SleepCycleTimeMin = 5.00306510925293; SleepCycleTimeStd = 0.001142219945003839; SleepCycleTimeSum = 35.03589510917664; SubmitCycleTimeAvg = 0.008048981428146362; SubmitCycleTimeCount = 8.0; SubmitCycleTimeMax = 0.03594803810119629; SubmitCycleTimeMin = 2.86102294921875E-06; SubmitCycleTimeStd = 0.01503248915258503; SubmitCycleTimeSum = 0.0643918514251709; ]
01/12/25 13:49:31 Submitting HTCondor Node EDAJob job(s)...
01/12/25 13:49:31 Submitting node EDAJob from file eda.sub using direct job submission
01/12/25 13:49:31 	assigned HTCondor ID (135.0.0)
01/12/25 13:49:31 Submitting HTCondor Node SplitJob job(s)...
01/12/25 13:49:31 Submitting node SplitJob from file split.sub using direct job submission
01/12/25 13:49:31 	assigned HTCondor ID (136.0.0)
01/12/25 13:49:31 Just submitted 2 jobs this cycle...
01/12/25 13:49:31 DAG status: 0 (DAG_STATUS_OK)
01/12/25 13:49:31 Of 4 nodes total:
01/12/25 13:49:31  Done     Pre   Queued    Post   Ready   Un-Ready   Failed   Futile
01/12/25 13:49:31   ===     ===      ===     ===     ===        ===      ===      ===
01/12/25 13:49:31     2       0        2       0       0          0        0        0
01/12/25 13:49:31 0 job proc(s) currently held
01/12/25 13:49:31 DAGMan Runtime Statistics: [EventCycleTimeAvg = 0.0328858494758606; EventCycleTimeCount = 8.0; EventCycleTimeMax = 0.07778286933898926; EventCycleTimeMin = 2.908706665039062E-05; EventCycleTimeStd = 0.03233738132596884; EventCycleTimeSum = 0.2630867958068848; LogProcessCycleTimeAvg = 0.02593406041463216; LogProcessCycleTimeCount = 3.0; LogProcessCycleTimeMax = 0.03608417510986328; LogProcessCycleTimeMin = 0.0177619457244873; LogProcessCycleTimeStd = 0.009319891921458897; LogProcessCycleTimeSum = 0.07780218124389648; SleepCycleTimeAvg = 5.005122154951096; SleepCycleTimeCount = 8.0; SleepCycleTimeMax = 5.00700306892395; SleepCycleTimeMin = 5.00306510925293; SleepCycleTimeStd = 0.001057613841075669; SleepCycleTimeSum = 40.04097723960876; SubmitCycleTimeAvg = 0.01520631048414442; SubmitCycleTimeCount = 9.0; SubmitCycleTimeMax = 0.07246494293212891; SubmitCycleTimeMin = 2.86102294921875E-06; SubmitCycleTimeStd = 0.02566661249171324; SubmitCycleTimeSum = 0.1368567943572998; ]
01/12/25 13:49:36 Currently monitoring 1 HTCondor log file(s)
01/12/25 13:49:36 Reassigning the id of job EDAJob from (135.0.0) to (135.0.0)
01/12/25 13:49:36 Event: ULOG_SUBMIT for HTCondor Node EDAJob (135.0.0) {01/12/25 13:49:31}
01/12/25 13:49:36 Number of idle job procs: 1
01/12/25 13:49:36 Reassigning the id of job SplitJob from (136.0.0) to (136.0.0)
01/12/25 13:49:36 Event: ULOG_SUBMIT for HTCondor Node SplitJob (136.0.0) {01/12/25 13:49:31}
01/12/25 13:49:36 Number of idle job procs: 2
01/12/25 13:49:36 Event: ULOG_EXECUTE for HTCondor Node EDAJob (135.0.0) {01/12/25 13:49:32}
01/12/25 13:49:36 Number of idle job procs: 1
01/12/25 13:49:51 Currently monitoring 1 HTCondor log file(s)
01/12/25 13:49:51 Event: ULOG_EXECUTE for HTCondor Node SplitJob (136.0.0) {01/12/25 13:49:50}
01/12/25 13:49:51 Number of idle job procs: 0
01/12/25 13:49:56 Currently monitoring 1 HTCondor log file(s)
01/12/25 13:49:56 Event: ULOG_JOB_TERMINATED for HTCondor Node SplitJob (136.0.0) {01/12/25 13:49:51}
01/12/25 13:49:56 Number of idle job procs: 0
01/12/25 13:49:56 Node SplitJob job proc (136.0.0) failed with status 1.
01/12/25 13:49:56 DAG status: 2 (DAG_STATUS_NODE_FAILED)
01/12/25 13:49:56 Of 4 nodes total:
01/12/25 13:49:56  Done     Pre   Queued    Post   Ready   Un-Ready   Failed   Futile
01/12/25 13:49:56   ===     ===      ===     ===     ===        ===      ===      ===
01/12/25 13:49:56     2       0        1       0       0          0        1        0
01/12/25 13:49:56 0 job proc(s) currently held
01/12/25 13:49:56 DAGMan Runtime Statistics: [EventCycleTimeAvg = 0.03391748208266038; EventCycleTimeCount = 13.0; EventCycleTimeMax = 0.1156599521636963; EventCycleTimeMin = 2.789497375488281E-05; EventCycleTimeStd = 0.03740615538117861; EventCycleTimeSum = 0.440927267074585; LogProcessCycleTimeAvg = 0.02661482493082682; LogProcessCycleTimeCount = 6.0; LogProcessCycleTimeMax = 0.04631495475769043; LogProcessCycleTimeMin = 0.01575088500976562; LogProcessCycleTimeStd = 0.0120614130627486; LogProcessCycleTimeSum = 0.1596889495849609; SleepCycleTimeAvg = 5.005601901274461; SleepCycleTimeCount = 13.0; SleepCycleTimeMax = 5.011096000671387; SleepCycleTimeMin = 5.00306510925293; SleepCycleTimeStd = 0.001839284779713794; SleepCycleTimeSum = 65.07282471656799; SubmitCycleTimeAvg = 0.009776575224740165; SubmitCycleTimeCount = 14.0; SubmitCycleTimeMax = 0.07246494293212891; SubmitCycleTimeMin = 2.86102294921875E-06; SubmitCycleTimeStd = 0.02150697025496175; SubmitCycleTimeSum = 0.1368720531463623; ]
01/12/25 13:51:11 Currently monitoring 1 HTCondor log file(s)
01/12/25 13:51:11 Event: ULOG_JOB_TERMINATED for HTCondor Node EDAJob (135.0.0) {01/12/25 13:51:06}
01/12/25 13:51:11 Number of idle job procs: 0
01/12/25 13:51:11 Node EDAJob job proc (135.0.0) completed successfully.
01/12/25 13:51:11 Node EDAJob job completed
01/12/25 13:51:11 DAG status: 2 (DAG_STATUS_NODE_FAILED)
01/12/25 13:51:11 Of 4 nodes total:
01/12/25 13:51:11  Done     Pre   Queued    Post   Ready   Un-Ready   Failed   Futile
01/12/25 13:51:11   ===     ===      ===     ===     ===        ===      ===      ===
01/12/25 13:51:11     3       0        0       0       0          0        1        0
01/12/25 13:51:11 0 job proc(s) currently held
01/12/25 13:51:11 DAGMan Runtime Statistics: [EventCycleTimeAvg = 0.01775072302137102; EventCycleTimeCount = 28.0; EventCycleTimeMax = 0.1156599521636963; EventCycleTimeMin = 2.193450927734375E-05; EventCycleTimeStd = 0.03093207918676468; EventCycleTimeSum = 0.4970202445983887; LogProcessCycleTimeAvg = 0.02642570223127092; LogProcessCycleTimeCount = 7.0; LogProcessCycleTimeMax = 0.04631495475769043; LogProcessCycleTimeMin = 0.01575088500976562; LogProcessCycleTimeStd = 0.01102187715380703; LogProcessCycleTimeSum = 0.1849799156188965; SleepCycleTimeAvg = 5.005481847694942; SleepCycleTimeCount = 28.0; SleepCycleTimeMax = 5.011096000671387; SleepCycleTimeMin = 5.00306510925293; SleepCycleTimeStd = 0.001433700712208635; SleepCycleTimeSum = 140.1534917354584; SubmitCycleTimeAvg = 0.00472131268731479; SubmitCycleTimeCount = 29.0; SubmitCycleTimeMax = 0.07246494293212891; SubmitCycleTimeMin = 1.9073486328125E-06; SubmitCycleTimeStd = 0.01547446521212184; SubmitCycleTimeSum = 0.1369180679321289; ]
01/12/25 13:51:11 ERROR: the following job(s) failed:
01/12/25 13:51:11 ---------------------- Node ----------------------
01/12/25 13:51:11       Node Name: SplitJob
01/12/25 13:51:11            Noop: false
01/12/25 13:51:11          NodeID: 3
01/12/25 13:51:11     Node Status: STATUS_ERROR    
01/12/25 13:51:11 Node return val: 1
01/12/25 13:51:11           Error: Job proc (136.0.0) failed with status 1
01/12/25 13:51:11 Job Submit File: split.sub
01/12/25 13:51:11  HTCondor Job ID: (136.0.0)
01/12/25 13:51:11 PARENTS: PreprocessJob WAITING: 0 CHILDREN: 
01/12/25 13:51:11 ---------------------------------------	<END>
01/12/25 13:51:11 Aborting DAG...
01/12/25 13:51:11 Writing Rescue DAG to dagman.dag.rescue001...
01/12/25 13:51:11 Removing submitted jobs...
01/12/25 13:51:11 Removing any/all submitted HTCondor jobs...
01/12/25 13:51:11 Running: /usr/bin/condor_rm -const DAGManJobId==132 -reason DAG' 'Abort:' 'DAG' 'is' 'exiting' 'and' 'writing' 'rescue' 'file.
01/12/25 13:51:11 Note: 0 total node deferrals because of -MaxJobs limit (0)
01/12/25 13:51:11 Note: 0 total node deferrals because of -MaxIdle limit (1000)
01/12/25 13:51:11 Note: 0 total node deferrals because of node category throttles
01/12/25 13:51:11 Note: 0 total PRE script deferrals because of -MaxPre limit (20) or DEFER
01/12/25 13:51:11 Note: 0 total POST script deferrals because of -MaxPost limit (20) or DEFER
01/12/25 13:51:11 Note: 0 total HOLD script deferrals because of -MaxHold limit (20) or DEFER
01/12/25 13:51:11 DAG status: 2 (DAG_STATUS_NODE_FAILED)
01/12/25 13:51:11 Of 4 nodes total:
01/12/25 13:51:11  Done     Pre   Queued    Post   Ready   Un-Ready   Failed   Futile
01/12/25 13:51:11   ===     ===      ===     ===     ===        ===      ===      ===
01/12/25 13:51:11     3       0        0       0       0          0        1        0
01/12/25 13:51:11 0 job proc(s) currently held
01/12/25 13:51:11 DAGMan Runtime Statistics: [EventCycleTimeAvg = 0.01775072302137102; EventCycleTimeCount = 28.0; EventCycleTimeMax = 0.1156599521636963; EventCycleTimeMin = 2.193450927734375E-05; EventCycleTimeStd = 0.03093207918676468; EventCycleTimeSum = 0.4970202445983887; LogProcessCycleTimeAvg = 0.02642570223127092; LogProcessCycleTimeCount = 7.0; LogProcessCycleTimeMax = 0.04631495475769043; LogProcessCycleTimeMin = 0.01575088500976562; LogProcessCycleTimeStd = 0.01102187715380703; LogProcessCycleTimeSum = 0.1849799156188965; SleepCycleTimeAvg = 5.005481847694942; SleepCycleTimeCount = 28.0; SleepCycleTimeMax = 5.011096000671387; SleepCycleTimeMin = 5.00306510925293; SleepCycleTimeStd = 0.001433700712208635; SleepCycleTimeSum = 140.1534917354584; SubmitCycleTimeAvg = 0.00472131268731479; SubmitCycleTimeCount = 29.0; SubmitCycleTimeMax = 0.07246494293212891; SubmitCycleTimeMin = 1.9073486328125E-06; SubmitCycleTimeStd = 0.01547446521212184; SubmitCycleTimeSum = 0.1369180679321289; ]
01/12/25 13:51:11 Wrote metrics file dagman.dag.metrics.
01/12/25 13:51:11 DAGMan Runtime Statistics: [EventCycleTimeAvg = 0.01775072302137102; EventCycleTimeCount = 28.0; EventCycleTimeMax = 0.1156599521636963; EventCycleTimeMin = 2.193450927734375E-05; EventCycleTimeStd = 0.03093207918676468; EventCycleTimeSum = 0.4970202445983887; LogProcessCycleTimeAvg = 0.02642570223127092; LogProcessCycleTimeCount = 7.0; LogProcessCycleTimeMax = 0.04631495475769043; LogProcessCycleTimeMin = 0.01575088500976562; LogProcessCycleTimeStd = 0.01102187715380703; LogProcessCycleTimeSum = 0.1849799156188965; SleepCycleTimeAvg = 5.005481847694942; SleepCycleTimeCount = 28.0; SleepCycleTimeMax = 5.011096000671387; SleepCycleTimeMin = 5.00306510925293; SleepCycleTimeStd = 0.001433700712208635; SleepCycleTimeSum = 140.1534917354584; SubmitCycleTimeAvg = 0.00472131268731479; SubmitCycleTimeCount = 29.0; SubmitCycleTimeMax = 0.07246494293212891; SubmitCycleTimeMin = 1.9073486328125E-06; SubmitCycleTimeStd = 0.01547446521212184; SubmitCycleTimeSum = 0.1369180679321289; ]
01/12/25 13:51:11 **** condor_scheduniv_exec.132.0 (condor_DAGMAN) pid 1556 EXITING WITH STATUS 1
01/12/25 13:53:00 ******************************************************
01/12/25 13:53:00 ** condor_scheduniv_exec.137.0 (CONDOR_DAGMAN) STARTING UP
01/12/25 13:53:00 ** /usr/bin/condor_dagman
01/12/25 13:53:00 ** SubsystemInfo: name=DAGMAN type=DAGMAN(9) class=CLIENT(2)
01/12/25 13:53:00 ** Configuration: subsystem:DAGMAN local:<NONE> class:CLIENT
01/12/25 13:53:00 ** $CondorVersion: 23.10.19 2025-01-03 BuildID: 777890 PackageID: 23.10.19-1+ubu24 GitSHA: 91176a00 $
01/12/25 13:53:00 ** $CondorPlatform: X86_64-Ubuntu_24.04 $
01/12/25 13:53:00 ** PID = 1599 RealUID = 1000
01/12/25 13:53:00 ** Log last touched 1/12 13:51:11
01/12/25 13:53:00 ******************************************************
01/12/25 13:53:00 Using config source: /etc/condor/condor_config
01/12/25 13:53:00 Using local config sources: 
01/12/25 13:53:00    /etc/condor/config.d/00-security
01/12/25 13:53:00    /etc/condor/config.d/01-submit.config
01/12/25 13:53:00    /etc/condor/config.d/10-stash-plugin.conf
01/12/25 13:53:00    /etc/condor/condor_config.local
01/12/25 13:53:00 config Macros = 75, Sorted = 75, StringBytes = 2326, TablesBytes = 2764
01/12/25 13:53:00 CLASSAD_CACHING is ENABLED
01/12/25 13:53:00 Daemon Log is logging: D_ALWAYS D_ERROR D_STATUS
01/12/25 13:53:00 DaemonCore: No command port requested.
01/12/25 13:53:00 DAGMAN_USE_STRICT setting: 1
01/12/25 13:53:00 DAGMAN_VERBOSITY setting: 3
01/12/25 13:53:00 DAGMAN_DEBUG_CACHE_SIZE setting: 5242880
01/12/25 13:53:00 DAGMAN_DEBUG_CACHE_ENABLE setting: False
01/12/25 13:53:00 DAGMAN_SUBMIT_DELAY setting: 0
01/12/25 13:53:00 DAGMAN_MAX_SUBMIT_ATTEMPTS setting: 6
01/12/25 13:53:00 DAGMAN_STARTUP_CYCLE_DETECT setting: False
01/12/25 13:53:00 DAGMAN_MAX_SUBMITS_PER_INTERVAL setting: 100
01/12/25 13:53:00 DAGMAN_AGGRESSIVE_SUBMIT setting: False
01/12/25 13:53:00 DAGMAN_USER_LOG_SCAN_INTERVAL setting: 5
01/12/25 13:53:00 DAGMAN_QUEUE_UPDATE_INTERVAL setting: 300
01/12/25 13:53:00 DAGMAN_DEFAULT_PRIORITY setting: 0
01/12/25 13:53:00 DAGMAN_SUPPRESS_NOTIFICATION setting: False
01/12/25 13:53:00 allow_events (DAGMAN_ALLOW_EVENTS) setting: 114
01/12/25 13:53:00 DAGMAN_RETRY_SUBMIT_FIRST setting: True
01/12/25 13:53:00 DAGMAN_RETRY_NODE_FIRST setting: False
01/12/25 13:53:00 DAGMAN_MAX_JOBS_IDLE setting: 1000
01/12/25 13:53:00 DAGMAN_MAX_JOBS_SUBMITTED setting: 0
01/12/25 13:53:00 DAGMAN_MAX_PRE_SCRIPTS setting: 20
01/12/25 13:53:00 DAGMAN_MAX_POST_SCRIPTS setting: 20
01/12/25 13:53:00 DAGMAN_MAX_HOLD_SCRIPTS setting: 20
01/12/25 13:53:00 DAGMAN_MUNGE_NODE_NAMES setting: True
01/12/25 13:53:00 DAGMAN_PROHIBIT_MULTI_JOBS setting: False
01/12/25 13:53:00 DAGMAN_SUBMIT_DEPTH_FIRST setting: False
01/12/25 13:53:00 DAGMAN_ALWAYS_RUN_POST setting: False
01/12/25 13:53:00 DAGMAN_CONDOR_SUBMIT_EXE setting: /usr/bin/condor_submit
01/12/25 13:53:00 DAGMAN_CONDOR_RM_EXE setting: /usr/bin/condor_rm
01/12/25 13:53:00 DAGMAN_USE_DIRECT_SUBMIT setting: True
01/12/25 13:53:00 DAGMAN_PRODUCE_JOB_CREDENTIALS setting: True
01/12/25 13:53:00 DAGMAN_DEFAULT_APPEND_VARS setting: False
01/12/25 13:53:00 DAGMAN_INHERIT_ATTRS_PREFIX setting: 
01/12/25 13:53:00 DAGMAN_INHERIT_ATTRS setting: 
01/12/25 13:53:00 DAGMAN_ABORT_DUPLICATES setting: True
01/12/25 13:53:00 DAGMAN_ABORT_ON_SCARY_SUBMIT setting: True
01/12/25 13:53:00 DAGMAN_PENDING_REPORT_INTERVAL setting: 600
01/12/25 13:53:00 DAGMAN_CHECK_QUEUE_INTERVAL setting: 28800
01/12/25 13:53:00 DAGMAN_AUTO_RESCUE setting: True
01/12/25 13:53:00 DAGMAN_MAX_RESCUE_NUM setting: 100
01/12/25 13:53:00 DAGMAN_WRITE_PARTIAL_RESCUE setting: True
01/12/25 13:53:00 DAGMAN_DEFAULT_NODE_LOG setting: @(DAG_DIR)/@(DAG_FILE).nodes.log
01/12/25 13:53:00 DAGMAN_GENERATE_SUBDAG_SUBMITS setting: True
01/12/25 13:53:00 DAGMAN_MAX_JOB_HOLDS setting: 100
01/12/25 13:53:00 DAGMAN_HOLD_CLAIM_TIME setting: 20
01/12/25 13:53:00 DAGMAN_SUPPRESS_JOB_LOGS setting: False
01/12/25 13:53:00 DAGMAN_REMOVE_NODE_JOBS setting: True
01/12/25 13:53:00 DAGMAN_REMOVE_JOBS_AFTER_LIMIT_CHANGE setting: False
01/12/25 13:53:00 DAGMAN will adjust edges after parsing
01/12/25 13:53:00 argv[0] == "condor_scheduniv_exec.137.0"
01/12/25 13:53:00 argv[1] == "-Lockfile"
01/12/25 13:53:00 argv[2] == "dagman.dag.lock"
01/12/25 13:53:00 argv[3] == "-Dag"
01/12/25 13:53:00 argv[4] == "dagman.dag"
01/12/25 13:53:00 argv[5] == "-MaxIdle"
01/12/25 13:53:00 argv[6] == "1000"
01/12/25 13:53:00 argv[7] == "-CsdVersion"
01/12/25 13:53:00 argv[8] == "$CondorVersion: 23.10.19 2025-01-03 BuildID: 777890 PackageID: 23.10.19-1+ubu24 GitSHA: 91176a00 $"
01/12/25 13:53:00 argv[9] == "-dagman"
01/12/25 13:53:00 argv[10] == "/usr/bin/condor_dagman"
01/12/25 13:53:00 argv[11] == "-AutoRescue"
01/12/25 13:53:00 argv[12] == "1"
01/12/25 13:53:00 argv[13] == "-DoRescueFrom"
01/12/25 13:53:00 argv[14] == "0"
01/12/25 13:53:00 argv[15] == "-force"
01/12/25 13:53:00 Can't open directory "/etc/condor/passwords.d" as PRIV_ROOT, errno: 13 (Permission denied)
01/12/25 13:53:00 Can't open directory "/etc/condor/passwords.d" as PRIV_ROOT, errno: 13 (Permission denied)
01/12/25 13:53:00 Workflow batch-id: <137.0>
01/12/25 13:53:00 Workflow batch-name: <dagman.dag+137>
01/12/25 13:53:00 Workflow accounting_group: <>
01/12/25 13:53:00 Workflow accounting_group_user: <>
01/12/25 13:53:00 Warning: failed to get attribute DAGNodeName
01/12/25 13:53:00 DAGMAN_LOG_ON_NFS_IS_ERROR setting: False
01/12/25 13:53:00 Default node log file is: </home/ubuntu/wqd7008_group_project/./dagman.dag.nodes.log>
01/12/25 13:53:00 DAG Lockfile will be written to dagman.dag.lock
01/12/25 13:53:00 DAG Input file is dagman.dag
01/12/25 13:53:00 Parsing 1 dagfiles
01/12/25 13:53:00 Parsing dagman.dag ...
01/12/25 13:53:00 Adjusting edges
01/12/25 13:53:00 Dag contains 4 total nodes
01/12/25 13:53:00 Bootstrapping...
01/12/25 13:53:00 Number of pre-completed nodes: 0
01/12/25 13:53:00 MultiLogFiles: truncating log file /home/ubuntu/wqd7008_group_project/./dagman.dag.nodes.log
01/12/25 13:53:00 DAG status: 0 (DAG_STATUS_OK)
01/12/25 13:53:00 Of 4 nodes total:
01/12/25 13:53:00  Done     Pre   Queued    Post   Ready   Un-Ready   Failed   Futile
01/12/25 13:53:00   ===     ===      ===     ===     ===        ===      ===      ===
01/12/25 13:53:00     0       0        0       0       1          3        0        0
01/12/25 13:53:00 0 job proc(s) currently held
01/12/25 13:53:00 DAGMan Runtime Statistics: [EventCycleTimeCount = 0.0; EventCycleTimeSum = 0.0; LogProcessCycleTimeCount = 0.0; LogProcessCycleTimeSum = 0.0; SleepCycleTimeCount = 0.0; SleepCycleTimeSum = 0.0; SubmitCycleTimeCount = 0.0; SubmitCycleTimeSum = 0.0; ]
01/12/25 13:53:00 Registering condor_event_timer...
01/12/25 13:53:01 Submitting HTCondor Node ImportJob job(s)...
01/12/25 13:53:01 Submitting node ImportJob from file import.sub using direct job submission
01/12/25 13:53:01 	assigned HTCondor ID (138.0.0)
01/12/25 13:53:01 Just submitted 1 job this cycle...
01/12/25 13:53:01 DAG status: 0 (DAG_STATUS_OK)
01/12/25 13:53:01 Of 4 nodes total:
01/12/25 13:53:01  Done     Pre   Queued    Post   Ready   Un-Ready   Failed   Futile
01/12/25 13:53:01   ===     ===      ===     ===     ===        ===      ===      ===
01/12/25 13:53:01     0       0        1       0       0          3        0        0
01/12/25 13:53:01 0 job proc(s) currently held
01/12/25 13:53:01 DAGMan Runtime Statistics: [EventCycleTimeCount = 0.0; EventCycleTimeSum = 0.0; LogProcessCycleTimeCount = 0.0; LogProcessCycleTimeSum = 0.0; SleepCycleTimeCount = 0.0; SleepCycleTimeSum = 0.0; SubmitCycleTimeAvg = 0.03793692588806152; SubmitCycleTimeCount = 1.0; SubmitCycleTimeMax = 0.03793692588806152; SubmitCycleTimeMin = 0.03793692588806152; SubmitCycleTimeStd = 0.03793692588806152; SubmitCycleTimeSum = 0.03793692588806152; ]
01/12/25 13:53:06 Currently monitoring 1 HTCondor log file(s)
01/12/25 13:53:06 Reassigning the id of job ImportJob from (138.0.0) to (138.0.0)
01/12/25 13:53:06 Event: ULOG_SUBMIT for HTCondor Node ImportJob (138.0.0) {01/12/25 13:53:01}
01/12/25 13:53:06 Number of idle job procs: 1
01/12/25 13:53:11 Currently monitoring 1 HTCondor log file(s)
01/12/25 13:53:11 Event: ULOG_EXECUTE for HTCondor Node ImportJob (138.0.0) {01/12/25 13:53:10}
01/12/25 13:53:11 Number of idle job procs: 0
01/12/25 13:53:11 Event: ULOG_JOB_TERMINATED for HTCondor Node ImportJob (138.0.0) {01/12/25 13:53:11}
01/12/25 13:53:11 Number of idle job procs: 0
01/12/25 13:53:11 Node ImportJob job proc (138.0.0) completed successfully.
01/12/25 13:53:11 Node ImportJob job completed
01/12/25 13:53:11 DAG status: 0 (DAG_STATUS_OK)
01/12/25 13:53:11 Of 4 nodes total:
01/12/25 13:53:11  Done     Pre   Queued    Post   Ready   Un-Ready   Failed   Futile
01/12/25 13:53:11   ===     ===      ===     ===     ===        ===      ===      ===
01/12/25 13:53:11     1       0        0       0       1          2        0        0
01/12/25 13:53:11 0 job proc(s) currently held
01/12/25 13:53:11 DAGMan Runtime Statistics: [EventCycleTimeAvg = 0.04836452007293701; EventCycleTimeCount = 2.0; EventCycleTimeMax = 0.07510209083557129; EventCycleTimeMin = 0.02162694931030273; EventCycleTimeStd = 0.03781263519742773; EventCycleTimeSum = 0.09672904014587402; LogProcessCycleTimeAvg = 0.0221630334854126; LogProcessCycleTimeCount = 2.0; LogProcessCycleTimeMax = 0.02272701263427734; LogProcessCycleTimeMin = 0.02159905433654785; LogProcessCycleTimeStd = 0.0007975869612201587; LogProcessCycleTimeSum = 0.0443260669708252; SleepCycleTimeAvg = 5.003057479858398; SleepCycleTimeCount = 2.0; SleepCycleTimeMax = 5.0050950050354; SleepCycleTimeMin = 5.001019954681396; SleepCycleTimeStd = 0.002881495738992803; SleepCycleTimeSum = 10.0061149597168; SubmitCycleTimeAvg = 0.01264762878417969; SubmitCycleTimeCount = 3.0; SubmitCycleTimeMax = 0.03793692588806152; SubmitCycleTimeMin = 2.86102294921875E-06; SubmitCycleTimeStd = 0.02190117373613833; SubmitCycleTimeSum = 0.03794288635253906; ]
01/12/25 13:53:16 Submitting HTCondor Node PreprocessJob job(s)...
01/12/25 13:53:16 Submitting node PreprocessJob from file preprocess.sub using direct job submission
01/12/25 13:53:16 	assigned HTCondor ID (139.0.0)
01/12/25 13:53:16 Just submitted 1 job this cycle...
01/12/25 13:53:16 DAG status: 0 (DAG_STATUS_OK)
01/12/25 13:53:16 Of 4 nodes total:
01/12/25 13:53:16  Done     Pre   Queued    Post   Ready   Un-Ready   Failed   Futile
01/12/25 13:53:16   ===     ===      ===     ===     ===        ===      ===      ===
01/12/25 13:53:16     1       0        1       0       0          2        0        0
01/12/25 13:53:16 0 job proc(s) currently held
01/12/25 13:53:16 DAGMan Runtime Statistics: [EventCycleTimeAvg = 0.0463566780090332; EventCycleTimeCount = 3.0; EventCycleTimeMax = 0.07510209083557129; EventCycleTimeMin = 0.02162694931030273; EventCycleTimeStd = 0.02696278879395861; EventCycleTimeSum = 0.1390700340270996; LogProcessCycleTimeAvg = 0.0221630334854126; LogProcessCycleTimeCount = 2.0; LogProcessCycleTimeMax = 0.02272701263427734; LogProcessCycleTimeMin = 0.02159905433654785; LogProcessCycleTimeStd = 0.0007975869612201587; LogProcessCycleTimeSum = 0.0443260669708252; SleepCycleTimeAvg = 5.003858327865601; SleepCycleTimeCount = 3.0; SleepCycleTimeMax = 5.005460023880005; SleepCycleTimeMin = 5.001019954681396; SleepCycleTimeStd = 0.002464869456753399; SleepCycleTimeSum = 15.0115749835968; SubmitCycleTimeAvg = 0.0160297155380249; SubmitCycleTimeCount = 4.0; SubmitCycleTimeMax = 0.03793692588806152; SubmitCycleTimeMin = 2.86102294921875E-06; SubmitCycleTimeStd = 0.01911879486933782; SubmitCycleTimeSum = 0.06411886215209961; ]
01/12/25 13:53:21 Currently monitoring 1 HTCondor log file(s)
01/12/25 13:53:21 Reassigning the id of job PreprocessJob from (139.0.0) to (139.0.0)
01/12/25 13:53:21 Event: ULOG_SUBMIT for HTCondor Node PreprocessJob (139.0.0) {01/12/25 13:53:16}
01/12/25 13:53:21 Number of idle job procs: 1
01/12/25 13:53:21 Event: ULOG_EXECUTE for HTCondor Node PreprocessJob (139.0.0) {01/12/25 13:53:17}
01/12/25 13:53:21 Number of idle job procs: 0
01/12/25 13:53:21 Event: ULOG_JOB_TERMINATED for HTCondor Node PreprocessJob (139.0.0) {01/12/25 13:53:21}
01/12/25 13:53:21 Number of idle job procs: 0
01/12/25 13:53:21 Node PreprocessJob job proc (139.0.0) completed successfully.
01/12/25 13:53:21 Node PreprocessJob job completed
01/12/25 13:53:21 DAG status: 0 (DAG_STATUS_OK)
01/12/25 13:53:21 Of 4 nodes total:
01/12/25 13:53:21  Done     Pre   Queued    Post   Ready   Un-Ready   Failed   Futile
01/12/25 13:53:21   ===     ===      ===     ===     ===        ===      ===      ===
01/12/25 13:53:21     2       0        0       0       2          0        0        0
01/12/25 13:53:21 0 job proc(s) currently held
01/12/25 13:53:21 DAGMan Runtime Statistics: [EventCycleTimeAvg = 0.04927325248718262; EventCycleTimeCount = 4.0; EventCycleTimeMax = 0.07510209083557129; EventCycleTimeMin = 0.02162694931030273; EventCycleTimeStd = 0.02277469970043037; EventCycleTimeSum = 0.1970930099487305; LogProcessCycleTimeAvg = 0.03117235501607259; LogProcessCycleTimeCount = 3.0; LogProcessCycleTimeMax = 0.04919099807739258; LogProcessCycleTimeMin = 0.02159905433654785; LogProcessCycleTimeStd = 0.01561479093067837; LogProcessCycleTimeSum = 0.09351706504821777; SleepCycleTimeAvg = 5.004162013530731; SleepCycleTimeCount = 4.0; SleepCycleTimeMax = 5.005460023880005; SleepCycleTimeMin = 5.001019954681396; SleepCycleTimeStd = 0.002102210160453476; SleepCycleTimeSum = 20.01664805412292; SubmitCycleTimeAvg = 0.01282439231872559; SubmitCycleTimeCount = 5.0; SubmitCycleTimeMax = 0.03793692588806152; SubmitCycleTimeMin = 2.86102294921875E-06; SubmitCycleTimeStd = 0.01804208199301733; SubmitCycleTimeSum = 0.06412196159362793; ]
01/12/25 13:53:26 Submitting HTCondor Node EDAJob job(s)...
01/12/25 13:53:26 Submitting node EDAJob from file eda.sub using direct job submission
01/12/25 13:53:26 	assigned HTCondor ID (140.0.0)
01/12/25 13:53:26 Submitting HTCondor Node SplitJob job(s)...
01/12/25 13:53:26 Submitting node SplitJob from file split.sub using direct job submission
01/12/25 13:53:26 	assigned HTCondor ID (141.0.0)
01/12/25 13:53:27 Just submitted 2 jobs this cycle...
01/12/25 13:53:27 DAG status: 0 (DAG_STATUS_OK)
01/12/25 13:53:27 Of 4 nodes total:
01/12/25 13:53:27  Done     Pre   Queued    Post   Ready   Un-Ready   Failed   Futile
01/12/25 13:53:27   ===     ===      ===     ===     ===        ===      ===      ===
01/12/25 13:53:27     2       0        2       0       0          0        0        0
01/12/25 13:53:27 0 job proc(s) currently held
01/12/25 13:53:27 DAGMan Runtime Statistics: [EventCycleTimeAvg = 0.05426101684570313; EventCycleTimeCount = 5.0; EventCycleTimeMax = 0.07510209083557129; EventCycleTimeMin = 0.02162694931030273; EventCycleTimeStd = 0.02265842395918623; EventCycleTimeSum = 0.2713050842285156; LogProcessCycleTimeAvg = 0.03117235501607259; LogProcessCycleTimeCount = 3.0; LogProcessCycleTimeMax = 0.04919099807739258; LogProcessCycleTimeMin = 0.02159905433654785; LogProcessCycleTimeStd = 0.01561479093067837; LogProcessCycleTimeSum = 0.09351706504821777; SleepCycleTimeAvg = 5.004408168792724; SleepCycleTimeCount = 5.0; SleepCycleTimeMax = 5.005460023880005; SleepCycleTimeMin = 5.001019954681396; SleepCycleTimeStd = 0.001901953663187608; SleepCycleTimeSum = 25.02204084396362; SubmitCycleTimeAvg = 0.01943433284759521; SubmitCycleTimeCount = 6.0; SubmitCycleTimeMax = 0.05248403549194336; SubmitCycleTimeMin = 2.86102294921875E-06; SubmitCycleTimeStd = 0.02285959887848796; SubmitCycleTimeSum = 0.1166059970855713; ]
01/12/25 13:53:32 Currently monitoring 1 HTCondor log file(s)
01/12/25 13:53:32 Reassigning the id of job EDAJob from (140.0.0) to (140.0.0)
01/12/25 13:53:32 Event: ULOG_SUBMIT for HTCondor Node EDAJob (140.0.0) {01/12/25 13:53:26}
01/12/25 13:53:32 Number of idle job procs: 1
01/12/25 13:53:32 Reassigning the id of job SplitJob from (141.0.0) to (141.0.0)
01/12/25 13:53:32 Event: ULOG_SUBMIT for HTCondor Node SplitJob (141.0.0) {01/12/25 13:53:26}
01/12/25 13:53:32 Number of idle job procs: 2
01/12/25 13:53:32 Event: ULOG_EXECUTE for HTCondor Node EDAJob (140.0.0) {01/12/25 13:53:28}
01/12/25 13:53:32 Number of idle job procs: 1
01/12/25 13:53:32 Event: ULOG_EXECUTE for HTCondor Node SplitJob (141.0.0) {01/12/25 13:53:30}
01/12/25 13:53:32 Number of idle job procs: 0
01/12/25 13:53:32 Event: ULOG_JOB_TERMINATED for HTCondor Node SplitJob (141.0.0) {01/12/25 13:53:31}
01/12/25 13:53:32 Number of idle job procs: 0
01/12/25 13:53:32 Node SplitJob job proc (141.0.0) completed successfully.
01/12/25 13:53:32 Node SplitJob job completed
01/12/25 13:53:32 DAG status: 0 (DAG_STATUS_OK)
01/12/25 13:53:32 Of 4 nodes total:
01/12/25 13:53:32  Done     Pre   Queued    Post   Ready   Un-Ready   Failed   Futile
01/12/25 13:53:32   ===     ===      ===     ===     ===        ===      ===      ===
01/12/25 13:53:32     3       0        1       0       0          0        0        0
01/12/25 13:53:32 0 job proc(s) currently held
01/12/25 13:53:32 DAGMan Runtime Statistics: [EventCycleTimeAvg = 0.05851185321807861; EventCycleTimeCount = 6.0; EventCycleTimeMax = 0.07976603507995605; EventCycleTimeMin = 0.02162694931030273; EventCycleTimeStd = 0.02278466590142683; EventCycleTimeSum = 0.3510711193084717; LogProcessCycleTimeAvg = 0.03975921869277954; LogProcessCycleTimeCount = 4.0; LogProcessCycleTimeMax = 0.06551980972290039; LogProcessCycleTimeMin = 0.02159905433654785; LogProcessCycleTimeStd = 0.0213888921736321; LogProcessCycleTimeSum = 0.1590368747711182; SleepCycleTimeAvg = 5.004548668861389; SleepCycleTimeCount = 6.0; SleepCycleTimeMax = 5.005460023880005; SleepCycleTimeMin = 5.001019954681396; SleepCycleTimeStd = 0.001735622021934768; SleepCycleTimeSum = 30.02729201316833; SubmitCycleTimeAvg = 0.01665857860020229; SubmitCycleTimeCount = 7.0; SubmitCycleTimeMax = 0.05248403549194336; SubmitCycleTimeMin = 2.86102294921875E-06; SubmitCycleTimeStd = 0.02212241846855611; SubmitCycleTimeSum = 0.116610050201416; ]
01/12/25 13:55:02 Currently monitoring 1 HTCondor log file(s)
01/12/25 13:55:02 Event: ULOG_JOB_TERMINATED for HTCondor Node EDAJob (140.0.0) {01/12/25 13:55:01}
01/12/25 13:55:02 Number of idle job procs: 0
01/12/25 13:55:02 Node EDAJob job proc (140.0.0) completed successfully.
01/12/25 13:55:02 Node EDAJob job completed
01/12/25 13:55:02 DAG status: 0 (DAG_STATUS_OK)
01/12/25 13:55:02 Of 4 nodes total:
01/12/25 13:55:02  Done     Pre   Queued    Post   Ready   Un-Ready   Failed   Futile
01/12/25 13:55:02   ===     ===      ===     ===     ===        ===      ===      ===
01/12/25 13:55:02     4       0        0       0       0          0        0        0
01/12/25 13:55:02 0 job proc(s) currently held
01/12/25 13:55:02 DAGMan Runtime Statistics: [EventCycleTimeAvg = 0.01880786816279094; EventCycleTimeCount = 24.0; EventCycleTimeMax = 0.09837794303894043; EventCycleTimeMin = 2.789497375488281E-05; EventCycleTimeStd = 0.03252304246841643; EventCycleTimeSum = 0.4513888359069824; LogProcessCycleTimeAvg = 0.03718738555908203; LogProcessCycleTimeCount = 5.0; LogProcessCycleTimeMax = 0.06551980972290039; LogProcessCycleTimeMin = 0.02159905433654785; LogProcessCycleTimeStd = 0.01939549328192936; LogProcessCycleTimeSum = 0.1859369277954102; SleepCycleTimeAvg = 5.005347927411397; SleepCycleTimeCount = 24.0; SleepCycleTimeMax = 5.009721040725708; SleepCycleTimeMin = 5.001019954681396; SleepCycleTimeStd = 0.001494297470210995; SleepCycleTimeSum = 120.1283502578735; SubmitCycleTimeAvg = 0.004666690826416016; SubmitCycleTimeCount = 25.0; SubmitCycleTimeMax = 0.05248403549194336; SubmitCycleTimeMin = 2.86102294921875E-06; SubmitCycleTimeStd = 0.01343893005244382; SubmitCycleTimeSum = 0.1166672706604004; ]
01/12/25 13:55:02 All jobs Completed!
01/12/25 13:55:02 Note: 0 total node deferrals because of -MaxJobs limit (0)
01/12/25 13:55:02 Note: 0 total node deferrals because of -MaxIdle limit (1000)
01/12/25 13:55:02 Note: 0 total node deferrals because of node category throttles
01/12/25 13:55:02 Note: 0 total PRE script deferrals because of -MaxPre limit (20) or DEFER
01/12/25 13:55:02 Note: 0 total POST script deferrals because of -MaxPost limit (20) or DEFER
01/12/25 13:55:02 Note: 0 total HOLD script deferrals because of -MaxHold limit (20) or DEFER
01/12/25 13:55:02 DAG status: 0 (DAG_STATUS_OK)
01/12/25 13:55:02 Of 4 nodes total:
01/12/25 13:55:02  Done     Pre   Queued    Post   Ready   Un-Ready   Failed   Futile
01/12/25 13:55:02   ===     ===      ===     ===     ===        ===      ===      ===
01/12/25 13:55:02     4       0        0       0       0          0        0        0
01/12/25 13:55:02 0 job proc(s) currently held
01/12/25 13:55:02 DAGMan Runtime Statistics: [EventCycleTimeAvg = 0.01880786816279094; EventCycleTimeCount = 24.0; EventCycleTimeMax = 0.09837794303894043; EventCycleTimeMin = 2.789497375488281E-05; EventCycleTimeStd = 0.03252304246841643; EventCycleTimeSum = 0.4513888359069824; LogProcessCycleTimeAvg = 0.03718738555908203; LogProcessCycleTimeCount = 5.0; LogProcessCycleTimeMax = 0.06551980972290039; LogProcessCycleTimeMin = 0.02159905433654785; LogProcessCycleTimeStd = 0.01939549328192936; LogProcessCycleTimeSum = 0.1859369277954102; SleepCycleTimeAvg = 5.005347927411397; SleepCycleTimeCount = 24.0; SleepCycleTimeMax = 5.009721040725708; SleepCycleTimeMin = 5.001019954681396; SleepCycleTimeStd = 0.001494297470210995; SleepCycleTimeSum = 120.1283502578735; SubmitCycleTimeAvg = 0.004666690826416016; SubmitCycleTimeCount = 25.0; SubmitCycleTimeMax = 0.05248403549194336; SubmitCycleTimeMin = 2.86102294921875E-06; SubmitCycleTimeStd = 0.01343893005244382; SubmitCycleTimeSum = 0.1166672706604004; ]
01/12/25 13:55:02 Wrote metrics file dagman.dag.metrics.
01/12/25 13:55:02 DAGMan Runtime Statistics: [EventCycleTimeAvg = 0.01880786816279094; EventCycleTimeCount = 24.0; EventCycleTimeMax = 0.09837794303894043; EventCycleTimeMin = 2.789497375488281E-05; EventCycleTimeStd = 0.03252304246841643; EventCycleTimeSum = 0.4513888359069824; LogProcessCycleTimeAvg = 0.03718738555908203; LogProcessCycleTimeCount = 5.0; LogProcessCycleTimeMax = 0.06551980972290039; LogProcessCycleTimeMin = 0.02159905433654785; LogProcessCycleTimeStd = 0.01939549328192936; LogProcessCycleTimeSum = 0.1859369277954102; SleepCycleTimeAvg = 5.005347927411397; SleepCycleTimeCount = 24.0; SleepCycleTimeMax = 5.009721040725708; SleepCycleTimeMin = 5.001019954681396; SleepCycleTimeStd = 0.001494297470210995; SleepCycleTimeSum = 120.1283502578735; SubmitCycleTimeAvg = 0.004666690826416016; SubmitCycleTimeCount = 25.0; SubmitCycleTimeMax = 0.05248403549194336; SubmitCycleTimeMin = 2.86102294921875E-06; SubmitCycleTimeStd = 0.01343893005244382; SubmitCycleTimeSum = 0.1166672706604004; ]
01/12/25 13:55:02 **** condor_scheduniv_exec.137.0 (condor_DAGMAN) pid 1599 EXITING WITH STATUS 0
01/12/25 14:09:42 ******************************************************
01/12/25 14:09:42 ** condor_scheduniv_exec.142.0 (CONDOR_DAGMAN) STARTING UP
01/12/25 14:09:42 ** /usr/bin/condor_dagman
01/12/25 14:09:42 ** SubsystemInfo: name=DAGMAN type=DAGMAN(9) class=CLIENT(2)
01/12/25 14:09:42 ** Configuration: subsystem:DAGMAN local:<NONE> class:CLIENT
01/12/25 14:09:42 ** $CondorVersion: 23.10.19 2025-01-03 BuildID: 777890 PackageID: 23.10.19-1+ubu24 GitSHA: 91176a00 $
01/12/25 14:09:42 ** $CondorPlatform: X86_64-Ubuntu_24.04 $
01/12/25 14:09:42 ** PID = 1678 RealUID = 1000
01/12/25 14:09:42 ** Log last touched 1/12 13:55:02
01/12/25 14:09:42 ******************************************************
01/12/25 14:09:42 Using config source: /etc/condor/condor_config
01/12/25 14:09:42 Using local config sources: 
01/12/25 14:09:42    /etc/condor/config.d/00-security
01/12/25 14:09:42    /etc/condor/config.d/01-submit.config
01/12/25 14:09:42    /etc/condor/config.d/10-stash-plugin.conf
01/12/25 14:09:42    /etc/condor/condor_config.local
01/12/25 14:09:42 config Macros = 75, Sorted = 75, StringBytes = 2326, TablesBytes = 2764
01/12/25 14:09:42 CLASSAD_CACHING is ENABLED
01/12/25 14:09:42 Daemon Log is logging: D_ALWAYS D_ERROR D_STATUS
01/12/25 14:09:42 DaemonCore: No command port requested.
01/12/25 14:09:42 DAGMAN_USE_STRICT setting: 1
01/12/25 14:09:42 DAGMAN_VERBOSITY setting: 3
01/12/25 14:09:42 DAGMAN_DEBUG_CACHE_SIZE setting: 5242880
01/12/25 14:09:42 DAGMAN_DEBUG_CACHE_ENABLE setting: False
01/12/25 14:09:42 DAGMAN_SUBMIT_DELAY setting: 0
01/12/25 14:09:42 DAGMAN_MAX_SUBMIT_ATTEMPTS setting: 6
01/12/25 14:09:42 DAGMAN_STARTUP_CYCLE_DETECT setting: False
01/12/25 14:09:42 DAGMAN_MAX_SUBMITS_PER_INTERVAL setting: 100
01/12/25 14:09:42 DAGMAN_AGGRESSIVE_SUBMIT setting: False
01/12/25 14:09:42 DAGMAN_USER_LOG_SCAN_INTERVAL setting: 5
01/12/25 14:09:42 DAGMAN_QUEUE_UPDATE_INTERVAL setting: 300
01/12/25 14:09:42 DAGMAN_DEFAULT_PRIORITY setting: 0
01/12/25 14:09:42 DAGMAN_SUPPRESS_NOTIFICATION setting: False
01/12/25 14:09:42 allow_events (DAGMAN_ALLOW_EVENTS) setting: 114
01/12/25 14:09:42 DAGMAN_RETRY_SUBMIT_FIRST setting: True
01/12/25 14:09:42 DAGMAN_RETRY_NODE_FIRST setting: False
01/12/25 14:09:42 DAGMAN_MAX_JOBS_IDLE setting: 1000
01/12/25 14:09:42 DAGMAN_MAX_JOBS_SUBMITTED setting: 0
01/12/25 14:09:42 DAGMAN_MAX_PRE_SCRIPTS setting: 20
01/12/25 14:09:42 DAGMAN_MAX_POST_SCRIPTS setting: 20
01/12/25 14:09:42 DAGMAN_MAX_HOLD_SCRIPTS setting: 20
01/12/25 14:09:42 DAGMAN_MUNGE_NODE_NAMES setting: True
01/12/25 14:09:42 DAGMAN_PROHIBIT_MULTI_JOBS setting: False
01/12/25 14:09:42 DAGMAN_SUBMIT_DEPTH_FIRST setting: False
01/12/25 14:09:42 DAGMAN_ALWAYS_RUN_POST setting: False
01/12/25 14:09:42 DAGMAN_CONDOR_SUBMIT_EXE setting: /usr/bin/condor_submit
01/12/25 14:09:42 DAGMAN_CONDOR_RM_EXE setting: /usr/bin/condor_rm
01/12/25 14:09:42 DAGMAN_USE_DIRECT_SUBMIT setting: True
01/12/25 14:09:42 DAGMAN_PRODUCE_JOB_CREDENTIALS setting: True
01/12/25 14:09:42 DAGMAN_DEFAULT_APPEND_VARS setting: False
01/12/25 14:09:42 DAGMAN_INHERIT_ATTRS_PREFIX setting: 
01/12/25 14:09:42 DAGMAN_INHERIT_ATTRS setting: 
01/12/25 14:09:42 DAGMAN_ABORT_DUPLICATES setting: True
01/12/25 14:09:42 DAGMAN_ABORT_ON_SCARY_SUBMIT setting: True
01/12/25 14:09:42 DAGMAN_PENDING_REPORT_INTERVAL setting: 600
01/12/25 14:09:42 DAGMAN_CHECK_QUEUE_INTERVAL setting: 28800
01/12/25 14:09:42 DAGMAN_AUTO_RESCUE setting: True
01/12/25 14:09:42 DAGMAN_MAX_RESCUE_NUM setting: 100
01/12/25 14:09:42 DAGMAN_WRITE_PARTIAL_RESCUE setting: True
01/12/25 14:09:42 DAGMAN_DEFAULT_NODE_LOG setting: @(DAG_DIR)/@(DAG_FILE).nodes.log
01/12/25 14:09:42 DAGMAN_GENERATE_SUBDAG_SUBMITS setting: True
01/12/25 14:09:42 DAGMAN_MAX_JOB_HOLDS setting: 100
01/12/25 14:09:42 DAGMAN_HOLD_CLAIM_TIME setting: 20
01/12/25 14:09:42 DAGMAN_SUPPRESS_JOB_LOGS setting: False
01/12/25 14:09:42 DAGMAN_REMOVE_NODE_JOBS setting: True
01/12/25 14:09:42 DAGMAN_REMOVE_JOBS_AFTER_LIMIT_CHANGE setting: False
01/12/25 14:09:42 DAGMAN will adjust edges after parsing
01/12/25 14:09:42 argv[0] == "condor_scheduniv_exec.142.0"
01/12/25 14:09:42 argv[1] == "-Lockfile"
01/12/25 14:09:42 argv[2] == "dagman.dag.lock"
01/12/25 14:09:42 argv[3] == "-Dag"
01/12/25 14:09:42 argv[4] == "dagman.dag"
01/12/25 14:09:42 argv[5] == "-MaxIdle"
01/12/25 14:09:42 argv[6] == "1000"
01/12/25 14:09:42 argv[7] == "-CsdVersion"
01/12/25 14:09:42 argv[8] == "$CondorVersion: 23.10.19 2025-01-03 BuildID: 777890 PackageID: 23.10.19-1+ubu24 GitSHA: 91176a00 $"
01/12/25 14:09:42 argv[9] == "-dagman"
01/12/25 14:09:42 argv[10] == "/usr/bin/condor_dagman"
01/12/25 14:09:43 argv[11] == "-AutoRescue"
01/12/25 14:09:43 argv[12] == "1"
01/12/25 14:09:43 argv[13] == "-DoRescueFrom"
01/12/25 14:09:43 argv[14] == "0"
01/12/25 14:09:43 argv[15] == "-force"
01/12/25 14:09:43 Can't open directory "/etc/condor/passwords.d" as PRIV_ROOT, errno: 13 (Permission denied)
01/12/25 14:09:43 Can't open directory "/etc/condor/passwords.d" as PRIV_ROOT, errno: 13 (Permission denied)
01/12/25 14:09:43 Workflow batch-id: <142.0>
01/12/25 14:09:43 Workflow batch-name: <dagman.dag+142>
01/12/25 14:09:43 Workflow accounting_group: <>
01/12/25 14:09:43 Workflow accounting_group_user: <>
01/12/25 14:09:43 Warning: failed to get attribute DAGNodeName
01/12/25 14:09:43 DAGMAN_LOG_ON_NFS_IS_ERROR setting: False
01/12/25 14:09:43 Default node log file is: </home/ubuntu/wqd7008_group_project/./dagman.dag.nodes.log>
01/12/25 14:09:43 DAG Lockfile will be written to dagman.dag.lock
01/12/25 14:09:43 DAG Input file is dagman.dag
01/12/25 14:09:43 Parsing 1 dagfiles
01/12/25 14:09:43 Parsing dagman.dag ...
01/12/25 14:09:43 Adjusting edges
01/12/25 14:09:43 Dag contains 5 total nodes
01/12/25 14:09:43 Bootstrapping...
01/12/25 14:09:43 Number of pre-completed nodes: 0
01/12/25 14:09:43 MultiLogFiles: truncating log file /home/ubuntu/wqd7008_group_project/./dagman.dag.nodes.log
01/12/25 14:09:43 DAG status: 0 (DAG_STATUS_OK)
01/12/25 14:09:43 Of 5 nodes total:
01/12/25 14:09:43  Done     Pre   Queued    Post   Ready   Un-Ready   Failed   Futile
01/12/25 14:09:43   ===     ===      ===     ===     ===        ===      ===      ===
01/12/25 14:09:43     0       0        0       0       1          4        0        0
01/12/25 14:09:43 0 job proc(s) currently held
01/12/25 14:09:43 DAGMan Runtime Statistics: [EventCycleTimeCount = 0.0; EventCycleTimeSum = 0.0; LogProcessCycleTimeCount = 0.0; LogProcessCycleTimeSum = 0.0; SleepCycleTimeCount = 0.0; SleepCycleTimeSum = 0.0; SubmitCycleTimeCount = 0.0; SubmitCycleTimeSum = 0.0; ]
01/12/25 14:09:43 Registering condor_event_timer...
01/12/25 14:09:44 Submitting HTCondor Node ImportJob job(s)...
01/12/25 14:09:44 Submitting node ImportJob from file import.sub using direct job submission
01/12/25 14:09:44 	assigned HTCondor ID (143.0.0)
01/12/25 14:09:44 Just submitted 1 job this cycle...
01/12/25 14:09:44 DAG status: 0 (DAG_STATUS_OK)
01/12/25 14:09:44 Of 5 nodes total:
01/12/25 14:09:44  Done     Pre   Queued    Post   Ready   Un-Ready   Failed   Futile
01/12/25 14:09:44   ===     ===      ===     ===     ===        ===      ===      ===
01/12/25 14:09:44     0       0        1       0       0          4        0        0
01/12/25 14:09:44 0 job proc(s) currently held
01/12/25 14:09:44 DAGMan Runtime Statistics: [EventCycleTimeCount = 0.0; EventCycleTimeSum = 0.0; LogProcessCycleTimeCount = 0.0; LogProcessCycleTimeSum = 0.0; SleepCycleTimeCount = 0.0; SleepCycleTimeSum = 0.0; SubmitCycleTimeAvg = 0.04121899604797363; SubmitCycleTimeCount = 1.0; SubmitCycleTimeMax = 0.04121899604797363; SubmitCycleTimeMin = 0.04121899604797363; SubmitCycleTimeStd = 0.04121899604797363; SubmitCycleTimeSum = 0.04121899604797363; ]
01/12/25 14:09:49 Currently monitoring 1 HTCondor log file(s)
01/12/25 14:09:49 Reassigning the id of job ImportJob from (143.0.0) to (143.0.0)
01/12/25 14:09:49 Event: ULOG_SUBMIT for HTCondor Node ImportJob (143.0.0) {01/12/25 14:09:44}
01/12/25 14:09:49 Number of idle job procs: 1
01/12/25 14:09:54 Currently monitoring 1 HTCondor log file(s)
01/12/25 14:09:54 Event: ULOG_EXECUTE for HTCondor Node ImportJob (143.0.0) {01/12/25 14:09:50}
01/12/25 14:09:54 Number of idle job procs: 0
01/12/25 14:09:54 Event: ULOG_JOB_TERMINATED for HTCondor Node ImportJob (143.0.0) {01/12/25 14:09:51}
01/12/25 14:09:54 Number of idle job procs: 0
01/12/25 14:09:54 Node ImportJob job proc (143.0.0) completed successfully.
01/12/25 14:09:54 Node ImportJob job completed
01/12/25 14:09:54 DAG status: 0 (DAG_STATUS_OK)
01/12/25 14:09:54 Of 5 nodes total:
01/12/25 14:09:54  Done     Pre   Queued    Post   Ready   Un-Ready   Failed   Futile
01/12/25 14:09:54   ===     ===      ===     ===     ===        ===      ===      ===
01/12/25 14:09:54     1       0        0       0       1          3        0        0
01/12/25 14:09:54 0 job proc(s) currently held
01/12/25 14:09:54 DAGMan Runtime Statistics: [EventCycleTimeAvg = 0.05152440071105957; EventCycleTimeCount = 2.0; EventCycleTimeMax = 0.08283090591430664; EventCycleTimeMin = 0.0202178955078125; EventCycleTimeStd = 0.04427408424893588; EventCycleTimeSum = 0.1030488014221191; LogProcessCycleTimeAvg = 0.02625298500061035; LogProcessCycleTimeCount = 2.0; LogProcessCycleTimeMax = 0.03230690956115723; LogProcessCycleTimeMin = 0.02019906044006348; LogProcessCycleTimeStd = 0.008561542219108971; LogProcessCycleTimeSum = 0.0525059700012207; SleepCycleTimeAvg = 5.005065560340881; SleepCycleTimeCount = 2.0; SleepCycleTimeMax = 5.005125045776367; SleepCycleTimeMin = 5.005006074905396; SleepCycleTimeStd = 8.412510962774449E-05; SleepCycleTimeSum = 10.01013112068176; SubmitCycleTimeAvg = 0.01374157269795736; SubmitCycleTimeCount = 3.0; SubmitCycleTimeMax = 0.04121899604797363; SubmitCycleTimeMin = 2.86102294921875E-06; SubmitCycleTimeStd = 0.02379614665165381; SubmitCycleTimeSum = 0.04122471809387207; ]
01/12/25 14:09:59 Submitting HTCondor Node PreprocessJob job(s)...
01/12/25 14:09:59 Submitting node PreprocessJob from file preprocess.sub using direct job submission
01/12/25 14:09:59 	assigned HTCondor ID (144.0.0)
01/12/25 14:09:59 Just submitted 1 job this cycle...
01/12/25 14:09:59 DAG status: 0 (DAG_STATUS_OK)
01/12/25 14:09:59 Of 5 nodes total:
01/12/25 14:09:59  Done     Pre   Queued    Post   Ready   Un-Ready   Failed   Futile
01/12/25 14:09:59   ===     ===      ===     ===     ===        ===      ===      ===
01/12/25 14:09:59     1       0        1       0       0          3        0        0
01/12/25 14:09:59 0 job proc(s) currently held
01/12/25 14:09:59 DAGMan Runtime Statistics: [EventCycleTimeAvg = 0.05276393890380859; EventCycleTimeCount = 3.0; EventCycleTimeMax = 0.08283090591430664; EventCycleTimeMin = 0.0202178955078125; EventCycleTimeStd = 0.03138003557733462; EventCycleTimeSum = 0.1582918167114258; LogProcessCycleTimeAvg = 0.02625298500061035; LogProcessCycleTimeCount = 2.0; LogProcessCycleTimeMax = 0.03230690956115723; LogProcessCycleTimeMin = 0.02019906044006348; LogProcessCycleTimeStd = 0.008561542219108971; LogProcessCycleTimeSum = 0.0525059700012207; SleepCycleTimeAvg = 5.005193710327148; SleepCycleTimeCount = 3.0; SleepCycleTimeMax = 5.005450010299683; SleepCycleTimeMin = 5.005006074905396; SleepCycleTimeStd = 0.0002297950695200094; SleepCycleTimeSum = 15.01558113098145; SubmitCycleTimeAvg = 0.01729768514633179; SubmitCycleTimeCount = 4.0; SubmitCycleTimeMax = 0.04121899604797363; SubmitCycleTimeMin = 2.86102294921875E-06; SubmitCycleTimeStd = 0.02069029095880346; SubmitCycleTimeSum = 0.06919074058532715; ]
01/12/25 14:10:04 Currently monitoring 1 HTCondor log file(s)
01/12/25 14:10:04 Reassigning the id of job PreprocessJob from (144.0.0) to (144.0.0)
01/12/25 14:10:04 Event: ULOG_SUBMIT for HTCondor Node PreprocessJob (144.0.0) {01/12/25 14:09:59}
01/12/25 14:10:04 Number of idle job procs: 1
01/12/25 14:10:04 Event: ULOG_EXECUTE for HTCondor Node PreprocessJob (144.0.0) {01/12/25 14:10:00}
01/12/25 14:10:04 Number of idle job procs: 0
01/12/25 14:10:04 Event: ULOG_JOB_TERMINATED for HTCondor Node PreprocessJob (144.0.0) {01/12/25 14:10:04}
01/12/25 14:10:04 Number of idle job procs: 0
01/12/25 14:10:04 Node PreprocessJob job proc (144.0.0) completed successfully.
01/12/25 14:10:04 Node PreprocessJob job completed
01/12/25 14:10:04 DAG status: 0 (DAG_STATUS_OK)
01/12/25 14:10:04 Of 5 nodes total:
01/12/25 14:10:04  Done     Pre   Queued    Post   Ready   Un-Ready   Failed   Futile
01/12/25 14:10:04   ===     ===      ===     ===     ===        ===      ===      ===
01/12/25 14:10:04     2       0        0       0       2          1        0        0
01/12/25 14:10:04 0 job proc(s) currently held
01/12/25 14:10:04 DAGMan Runtime Statistics: [EventCycleTimeAvg = 0.05310249328613281; EventCycleTimeCount = 4.0; EventCycleTimeMax = 0.08283090591430664; EventCycleTimeMin = 0.0202178955078125; EventCycleTimeStd = 0.02563063723038676; EventCycleTimeSum = 0.2124099731445312; LogProcessCycleTimeAvg = 0.02845470110575358; LogProcessCycleTimeCount = 3.0; LogProcessCycleTimeMax = 0.03285813331604004; LogProcessCycleTimeMin = 0.02019906044006348; LogProcessCycleTimeStd = 0.007154904891592468; LogProcessCycleTimeSum = 0.08536410331726074; SleepCycleTimeAvg = 5.005285024642944; SleepCycleTimeCount = 4.0; SleepCycleTimeMax = 5.005558967590332; SleepCycleTimeMin = 5.005006074905396; SleepCycleTimeStd = 0.000261834043612036; SleepCycleTimeSum = 20.02114009857178; SubmitCycleTimeAvg = 0.01383852958679199; SubmitCycleTimeCount = 5.0; SubmitCycleTimeMax = 0.04121899604797363; SubmitCycleTimeMin = 1.9073486328125E-06; SubmitCycleTimeStd = 0.01951652865894531; SubmitCycleTimeSum = 0.06919264793395996; ]
01/12/25 14:10:09 Submitting HTCondor Node EDAJob job(s)...
01/12/25 14:10:09 Submitting node EDAJob from file eda.sub using direct job submission
01/12/25 14:10:09 	assigned HTCondor ID (145.0.0)
01/12/25 14:10:09 Submitting HTCondor Node SplitJob job(s)...
01/12/25 14:10:09 Submitting node SplitJob from file split.sub using direct job submission
01/12/25 14:10:09 	assigned HTCondor ID (146.0.0)
01/12/25 14:10:09 Just submitted 2 jobs this cycle...
01/12/25 14:10:09 DAG status: 0 (DAG_STATUS_OK)
01/12/25 14:10:09 Of 5 nodes total:
01/12/25 14:10:09  Done     Pre   Queued    Post   Ready   Un-Ready   Failed   Futile
01/12/25 14:10:09   ===     ===      ===     ===     ===        ===      ===      ===
01/12/25 14:10:09     2       0        2       0       0          1        0        0
01/12/25 14:10:09 0 job proc(s) currently held
01/12/25 14:10:09 DAGMan Runtime Statistics: [EventCycleTimeAvg = 0.05367336273193359; EventCycleTimeCount = 5.0; EventCycleTimeMax = 0.08283090591430664; EventCycleTimeMin = 0.0202178955078125; EventCycleTimeStd = 0.02223345751896251; EventCycleTimeSum = 0.268366813659668; LogProcessCycleTimeAvg = 0.02845470110575358; LogProcessCycleTimeCount = 3.0; LogProcessCycleTimeMax = 0.03285813331604004; LogProcessCycleTimeMin = 0.02019906044006348; LogProcessCycleTimeStd = 0.007154904891592468; LogProcessCycleTimeSum = 0.08536410331726074; SleepCycleTimeAvg = 5.005247640609741; SleepCycleTimeCount = 5.0; SleepCycleTimeMax = 5.005558967590332; SleepCycleTimeMin = 5.005006074905396; SleepCycleTimeStd = 0.0002416725725656614; SleepCycleTimeSum = 25.02623820304871; SubmitCycleTimeAvg = 0.02041312058766683; SubmitCycleTimeCount = 6.0; SubmitCycleTimeMax = 0.05328607559204102; SubmitCycleTimeMin = 1.9073486328125E-06; SubmitCycleTimeStd = 0.02375010302480924; SubmitCycleTimeSum = 0.122478723526001; ]
01/12/25 14:10:14 Currently monitoring 1 HTCondor log file(s)
01/12/25 14:10:14 Reassigning the id of job EDAJob from (145.0.0) to (145.0.0)
01/12/25 14:10:14 Event: ULOG_SUBMIT for HTCondor Node EDAJob (145.0.0) {01/12/25 14:10:09}
01/12/25 14:10:14 Number of idle job procs: 1
01/12/25 14:10:14 Reassigning the id of job SplitJob from (146.0.0) to (146.0.0)
01/12/25 14:10:14 Event: ULOG_SUBMIT for HTCondor Node SplitJob (146.0.0) {01/12/25 14:10:09}
01/12/25 14:10:14 Number of idle job procs: 2
01/12/25 14:10:14 Event: ULOG_EXECUTE for HTCondor Node EDAJob (145.0.0) {01/12/25 14:10:10}
01/12/25 14:10:14 Number of idle job procs: 1
01/12/25 14:10:34 Currently monitoring 1 HTCondor log file(s)
01/12/25 14:10:34 Event: ULOG_EXECUTE for HTCondor Node SplitJob (146.0.0) {01/12/25 14:10:30}
01/12/25 14:10:34 Number of idle job procs: 0
01/12/25 14:10:34 Event: ULOG_JOB_TERMINATED for HTCondor Node SplitJob (146.0.0) {01/12/25 14:10:32}
01/12/25 14:10:34 Number of idle job procs: 0
01/12/25 14:10:34 Node SplitJob job proc (146.0.0) completed successfully.
01/12/25 14:10:34 Node SplitJob job completed
01/12/25 14:10:34 DAG status: 0 (DAG_STATUS_OK)
01/12/25 14:10:34 Of 5 nodes total:
01/12/25 14:10:34  Done     Pre   Queued    Post   Ready   Un-Ready   Failed   Futile
01/12/25 14:10:34   ===     ===      ===     ===     ===        ===      ===      ===
01/12/25 14:10:34     3       0        1       0       1          0        0        0
01/12/25 14:10:34 0 job proc(s) currently held
01/12/25 14:10:34 DAGMan Runtime Statistics: [EventCycleTimeAvg = 0.03891997337341309; EventCycleTimeCount = 10.0; EventCycleTimeMax = 0.09213900566101074; EventCycleTimeMin = 2.312660217285156E-05; EventCycleTimeStd = 0.03422445566883281; EventCycleTimeSum = 0.3891997337341309; LogProcessCycleTimeAvg = 0.02758922576904297; LogProcessCycleTimeCount = 5.0; LogProcessCycleTimeMax = 0.03285813331604004; LogProcessCycleTimeMin = 0.02019906044006348; LogProcessCycleTimeStd = 0.005442263437795625; LogProcessCycleTimeSum = 0.1379461288452148; SleepCycleTimeAvg = 5.005232524871826; SleepCycleTimeCount = 10.0; SleepCycleTimeMax = 5.005558967590332; SleepCycleTimeMin = 5.005006074905396; SleepCycleTimeStd = 0.0001975726540789707; SleepCycleTimeSum = 50.05232524871826; SubmitCycleTimeAvg = 0.01113598996942694; SubmitCycleTimeCount = 11.0; SubmitCycleTimeMax = 0.05328607559204102; SubmitCycleTimeMin = 1.9073486328125E-06; SubmitCycleTimeStd = 0.01989069376082218; SubmitCycleTimeSum = 0.1224958896636963; ]
01/12/25 14:10:39 Submitting HTCondor Node TrainLR job(s)...
01/12/25 14:10:39 Submitting node TrainLR from file train_lr.sub using direct job submission
01/12/25 14:10:39 	assigned HTCondor ID (147.0.0)
01/12/25 14:10:39 Just submitted 1 job this cycle...
01/12/25 14:10:39 DAG status: 0 (DAG_STATUS_OK)
01/12/25 14:10:39 Of 5 nodes total:
01/12/25 14:10:39  Done     Pre   Queued    Post   Ready   Un-Ready   Failed   Futile
01/12/25 14:10:39   ===     ===      ===     ===     ===        ===      ===      ===
01/12/25 14:10:39     3       0        2       0       0          0        0        0
01/12/25 14:10:39 0 job proc(s) currently held
01/12/25 14:10:39 DAGMan Runtime Statistics: [EventCycleTimeAvg = 0.03949007120999423; EventCycleTimeCount = 11.0; EventCycleTimeMax = 0.09213900566101074; EventCycleTimeMin = 2.312660217285156E-05; EventCycleTimeStd = 0.03252317875333116; EventCycleTimeSum = 0.4343907833099365; LogProcessCycleTimeAvg = 0.02758922576904297; LogProcessCycleTimeCount = 5.0; LogProcessCycleTimeMax = 0.03285813331604004; LogProcessCycleTimeMin = 0.02019906044006348; LogProcessCycleTimeStd = 0.005442263437795625; LogProcessCycleTimeSum = 0.1379461288452148; SleepCycleTimeAvg = 5.00522010976618; SleepCycleTimeCount = 11.0; SleepCycleTimeMax = 5.005558967590332; SleepCycleTimeMin = 5.005006074905396; SleepCycleTimeStd = 0.0001919034682882094; SleepCycleTimeSum = 55.05742120742798; SubmitCycleTimeAvg = 0.01262623071670532; SubmitCycleTimeCount = 12.0; SubmitCycleTimeMax = 0.05328607559204102; SubmitCycleTimeMin = 1.9073486328125E-06; SubmitCycleTimeStd = 0.01965508236579525; SubmitCycleTimeSum = 0.1515147686004639; ]
01/12/25 14:10:44 Currently monitoring 1 HTCondor log file(s)
01/12/25 14:10:44 Reassigning the id of job TrainLR from (147.0.0) to (147.0.0)
01/12/25 14:10:44 Event: ULOG_SUBMIT for HTCondor Node TrainLR (147.0.0) {01/12/25 14:10:39}
01/12/25 14:10:44 Number of idle job procs: 1
01/12/25 14:10:44 Event: ULOG_EXECUTE for HTCondor Node TrainLR (147.0.0) {01/12/25 14:10:40}
01/12/25 14:10:44 Number of idle job procs: 0
01/12/25 14:11:04 Currently monitoring 1 HTCondor log file(s)
01/12/25 14:11:04 Event: ULOG_JOB_TERMINATED for HTCondor Node TrainLR (147.0.0) {01/12/25 14:11:02}
01/12/25 14:11:04 Number of idle job procs: 0
01/12/25 14:11:04 Node TrainLR job proc (147.0.0) failed with status 1.
01/12/25 14:11:04 DAG status: 2 (DAG_STATUS_NODE_FAILED)
01/12/25 14:11:04 Of 5 nodes total:
01/12/25 14:11:04  Done     Pre   Queued    Post   Ready   Un-Ready   Failed   Futile
01/12/25 14:11:04   ===     ===      ===     ===     ===        ===      ===      ===
01/12/25 14:11:04     3       0        1       0       0          0        1        0
01/12/25 14:11:04 0 job proc(s) currently held
01/12/25 14:11:04 DAGMan Runtime Statistics: [EventCycleTimeAvg = 0.03213711082935333; EventCycleTimeCount = 16.0; EventCycleTimeMax = 0.09213900566101074; EventCycleTimeMin = 2.312660217285156E-05; EventCycleTimeStd = 0.0317164280645334; EventCycleTimeSum = 0.5141937732696533; LogProcessCycleTimeAvg = 0.02455387796674456; LogProcessCycleTimeCount = 7.0; LogProcessCycleTimeMax = 0.03285813331604004; LogProcessCycleTimeMin = 0.01287388801574707; LogProcessCycleTimeStd = 0.007224830170524537; LogProcessCycleTimeSum = 0.1718771457672119; SleepCycleTimeAvg = 5.00542488694191; SleepCycleTimeCount = 16.0; SleepCycleTimeMax = 5.008848905563354; SleepCycleTimeMin = 5.0050048828125; SleepCycleTimeStd = 0.0009294560355188986; SleepCycleTimeSum = 80.08679819107056; SubmitCycleTimeAvg = 0.008913531022913316; SubmitCycleTimeCount = 17.0; SubmitCycleTimeMax = 0.05328607559204102; SubmitCycleTimeMin = 1.9073486328125E-06; SubmitCycleTimeStd = 0.01734203304614611; SubmitCycleTimeSum = 0.1515300273895264; ]
01/12/25 14:11:49 Currently monitoring 1 HTCondor log file(s)
01/12/25 14:11:49 Event: ULOG_JOB_TERMINATED for HTCondor Node EDAJob (145.0.0) {01/12/25 14:11:45}
01/12/25 14:11:49 Number of idle job procs: 0
01/12/25 14:11:49 Node EDAJob job proc (145.0.0) completed successfully.
01/12/25 14:11:49 Node EDAJob job completed
01/12/25 14:11:49 DAG status: 2 (DAG_STATUS_NODE_FAILED)
01/12/25 14:11:49 Of 5 nodes total:
01/12/25 14:11:49  Done     Pre   Queued    Post   Ready   Un-Ready   Failed   Futile
01/12/25 14:11:49   ===     ===      ===     ===     ===        ===      ===      ===
01/12/25 14:11:49     4       0        0       0       0          0        1        0
01/12/25 14:11:49 0 job proc(s) currently held
01/12/25 14:11:49 DAGMan Runtime Statistics: [EventCycleTimeAvg = 0.02197744369506836; EventCycleTimeCount = 25.0; EventCycleTimeMax = 0.09213900566101074; EventCycleTimeMin = 2.193450927734375E-05; EventCycleTimeStd = 0.02941355672839341; EventCycleTimeSum = 0.549436092376709; LogProcessCycleTimeAvg = 0.0239308774471283; LogProcessCycleTimeCount = 8.0; LogProcessCycleTimeMax = 0.03285813331604004; LogProcessCycleTimeMin = 0.01287388801574707; LogProcessCycleTimeStd = 0.00691710391725043; LogProcessCycleTimeSum = 0.1914470195770264; SleepCycleTimeAvg = 5.005327072143555; SleepCycleTimeCount = 25.0; SleepCycleTimeMax = 5.008848905563354; SleepCycleTimeMin = 5.003118991851807; SleepCycleTimeStd = 0.0009131675727118497; SleepCycleTimeSum = 125.1331768035889; SubmitCycleTimeAvg = 0.005829150860126202; SubmitCycleTimeCount = 26.0; SubmitCycleTimeMax = 0.05328607559204102; SubmitCycleTimeMin = 1.9073486328125E-06; SubmitCycleTimeStd = 0.0145315538837528; SubmitCycleTimeSum = 0.1515579223632812; ]
01/12/25 14:11:49 ERROR: the following job(s) failed:
01/12/25 14:11:49 ---------------------- Node ----------------------
01/12/25 14:11:49       Node Name: TrainLR
01/12/25 14:11:49            Noop: false
01/12/25 14:11:49          NodeID: 4
01/12/25 14:11:49     Node Status: STATUS_ERROR    
01/12/25 14:11:49 Node return val: 1
01/12/25 14:11:49           Error: Job proc (147.0.0) failed with status 1
01/12/25 14:11:49 Job Submit File: train_lr.sub
01/12/25 14:11:49  HTCondor Job ID: (147.0.0)
01/12/25 14:11:49 PARENTS: SplitJob WAITING: 0 CHILDREN: 
01/12/25 14:11:49 ---------------------------------------	<END>
01/12/25 14:11:49 Aborting DAG...
01/12/25 14:11:49 Writing Rescue DAG to dagman.dag.rescue001...
01/12/25 14:11:49 Removing submitted jobs...
01/12/25 14:11:49 Removing any/all submitted HTCondor jobs...
01/12/25 14:11:49 Running: /usr/bin/condor_rm -const DAGManJobId==142 -reason DAG' 'Abort:' 'DAG' 'is' 'exiting' 'and' 'writing' 'rescue' 'file.
01/12/25 14:11:50 Note: 0 total node deferrals because of -MaxJobs limit (0)
01/12/25 14:11:50 Note: 0 total node deferrals because of -MaxIdle limit (1000)
01/12/25 14:11:50 Note: 0 total node deferrals because of node category throttles
01/12/25 14:11:50 Note: 0 total PRE script deferrals because of -MaxPre limit (20) or DEFER
01/12/25 14:11:50 Note: 0 total POST script deferrals because of -MaxPost limit (20) or DEFER
01/12/25 14:11:50 Note: 0 total HOLD script deferrals because of -MaxHold limit (20) or DEFER
01/12/25 14:11:50 DAG status: 2 (DAG_STATUS_NODE_FAILED)
01/12/25 14:11:50 Of 5 nodes total:
01/12/25 14:11:50  Done     Pre   Queued    Post   Ready   Un-Ready   Failed   Futile
01/12/25 14:11:50   ===     ===      ===     ===     ===        ===      ===      ===
01/12/25 14:11:50     4       0        0       0       0          0        1        0
01/12/25 14:11:50 0 job proc(s) currently held
01/12/25 14:11:50 DAGMan Runtime Statistics: [EventCycleTimeAvg = 0.02197744369506836; EventCycleTimeCount = 25.0; EventCycleTimeMax = 0.09213900566101074; EventCycleTimeMin = 2.193450927734375E-05; EventCycleTimeStd = 0.02941355672839341; EventCycleTimeSum = 0.549436092376709; LogProcessCycleTimeAvg = 0.0239308774471283; LogProcessCycleTimeCount = 8.0; LogProcessCycleTimeMax = 0.03285813331604004; LogProcessCycleTimeMin = 0.01287388801574707; LogProcessCycleTimeStd = 0.00691710391725043; LogProcessCycleTimeSum = 0.1914470195770264; SleepCycleTimeAvg = 5.005327072143555; SleepCycleTimeCount = 25.0; SleepCycleTimeMax = 5.008848905563354; SleepCycleTimeMin = 5.003118991851807; SleepCycleTimeStd = 0.0009131675727118497; SleepCycleTimeSum = 125.1331768035889; SubmitCycleTimeAvg = 0.005829150860126202; SubmitCycleTimeCount = 26.0; SubmitCycleTimeMax = 0.05328607559204102; SubmitCycleTimeMin = 1.9073486328125E-06; SubmitCycleTimeStd = 0.0145315538837528; SubmitCycleTimeSum = 0.1515579223632812; ]
01/12/25 14:11:50 Wrote metrics file dagman.dag.metrics.
01/12/25 14:11:50 DAGMan Runtime Statistics: [EventCycleTimeAvg = 0.02197744369506836; EventCycleTimeCount = 25.0; EventCycleTimeMax = 0.09213900566101074; EventCycleTimeMin = 2.193450927734375E-05; EventCycleTimeStd = 0.02941355672839341; EventCycleTimeSum = 0.549436092376709; LogProcessCycleTimeAvg = 0.0239308774471283; LogProcessCycleTimeCount = 8.0; LogProcessCycleTimeMax = 0.03285813331604004; LogProcessCycleTimeMin = 0.01287388801574707; LogProcessCycleTimeStd = 0.00691710391725043; LogProcessCycleTimeSum = 0.1914470195770264; SleepCycleTimeAvg = 5.005327072143555; SleepCycleTimeCount = 25.0; SleepCycleTimeMax = 5.008848905563354; SleepCycleTimeMin = 5.003118991851807; SleepCycleTimeStd = 0.0009131675727118497; SleepCycleTimeSum = 125.1331768035889; SubmitCycleTimeAvg = 0.005829150860126202; SubmitCycleTimeCount = 26.0; SubmitCycleTimeMax = 0.05328607559204102; SubmitCycleTimeMin = 1.9073486328125E-06; SubmitCycleTimeStd = 0.0145315538837528; SubmitCycleTimeSum = 0.1515579223632812; ]
01/12/25 14:11:50 **** condor_scheduniv_exec.142.0 (condor_DAGMAN) pid 1678 EXITING WITH STATUS 1
01/12/25 14:22:56 ******************************************************
01/12/25 14:22:56 ** condor_scheduniv_exec.148.0 (CONDOR_DAGMAN) STARTING UP
01/12/25 14:22:56 ** /usr/bin/condor_dagman
01/12/25 14:22:56 ** SubsystemInfo: name=DAGMAN type=DAGMAN(9) class=CLIENT(2)
01/12/25 14:22:56 ** Configuration: subsystem:DAGMAN local:<NONE> class:CLIENT
01/12/25 14:22:56 ** $CondorVersion: 23.10.19 2025-01-03 BuildID: 777890 PackageID: 23.10.19-1+ubu24 GitSHA: 91176a00 $
01/12/25 14:22:56 ** $CondorPlatform: X86_64-Ubuntu_24.04 $
01/12/25 14:22:56 ** PID = 1775 RealUID = 1000
01/12/25 14:22:56 ** Log last touched 1/12 14:11:50
01/12/25 14:22:56 ******************************************************
01/12/25 14:22:56 Using config source: /etc/condor/condor_config
01/12/25 14:22:56 Using local config sources: 
01/12/25 14:22:56    /etc/condor/config.d/00-security
01/12/25 14:22:56    /etc/condor/config.d/01-submit.config
01/12/25 14:22:56    /etc/condor/config.d/10-stash-plugin.conf
01/12/25 14:22:56    /etc/condor/condor_config.local
01/12/25 14:22:56 config Macros = 75, Sorted = 75, StringBytes = 2326, TablesBytes = 2764
01/12/25 14:22:56 CLASSAD_CACHING is ENABLED
01/12/25 14:22:56 Daemon Log is logging: D_ALWAYS D_ERROR D_STATUS
01/12/25 14:22:56 DaemonCore: No command port requested.
01/12/25 14:22:56 DAGMAN_USE_STRICT setting: 1
01/12/25 14:22:56 DAGMAN_VERBOSITY setting: 3
01/12/25 14:22:56 DAGMAN_DEBUG_CACHE_SIZE setting: 5242880
01/12/25 14:22:56 DAGMAN_DEBUG_CACHE_ENABLE setting: False
01/12/25 14:22:56 DAGMAN_SUBMIT_DELAY setting: 0
01/12/25 14:22:56 DAGMAN_MAX_SUBMIT_ATTEMPTS setting: 6
01/12/25 14:22:56 DAGMAN_STARTUP_CYCLE_DETECT setting: False
01/12/25 14:22:56 DAGMAN_MAX_SUBMITS_PER_INTERVAL setting: 100
01/12/25 14:22:56 DAGMAN_AGGRESSIVE_SUBMIT setting: False
01/12/25 14:22:56 DAGMAN_USER_LOG_SCAN_INTERVAL setting: 5
01/12/25 14:22:56 DAGMAN_QUEUE_UPDATE_INTERVAL setting: 300
01/12/25 14:22:56 DAGMAN_DEFAULT_PRIORITY setting: 0
01/12/25 14:22:56 DAGMAN_SUPPRESS_NOTIFICATION setting: False
01/12/25 14:22:56 allow_events (DAGMAN_ALLOW_EVENTS) setting: 114
01/12/25 14:22:56 DAGMAN_RETRY_SUBMIT_FIRST setting: True
01/12/25 14:22:56 DAGMAN_RETRY_NODE_FIRST setting: False
01/12/25 14:22:56 DAGMAN_MAX_JOBS_IDLE setting: 1000
01/12/25 14:22:56 DAGMAN_MAX_JOBS_SUBMITTED setting: 0
01/12/25 14:22:56 DAGMAN_MAX_PRE_SCRIPTS setting: 20
01/12/25 14:22:56 DAGMAN_MAX_POST_SCRIPTS setting: 20
01/12/25 14:22:56 DAGMAN_MAX_HOLD_SCRIPTS setting: 20
01/12/25 14:22:56 DAGMAN_MUNGE_NODE_NAMES setting: True
01/12/25 14:22:56 DAGMAN_PROHIBIT_MULTI_JOBS setting: False
01/12/25 14:22:56 DAGMAN_SUBMIT_DEPTH_FIRST setting: False
01/12/25 14:22:56 DAGMAN_ALWAYS_RUN_POST setting: False
01/12/25 14:22:56 DAGMAN_CONDOR_SUBMIT_EXE setting: /usr/bin/condor_submit
01/12/25 14:22:56 DAGMAN_CONDOR_RM_EXE setting: /usr/bin/condor_rm
01/12/25 14:22:56 DAGMAN_USE_DIRECT_SUBMIT setting: True
01/12/25 14:22:56 DAGMAN_PRODUCE_JOB_CREDENTIALS setting: True
01/12/25 14:22:56 DAGMAN_DEFAULT_APPEND_VARS setting: False
01/12/25 14:22:56 DAGMAN_INHERIT_ATTRS_PREFIX setting: 
01/12/25 14:22:56 DAGMAN_INHERIT_ATTRS setting: 
01/12/25 14:22:56 DAGMAN_ABORT_DUPLICATES setting: True
01/12/25 14:22:56 DAGMAN_ABORT_ON_SCARY_SUBMIT setting: True
01/12/25 14:22:56 DAGMAN_PENDING_REPORT_INTERVAL setting: 600
01/12/25 14:22:56 DAGMAN_CHECK_QUEUE_INTERVAL setting: 28800
01/12/25 14:22:56 DAGMAN_AUTO_RESCUE setting: True
01/12/25 14:22:56 DAGMAN_MAX_RESCUE_NUM setting: 100
01/12/25 14:22:56 DAGMAN_WRITE_PARTIAL_RESCUE setting: True
01/12/25 14:22:56 DAGMAN_DEFAULT_NODE_LOG setting: @(DAG_DIR)/@(DAG_FILE).nodes.log
01/12/25 14:22:56 DAGMAN_GENERATE_SUBDAG_SUBMITS setting: True
01/12/25 14:22:56 DAGMAN_MAX_JOB_HOLDS setting: 100
01/12/25 14:22:56 DAGMAN_HOLD_CLAIM_TIME setting: 20
01/12/25 14:22:56 DAGMAN_SUPPRESS_JOB_LOGS setting: False
01/12/25 14:22:56 DAGMAN_REMOVE_NODE_JOBS setting: True
01/12/25 14:22:56 DAGMAN_REMOVE_JOBS_AFTER_LIMIT_CHANGE setting: False
01/12/25 14:22:56 DAGMAN will adjust edges after parsing
01/12/25 14:22:56 argv[0] == "condor_scheduniv_exec.148.0"
01/12/25 14:22:56 argv[1] == "-Lockfile"
01/12/25 14:22:56 argv[2] == "dagman.dag.lock"
01/12/25 14:22:56 argv[3] == "-Dag"
01/12/25 14:22:56 argv[4] == "dagman.dag"
01/12/25 14:22:56 argv[5] == "-MaxIdle"
01/12/25 14:22:56 argv[6] == "1000"
01/12/25 14:22:56 argv[7] == "-CsdVersion"
01/12/25 14:22:56 argv[8] == "$CondorVersion: 23.10.19 2025-01-03 BuildID: 777890 PackageID: 23.10.19-1+ubu24 GitSHA: 91176a00 $"
01/12/25 14:22:56 argv[9] == "-dagman"
01/12/25 14:22:56 argv[10] == "/usr/bin/condor_dagman"
01/12/25 14:22:56 argv[11] == "-AutoRescue"
01/12/25 14:22:56 argv[12] == "1"
01/12/25 14:22:56 argv[13] == "-DoRescueFrom"
01/12/25 14:22:56 argv[14] == "0"
01/12/25 14:22:56 argv[15] == "-force"
01/12/25 14:22:56 Can't open directory "/etc/condor/passwords.d" as PRIV_ROOT, errno: 13 (Permission denied)
01/12/25 14:22:56 Can't open directory "/etc/condor/passwords.d" as PRIV_ROOT, errno: 13 (Permission denied)
01/12/25 14:22:56 Workflow batch-id: <148.0>
01/12/25 14:22:56 Workflow batch-name: <dagman.dag+148>
01/12/25 14:22:56 Workflow accounting_group: <>
01/12/25 14:22:56 Workflow accounting_group_user: <>
01/12/25 14:22:56 Warning: failed to get attribute DAGNodeName
01/12/25 14:22:56 DAGMAN_LOG_ON_NFS_IS_ERROR setting: False
01/12/25 14:22:56 Default node log file is: </home/ubuntu/wqd7008_group_project/./dagman.dag.nodes.log>
01/12/25 14:22:56 DAG Lockfile will be written to dagman.dag.lock
01/12/25 14:22:56 DAG Input file is dagman.dag
01/12/25 14:22:56 Parsing 1 dagfiles
01/12/25 14:22:56 Parsing dagman.dag ...
01/12/25 14:22:56 Adjusting edges
01/12/25 14:22:56 Dag contains 7 total nodes
01/12/25 14:22:56 Bootstrapping...
01/12/25 14:22:56 Number of pre-completed nodes: 0
01/12/25 14:22:56 MultiLogFiles: truncating log file /home/ubuntu/wqd7008_group_project/./dagman.dag.nodes.log
01/12/25 14:22:56 DAG status: 0 (DAG_STATUS_OK)
01/12/25 14:22:56 Of 7 nodes total:
01/12/25 14:22:56  Done     Pre   Queued    Post   Ready   Un-Ready   Failed   Futile
01/12/25 14:22:56   ===     ===      ===     ===     ===        ===      ===      ===
01/12/25 14:22:56     0       0        0       0       1          6        0        0
01/12/25 14:22:56 0 job proc(s) currently held
01/12/25 14:22:56 DAGMan Runtime Statistics: [EventCycleTimeCount = 0.0; EventCycleTimeSum = 0.0; LogProcessCycleTimeCount = 0.0; LogProcessCycleTimeSum = 0.0; SleepCycleTimeCount = 0.0; SleepCycleTimeSum = 0.0; SubmitCycleTimeCount = 0.0; SubmitCycleTimeSum = 0.0; ]
01/12/25 14:22:56 Registering condor_event_timer...
01/12/25 14:22:57 Submitting HTCondor Node ImportJob job(s)...
01/12/25 14:22:57 Submitting node ImportJob from file import.sub using direct job submission
01/12/25 14:22:57 	assigned HTCondor ID (149.0.0)
01/12/25 14:22:57 Just submitted 1 job this cycle...
01/12/25 14:22:57 DAG status: 0 (DAG_STATUS_OK)
01/12/25 14:22:57 Of 7 nodes total:
01/12/25 14:22:57  Done     Pre   Queued    Post   Ready   Un-Ready   Failed   Futile
01/12/25 14:22:57   ===     ===      ===     ===     ===        ===      ===      ===
01/12/25 14:22:57     0       0        1       0       0          6        0        0
01/12/25 14:22:57 0 job proc(s) currently held
01/12/25 14:22:57 DAGMan Runtime Statistics: [EventCycleTimeCount = 0.0; EventCycleTimeSum = 0.0; LogProcessCycleTimeCount = 0.0; LogProcessCycleTimeSum = 0.0; SleepCycleTimeCount = 0.0; SleepCycleTimeSum = 0.0; SubmitCycleTimeAvg = 0.03631591796875; SubmitCycleTimeCount = 1.0; SubmitCycleTimeMax = 0.03631591796875; SubmitCycleTimeMin = 0.03631591796875; SubmitCycleTimeStd = 0.03631591796875; SubmitCycleTimeSum = 0.03631591796875; ]
01/12/25 14:23:02 Currently monitoring 1 HTCondor log file(s)
01/12/25 14:23:02 Reassigning the id of job ImportJob from (149.0.0) to (149.0.0)
01/12/25 14:23:02 Event: ULOG_SUBMIT for HTCondor Node ImportJob (149.0.0) {01/12/25 14:22:57}
01/12/25 14:23:02 Number of idle job procs: 1
01/12/25 14:23:12 Currently monitoring 1 HTCondor log file(s)
01/12/25 14:23:12 Event: ULOG_EXECUTE for HTCondor Node ImportJob (149.0.0) {01/12/25 14:23:12}
01/12/25 14:23:12 Number of idle job procs: 0
01/12/25 14:23:12 Event: ULOG_JOB_TERMINATED for HTCondor Node ImportJob (149.0.0) {01/12/25 14:23:12}
01/12/25 14:23:12 Number of idle job procs: 0
01/12/25 14:23:12 Node ImportJob job proc (149.0.0) completed successfully.
01/12/25 14:23:12 Node ImportJob job completed
01/12/25 14:23:12 DAG status: 0 (DAG_STATUS_OK)
01/12/25 14:23:12 Of 7 nodes total:
01/12/25 14:23:12  Done     Pre   Queued    Post   Ready   Un-Ready   Failed   Futile
01/12/25 14:23:12   ===     ===      ===     ===     ===        ===      ===      ===
01/12/25 14:23:12     1       0        0       0       1          5        0        0
01/12/25 14:23:12 0 job proc(s) currently held
01/12/25 14:23:12 DAGMan Runtime Statistics: [EventCycleTimeAvg = 0.0340723991394043; EventCycleTimeCount = 3.0; EventCycleTimeMax = 0.07857608795166016; EventCycleTimeMin = 3.004074096679688E-05; EventCycleTimeStd = 0.04030446574049119; EventCycleTimeSum = 0.1022171974182129; LogProcessCycleTimeAvg = 0.02254796028137207; LogProcessCycleTimeCount = 2.0; LogProcessCycleTimeMax = 0.02358293533325195; LogProcessCycleTimeMin = 0.02151298522949219; LogProcessCycleTimeStd = 0.001463675755086328; LogProcessCycleTimeSum = 0.04509592056274414; SleepCycleTimeAvg = 5.005273977915446; SleepCycleTimeCount = 3.0; SleepCycleTimeMax = 5.005542993545532; SleepCycleTimeMin = 5.00509786605835; SleepCycleTimeStd = 0.0002366599850022107; SleepCycleTimeSum = 15.01582193374634; SubmitCycleTimeAvg = 0.009081780910491943; SubmitCycleTimeCount = 4.0; SubmitCycleTimeMax = 0.03631591796875; SubmitCycleTimeMin = 3.099441528320312E-06; SubmitCycleTimeStd = 0.01815609137773794; SubmitCycleTimeSum = 0.03632712364196777; ]
01/12/25 14:23:17 Submitting HTCondor Node PreprocessJob job(s)...
01/12/25 14:23:17 Submitting node PreprocessJob from file preprocess.sub using direct job submission
01/12/25 14:23:17 	assigned HTCondor ID (150.0.0)
01/12/25 14:23:18 Just submitted 1 job this cycle...
01/12/25 14:23:18 DAG status: 0 (DAG_STATUS_OK)
01/12/25 14:23:18 Of 7 nodes total:
01/12/25 14:23:18  Done     Pre   Queued    Post   Ready   Un-Ready   Failed   Futile
01/12/25 14:23:18   ===     ===      ===     ===     ===        ===      ===      ===
01/12/25 14:23:18     1       0        1       0       0          5        0        0
01/12/25 14:23:18 0 job proc(s) currently held
01/12/25 14:23:18 DAGMan Runtime Statistics: [EventCycleTimeAvg = 0.03770703077316284; EventCycleTimeCount = 4.0; EventCycleTimeMax = 0.07857608795166016; EventCycleTimeMin = 3.004074096679688E-05; EventCycleTimeStd = 0.03370176297371932; EventCycleTimeSum = 0.1508281230926514; LogProcessCycleTimeAvg = 0.02254796028137207; LogProcessCycleTimeCount = 2.0; LogProcessCycleTimeMax = 0.02358293533325195; LogProcessCycleTimeMin = 0.02151298522949219; LogProcessCycleTimeStd = 0.001463675755086328; LogProcessCycleTimeSum = 0.04509592056274414; SleepCycleTimeAvg = 5.004189729690552; SleepCycleTimeCount = 4.0; SleepCycleTimeMax = 5.005542993545532; SleepCycleTimeMin = 5.000936985015869; SleepCycleTimeStd = 0.002177088764436829; SleepCycleTimeSum = 20.01675891876221; SubmitCycleTimeAvg = 0.01278862953186035; SubmitCycleTimeCount = 5.0; SubmitCycleTimeMax = 0.03631591796875; SubmitCycleTimeMin = 3.099441528320312E-06; SubmitCycleTimeStd = 0.01777459912617671; SubmitCycleTimeSum = 0.06394314765930176; ]
01/12/25 14:23:23 Currently monitoring 1 HTCondor log file(s)
01/12/25 14:23:23 Reassigning the id of job PreprocessJob from (150.0.0) to (150.0.0)
01/12/25 14:23:23 Event: ULOG_SUBMIT for HTCondor Node PreprocessJob (150.0.0) {01/12/25 14:23:17}
01/12/25 14:23:23 Number of idle job procs: 1
01/12/25 14:23:23 Event: ULOG_EXECUTE for HTCondor Node PreprocessJob (150.0.0) {01/12/25 14:23:19}
01/12/25 14:23:23 Number of idle job procs: 0
01/12/25 14:23:23 Event: ULOG_JOB_TERMINATED for HTCondor Node PreprocessJob (150.0.0) {01/12/25 14:23:22}
01/12/25 14:23:23 Number of idle job procs: 0
01/12/25 14:23:23 Node PreprocessJob job proc (150.0.0) completed successfully.
01/12/25 14:23:23 Node PreprocessJob job completed
01/12/25 14:23:23 DAG status: 0 (DAG_STATUS_OK)
01/12/25 14:23:23 Of 7 nodes total:
01/12/25 14:23:23  Done     Pre   Queued    Post   Ready   Un-Ready   Failed   Futile
01/12/25 14:23:23   ===     ===      ===     ===     ===        ===      ===      ===
01/12/25 14:23:23     2       0        0       0       2          3        0        0
01/12/25 14:23:23 0 job proc(s) currently held
01/12/25 14:23:23 DAGMan Runtime Statistics: [EventCycleTimeAvg = 0.04194560050964356; EventCycleTimeCount = 5.0; EventCycleTimeMax = 0.07857608795166016; EventCycleTimeMin = 3.004074096679688E-05; EventCycleTimeStd = 0.03068686995618191; EventCycleTimeSum = 0.2097280025482178; LogProcessCycleTimeAvg = 0.02665567398071289; LogProcessCycleTimeCount = 3.0; LogProcessCycleTimeMax = 0.03487110137939453; LogProcessCycleTimeMin = 0.02151298522949219; LogProcessCycleTimeStd = 0.00718965290297595; LogProcessCycleTimeSum = 0.07996702194213867; SleepCycleTimeAvg = 5.004368019104004; SleepCycleTimeCount = 5.0; SleepCycleTimeMax = 5.005542993545532; SleepCycleTimeMin = 5.000936985015869; SleepCycleTimeStd = 0.001927102018631297; SleepCycleTimeSum = 25.02184009552002; SubmitCycleTimeAvg = 0.01065786679585775; SubmitCycleTimeCount = 6.0; SubmitCycleTimeMax = 0.03631591796875; SubmitCycleTimeMin = 3.099441528320312E-06; SubmitCycleTimeStd = 0.01673290167005858; SubmitCycleTimeSum = 0.06394720077514648; ]
01/12/25 14:23:28 Submitting HTCondor Node EDAJob job(s)...
01/12/25 14:23:28 Submitting node EDAJob from file eda.sub using direct job submission
01/12/25 14:23:28 	assigned HTCondor ID (151.0.0)
01/12/25 14:23:28 Submitting HTCondor Node SplitJob job(s)...
01/12/25 14:23:28 Submitting node SplitJob from file split.sub using direct job submission
01/12/25 14:23:28 	assigned HTCondor ID (152.0.0)
01/12/25 14:23:28 Just submitted 2 jobs this cycle...
01/12/25 14:23:28 DAG status: 0 (DAG_STATUS_OK)
01/12/25 14:23:28 Of 7 nodes total:
01/12/25 14:23:28  Done     Pre   Queued    Post   Ready   Un-Ready   Failed   Futile
01/12/25 14:23:28   ===     ===      ===     ===     ===        ===      ===      ===
01/12/25 14:23:28     2       0        2       0       0          3        0        0
01/12/25 14:23:28 0 job proc(s) currently held
01/12/25 14:23:28 DAGMan Runtime Statistics: [EventCycleTimeAvg = 0.04379880428314209; EventCycleTimeCount = 6.0; EventCycleTimeMax = 0.07857608795166016; EventCycleTimeMin = 3.004074096679688E-05; EventCycleTimeStd = 0.0278200175327542; EventCycleTimeSum = 0.2627928256988525; LogProcessCycleTimeAvg = 0.02665567398071289; LogProcessCycleTimeCount = 3.0; LogProcessCycleTimeMax = 0.03487110137939453; LogProcessCycleTimeMin = 0.02151298522949219; LogProcessCycleTimeStd = 0.00718965290297595; LogProcessCycleTimeSum = 0.07996702194213867; SleepCycleTimeAvg = 5.004490375518799; SleepCycleTimeCount = 6.0; SleepCycleTimeMax = 5.005542993545532; SleepCycleTimeMin = 5.000936985015869; SleepCycleTimeStd = 0.001749515448970798; SleepCycleTimeSum = 30.02694225311279; SubmitCycleTimeAvg = 0.01608790670122419; SubmitCycleTimeCount = 7.0; SubmitCycleTimeMax = 0.04866814613342285; SubmitCycleTimeMin = 3.099441528320312E-06; SubmitCycleTimeStd = 0.02096955727239638; SubmitCycleTimeSum = 0.1126153469085693; ]
01/12/25 14:23:33 Currently monitoring 1 HTCondor log file(s)
01/12/25 14:23:33 Reassigning the id of job EDAJob from (151.0.0) to (151.0.0)
01/12/25 14:23:33 Event: ULOG_SUBMIT for HTCondor Node EDAJob (151.0.0) {01/12/25 14:23:28}
01/12/25 14:23:33 Number of idle job procs: 1
01/12/25 14:23:33 Reassigning the id of job SplitJob from (152.0.0) to (152.0.0)
01/12/25 14:23:33 Event: ULOG_SUBMIT for HTCondor Node SplitJob (152.0.0) {01/12/25 14:23:28}
01/12/25 14:23:33 Number of idle job procs: 2
01/12/25 14:23:33 Event: ULOG_EXECUTE for HTCondor Node EDAJob (151.0.0) {01/12/25 14:23:29}
01/12/25 14:23:33 Number of idle job procs: 1
01/12/25 14:23:33 Event: ULOG_EXECUTE for HTCondor Node SplitJob (152.0.0) {01/12/25 14:23:31}
01/12/25 14:23:33 Number of idle job procs: 0
01/12/25 14:23:33 Event: ULOG_JOB_TERMINATED for HTCondor Node SplitJob (152.0.0) {01/12/25 14:23:32}
01/12/25 14:23:33 Number of idle job procs: 0
01/12/25 14:23:33 Node SplitJob job proc (152.0.0) completed successfully.
01/12/25 14:23:33 Node SplitJob job completed
01/12/25 14:23:33 DAG status: 0 (DAG_STATUS_OK)
01/12/25 14:23:33 Of 7 nodes total:
01/12/25 14:23:33  Done     Pre   Queued    Post   Ready   Un-Ready   Failed   Futile
01/12/25 14:23:33   ===     ===      ===     ===     ===        ===      ===      ===
01/12/25 14:23:33     3       0        1       0       3          0        0        0
01/12/25 14:23:33 0 job proc(s) currently held
01/12/25 14:23:33 DAGMan Runtime Statistics: [EventCycleTimeAvg = 0.04884154456002372; EventCycleTimeCount = 7.0; EventCycleTimeMax = 0.07909798622131348; EventCycleTimeMin = 3.004074096679688E-05; EventCycleTimeStd = 0.0286873796776483; EventCycleTimeSum = 0.341890811920166; LogProcessCycleTimeAvg = 0.03406977653503418; LogProcessCycleTimeCount = 4.0; LogProcessCycleTimeMax = 0.05631208419799805; LogProcessCycleTimeMin = 0.02151298522949219; LogProcessCycleTimeStd = 0.01594792795279335; LogProcessCycleTimeSum = 0.1362791061401367; SleepCycleTimeAvg = 5.004577330180576; SleepCycleTimeCount = 7.0; SleepCycleTimeMax = 5.005542993545532; SleepCycleTimeMin = 5.000936985015869; SleepCycleTimeStd = 0.001613566871334277; SleepCycleTimeSum = 35.03204131126404; SubmitCycleTimeAvg = 0.01407730579376221; SubmitCycleTimeCount = 8.0; SubmitCycleTimeMax = 0.04866814613342285; SubmitCycleTimeMin = 3.099441528320312E-06; SubmitCycleTimeStd = 0.02022980435506956; SubmitCycleTimeSum = 0.1126184463500977; ]
01/12/25 14:23:38 Submitting HTCondor Node TrainLR job(s)...
01/12/25 14:23:38 Submitting node TrainLR from file train_lr.sub using direct job submission
01/12/25 14:23:38 	assigned HTCondor ID (153.0.0)
01/12/25 14:23:38 Submitting HTCondor Node TrainRF job(s)...
01/12/25 14:23:38 Submitting node TrainRF from file train_rf.sub using direct job submission
01/12/25 14:23:38 	assigned HTCondor ID (154.0.0)
01/12/25 14:23:38 Submitting HTCondor Node TrainGB job(s)...
01/12/25 14:23:38 Submitting node TrainGB from file train_gb.sub using direct job submission
01/12/25 14:23:38 	assigned HTCondor ID (155.0.0)
01/12/25 14:23:38 Just submitted 3 jobs this cycle...
01/12/25 14:23:38 DAG status: 0 (DAG_STATUS_OK)
01/12/25 14:23:38 Of 7 nodes total:
01/12/25 14:23:38  Done     Pre   Queued    Post   Ready   Un-Ready   Failed   Futile
01/12/25 14:23:38   ===     ===      ===     ===     ===        ===      ===      ===
01/12/25 14:23:38     3       0        4       0       0          0        0        0
01/12/25 14:23:38 0 job proc(s) currently held
01/12/25 14:23:38 DAGMan Runtime Statistics: [EventCycleTimeAvg = 0.05262058973312378; EventCycleTimeCount = 8.0; EventCycleTimeMax = 0.07909798622131348; EventCycleTimeMin = 3.004074096679688E-05; EventCycleTimeStd = 0.02862950708661014; EventCycleTimeSum = 0.4209647178649902; LogProcessCycleTimeAvg = 0.03406977653503418; LogProcessCycleTimeCount = 4.0; LogProcessCycleTimeMax = 0.05631208419799805; LogProcessCycleTimeMin = 0.02151298522949219; LogProcessCycleTimeStd = 0.01594792795279335; LogProcessCycleTimeSum = 0.1362791061401367; SleepCycleTimeAvg = 5.004668653011322; SleepCycleTimeCount = 8.0; SleepCycleTimeMax = 5.005542993545532; SleepCycleTimeMin = 5.000936985015869; SleepCycleTimeStd = 0.001516039031386061; SleepCycleTimeSum = 40.03734922409058; SubmitCycleTimeAvg = 0.02133650249905057; SubmitCycleTimeCount = 9.0; SubmitCycleTimeMax = 0.07941007614135742; SubmitCycleTimeMin = 3.099441528320312E-06; SubmitCycleTimeStd = 0.02885052499467673; SubmitCycleTimeSum = 0.1920285224914551; ]
01/12/25 14:23:43 Currently monitoring 1 HTCondor log file(s)
01/12/25 14:23:43 Reassigning the id of job TrainLR from (153.0.0) to (153.0.0)
01/12/25 14:23:43 Event: ULOG_SUBMIT for HTCondor Node TrainLR (153.0.0) {01/12/25 14:23:38}
01/12/25 14:23:43 Number of idle job procs: 1
01/12/25 14:23:43 Reassigning the id of job TrainRF from (154.0.0) to (154.0.0)
01/12/25 14:23:43 Event: ULOG_SUBMIT for HTCondor Node TrainRF (154.0.0) {01/12/25 14:23:38}
01/12/25 14:23:43 Number of idle job procs: 2
01/12/25 14:23:43 Reassigning the id of job TrainGB from (155.0.0) to (155.0.0)
01/12/25 14:23:43 Event: ULOG_SUBMIT for HTCondor Node TrainGB (155.0.0) {01/12/25 14:23:38}
01/12/25 14:23:43 Number of idle job procs: 3
01/12/25 14:23:43 Event: ULOG_EXECUTE for HTCondor Node TrainLR (153.0.0) {01/12/25 14:23:39}
01/12/25 14:23:43 Number of idle job procs: 2
01/12/25 14:24:03 Currently monitoring 1 HTCondor log file(s)
01/12/25 14:24:03 Event: ULOG_JOB_TERMINATED for HTCondor Node TrainLR (153.0.0) {01/12/25 14:24:00}
01/12/25 14:24:03 Number of idle job procs: 2
01/12/25 14:24:03 Node TrainLR job proc (153.0.0) failed with status 1.
01/12/25 14:24:03 Event: ULOG_EXECUTE for HTCondor Node TrainRF (154.0.0) {01/12/25 14:24:02}
01/12/25 14:24:03 Number of idle job procs: 1
01/12/25 14:24:03 DAG status: 2 (DAG_STATUS_NODE_FAILED)
01/12/25 14:24:03 Of 7 nodes total:
01/12/25 14:24:03  Done     Pre   Queued    Post   Ready   Un-Ready   Failed   Futile
01/12/25 14:24:03   ===     ===      ===     ===     ===        ===      ===      ===
01/12/25 14:24:03     3       0        3       0       0          0        1        0
01/12/25 14:24:03 0 job proc(s) currently held
01/12/25 14:24:03 DAGMan Runtime Statistics: [EventCycleTimeAvg = 0.04345829670245831; EventCycleTimeCount = 13.0; EventCycleTimeMax = 0.1056761741638184; EventCycleTimeMin = 2.884864807128906E-05; EventCycleTimeStd = 0.03647530640406955; EventCycleTimeSum = 0.564957857131958; LogProcessCycleTimeAvg = 0.03431069850921631; LogProcessCycleTimeCount = 6.0; LogProcessCycleTimeMax = 0.05631208419799805; LogProcessCycleTimeMin = 0.02151298522949219; LogProcessCycleTimeStd = 0.01254480758226756; LogProcessCycleTimeSum = 0.2058641910552979; SleepCycleTimeAvg = 5.005052474828867; SleepCycleTimeCount = 13.0; SleepCycleTimeMax = 5.00765585899353; SleepCycleTimeMin = 5.000936985015869; SleepCycleTimeStd = 0.001418561549451348; SleepCycleTimeSum = 65.06568217277527; SubmitCycleTimeAvg = 0.01371725967952183; SubmitCycleTimeCount = 14.0; SubmitCycleTimeMax = 0.07941007614135742; SubmitCycleTimeMin = 1.9073486328125E-06; SubmitCycleTimeStd = 0.0249950063348052; SubmitCycleTimeSum = 0.1920416355133057; ]
01/12/25 14:24:28 Currently monitoring 1 HTCondor log file(s)
01/12/25 14:24:28 Event: ULOG_JOB_TERMINATED for HTCondor Node TrainRF (154.0.0) {01/12/25 14:24:27}
01/12/25 14:24:28 Number of idle job procs: 1
01/12/25 14:24:28 Node TrainRF job proc (154.0.0) failed with status 1.
01/12/25 14:24:28 DAG status: 2 (DAG_STATUS_NODE_FAILED)
01/12/25 14:24:28 Of 7 nodes total:
01/12/25 14:24:28  Done     Pre   Queued    Post   Ready   Un-Ready   Failed   Futile
01/12/25 14:24:28   ===     ===      ===     ===     ===        ===      ===      ===
01/12/25 14:24:28     3       0        2       0       0          0        2        0
01/12/25 14:24:28 0 job proc(s) currently held
01/12/25 14:24:28 DAGMan Runtime Statistics: [EventCycleTimeAvg = 0.0348387426800198; EventCycleTimeCount = 18.0; EventCycleTimeMax = 0.1056761741638184; EventCycleTimeMin = 2.884864807128906E-05; EventCycleTimeStd = 0.03639402534165037; EventCycleTimeSum = 0.6270973682403564; LogProcessCycleTimeAvg = 0.03212717601231167; LogProcessCycleTimeCount = 7.0; LogProcessCycleTimeMax = 0.05631208419799805; LogProcessCycleTimeMin = 0.01902604103088379; LogProcessCycleTimeStd = 0.01282645279067907; LogProcessCycleTimeSum = 0.2248902320861816; SleepCycleTimeAvg = 5.005095256699456; SleepCycleTimeCount = 18.0; SleepCycleTimeMax = 5.00765585899353; SleepCycleTimeMin = 5.000936985015869; SleepCycleTimeStd = 0.00119604040690365; SleepCycleTimeSum = 90.09171462059021; SubmitCycleTimeAvg = 0.01010835798163163; SubmitCycleTimeCount = 19.0; SubmitCycleTimeMax = 0.07941007614135742; SubmitCycleTimeMin = 1.9073486328125E-06; SubmitCycleTimeStd = 0.02212921694284001; SubmitCycleTimeSum = 0.192058801651001; ]
01/12/25 14:24:33 Currently monitoring 1 HTCondor log file(s)
01/12/25 14:24:33 Event: ULOG_EXECUTE for HTCondor Node TrainGB (155.0.0) {01/12/25 14:24:28}
01/12/25 14:24:33 Number of idle job procs: 0
01/12/25 14:25:08 Currently monitoring 1 HTCondor log file(s)
01/12/25 14:25:08 Event: ULOG_JOB_TERMINATED for HTCondor Node EDAJob (151.0.0) {01/12/25 14:25:08}
01/12/25 14:25:08 Number of idle job procs: 0
01/12/25 14:25:08 Node EDAJob job proc (151.0.0) completed successfully.
01/12/25 14:25:08 Node EDAJob job completed
01/12/25 14:25:08 DAG status: 2 (DAG_STATUS_NODE_FAILED)
01/12/25 14:25:08 Of 7 nodes total:
01/12/25 14:25:08  Done     Pre   Queued    Post   Ready   Un-Ready   Failed   Futile
01/12/25 14:25:08   ===     ===      ===     ===     ===        ===      ===      ===
01/12/25 14:25:08     4       0        1       0       0          0        2        0
01/12/25 14:25:08 0 job proc(s) currently held
01/12/25 14:25:08 DAGMan Runtime Statistics: [EventCycleTimeAvg = 0.02685994368333083; EventCycleTimeCount = 26.0; EventCycleTimeMax = 0.1056761741638184; EventCycleTimeMin = 2.789497375488281E-05; EventCycleTimeStd = 0.03401021485567056; EventCycleTimeSum = 0.6983585357666016; LogProcessCycleTimeAvg = 0.02949558364020453; LogProcessCycleTimeCount = 9.0; LogProcessCycleTimeMax = 0.05631208419799805; LogProcessCycleTimeMin = 0.01571393013000488; LogProcessCycleTimeStd = 0.01248520707522116; LogProcessCycleTimeSum = 0.2654602527618408; SleepCycleTimeAvg = 5.005228519439697; SleepCycleTimeCount = 26.0; SleepCycleTimeMax = 5.008426904678345; SleepCycleTimeMin = 5.000936985015869; SleepCycleTimeStd = 0.001182811298071383; SleepCycleTimeSum = 130.1359415054321; SubmitCycleTimeAvg = 0.007114171981811523; SubmitCycleTimeCount = 27.0; SubmitCycleTimeMax = 0.07941007614135742; SubmitCycleTimeMin = 1.9073486328125E-06; SubmitCycleTimeStd = 0.01900357314194752; SubmitCycleTimeSum = 0.1920826435089111; ]
01/12/25 14:26:18 Currently monitoring 1 HTCondor log file(s)
01/12/25 14:26:18 Event: ULOG_JOB_TERMINATED for HTCondor Node TrainGB (155.0.0) {01/12/25 14:26:16}
01/12/25 14:26:18 Number of idle job procs: 0
01/12/25 14:26:18 Node TrainGB job proc (155.0.0) failed with status 1.
01/12/25 14:26:18 DAG status: 2 (DAG_STATUS_NODE_FAILED)
01/12/25 14:26:18 Of 7 nodes total:
01/12/25 14:26:18  Done     Pre   Queued    Post   Ready   Un-Ready   Failed   Futile
01/12/25 14:26:18   ===     ===      ===     ===     ===        ===      ===      ===
01/12/25 14:26:18     4       0        0       0       0          0        3        0
01/12/25 14:26:18 0 job proc(s) currently held
01/12/25 14:26:18 DAGMan Runtime Statistics: [EventCycleTimeAvg = 0.01899336576461792; EventCycleTimeCount = 40.0; EventCycleTimeMax = 0.1056761741638184; EventCycleTimeMin = 2.789497375488281E-05; EventCycleTimeStd = 0.03073443876891021; EventCycleTimeSum = 0.7597346305847168; LogProcessCycleTimeAvg = 0.02848021984100342; LogProcessCycleTimeCount = 10.0; LogProcessCycleTimeMax = 0.05631208419799805; LogProcessCycleTimeMin = 0.01571393013000488; LogProcessCycleTimeStd = 0.01220122896230244; LogProcessCycleTimeSum = 0.2848021984100342; SleepCycleTimeAvg = 5.005185836553574; SleepCycleTimeCount = 40.0; SleepCycleTimeMax = 5.008426904678345; SleepCycleTimeMin = 5.000936985015869; SleepCycleTimeStd = 0.00124638897756117; SleepCycleTimeSum = 200.2074334621429; SubmitCycleTimeAvg = 0.004686012500669898; SubmitCycleTimeCount = 41.0; SubmitCycleTimeMax = 0.07941007614135742; SubmitCycleTimeMin = 1.9073486328125E-06; SubmitCycleTimeStd = 0.01569692044691415; SubmitCycleTimeSum = 0.1921265125274658; ]
01/12/25 14:26:18 ERROR: the following job(s) failed:
01/12/25 14:26:18 ---------------------- Node ----------------------
01/12/25 14:26:18       Node Name: TrainLR
01/12/25 14:26:18            Noop: false
01/12/25 14:26:18          NodeID: 4
01/12/25 14:26:18     Node Status: STATUS_ERROR    
01/12/25 14:26:18 Node return val: 1
01/12/25 14:26:18           Error: Job proc (153.0.0) failed with status 1
01/12/25 14:26:18 Job Submit File: train_lr.sub
01/12/25 14:26:18  HTCondor Job ID: (153.0.0)
01/12/25 14:26:18 PARENTS: SplitJob WAITING: 0 CHILDREN: 
01/12/25 14:26:18 ---------------------- Node ----------------------
01/12/25 14:26:18       Node Name: TrainRF
01/12/25 14:26:18            Noop: false
01/12/25 14:26:18          NodeID: 5
01/12/25 14:26:18     Node Status: STATUS_ERROR    
01/12/25 14:26:18 Node return val: 1
01/12/25 14:26:18           Error: Job proc (154.0.0) failed with status 1
01/12/25 14:26:18 Job Submit File: train_rf.sub
01/12/25 14:26:18  HTCondor Job ID: (154.0.0)
01/12/25 14:26:18 PARENTS: SplitJob WAITING: 0 CHILDREN: 
01/12/25 14:26:18 ---------------------- Node ----------------------
01/12/25 14:26:18       Node Name: TrainGB
01/12/25 14:26:18            Noop: false
01/12/25 14:26:18          NodeID: 6
01/12/25 14:26:18     Node Status: STATUS_ERROR    
01/12/25 14:26:18 Node return val: 1
01/12/25 14:26:18           Error: Job proc (155.0.0) failed with status 1
01/12/25 14:26:18 Job Submit File: train_gb.sub
01/12/25 14:26:18  HTCondor Job ID: (155.0.0)
01/12/25 14:26:18 PARENTS: SplitJob WAITING: 0 CHILDREN: 
01/12/25 14:26:18 ---------------------------------------	<END>
01/12/25 14:26:18 Aborting DAG...
01/12/25 14:26:18 Writing Rescue DAG to dagman.dag.rescue001...
01/12/25 14:26:19 Removing submitted jobs...
01/12/25 14:26:19 Removing any/all submitted HTCondor jobs...
01/12/25 14:26:19 Running: /usr/bin/condor_rm -const DAGManJobId==148 -reason DAG' 'Abort:' 'DAG' 'is' 'exiting' 'and' 'writing' 'rescue' 'file.
01/12/25 14:26:19 Note: 0 total node deferrals because of -MaxJobs limit (0)
01/12/25 14:26:19 Note: 0 total node deferrals because of -MaxIdle limit (1000)
01/12/25 14:26:19 Note: 0 total node deferrals because of node category throttles
01/12/25 14:26:19 Note: 0 total PRE script deferrals because of -MaxPre limit (20) or DEFER
01/12/25 14:26:19 Note: 0 total POST script deferrals because of -MaxPost limit (20) or DEFER
01/12/25 14:26:19 Note: 0 total HOLD script deferrals because of -MaxHold limit (20) or DEFER
01/12/25 14:26:19 DAG status: 2 (DAG_STATUS_NODE_FAILED)
01/12/25 14:26:19 Of 7 nodes total:
01/12/25 14:26:19  Done     Pre   Queued    Post   Ready   Un-Ready   Failed   Futile
01/12/25 14:26:19   ===     ===      ===     ===     ===        ===      ===      ===
01/12/25 14:26:19     4       0        0       0       0          0        3        0
01/12/25 14:26:19 0 job proc(s) currently held
01/12/25 14:26:19 DAGMan Runtime Statistics: [EventCycleTimeAvg = 0.01899336576461792; EventCycleTimeCount = 40.0; EventCycleTimeMax = 0.1056761741638184; EventCycleTimeMin = 2.789497375488281E-05; EventCycleTimeStd = 0.03073443876891021; EventCycleTimeSum = 0.7597346305847168; LogProcessCycleTimeAvg = 0.02848021984100342; LogProcessCycleTimeCount = 10.0; LogProcessCycleTimeMax = 0.05631208419799805; LogProcessCycleTimeMin = 0.01571393013000488; LogProcessCycleTimeStd = 0.01220122896230244; LogProcessCycleTimeSum = 0.2848021984100342; SleepCycleTimeAvg = 5.005185836553574; SleepCycleTimeCount = 40.0; SleepCycleTimeMax = 5.008426904678345; SleepCycleTimeMin = 5.000936985015869; SleepCycleTimeStd = 0.00124638897756117; SleepCycleTimeSum = 200.2074334621429; SubmitCycleTimeAvg = 0.004686012500669898; SubmitCycleTimeCount = 41.0; SubmitCycleTimeMax = 0.07941007614135742; SubmitCycleTimeMin = 1.9073486328125E-06; SubmitCycleTimeStd = 0.01569692044691415; SubmitCycleTimeSum = 0.1921265125274658; ]
01/12/25 14:26:19 Wrote metrics file dagman.dag.metrics.
01/12/25 14:26:19 DAGMan Runtime Statistics: [EventCycleTimeAvg = 0.01899336576461792; EventCycleTimeCount = 40.0; EventCycleTimeMax = 0.1056761741638184; EventCycleTimeMin = 2.789497375488281E-05; EventCycleTimeStd = 0.03073443876891021; EventCycleTimeSum = 0.7597346305847168; LogProcessCycleTimeAvg = 0.02848021984100342; LogProcessCycleTimeCount = 10.0; LogProcessCycleTimeMax = 0.05631208419799805; LogProcessCycleTimeMin = 0.01571393013000488; LogProcessCycleTimeStd = 0.01220122896230244; LogProcessCycleTimeSum = 0.2848021984100342; SleepCycleTimeAvg = 5.005185836553574; SleepCycleTimeCount = 40.0; SleepCycleTimeMax = 5.008426904678345; SleepCycleTimeMin = 5.000936985015869; SleepCycleTimeStd = 0.00124638897756117; SleepCycleTimeSum = 200.2074334621429; SubmitCycleTimeAvg = 0.004686012500669898; SubmitCycleTimeCount = 41.0; SubmitCycleTimeMax = 0.07941007614135742; SubmitCycleTimeMin = 1.9073486328125E-06; SubmitCycleTimeStd = 0.01569692044691415; SubmitCycleTimeSum = 0.1921265125274658; ]
01/12/25 14:26:19 **** condor_scheduniv_exec.148.0 (condor_DAGMAN) pid 1775 EXITING WITH STATUS 1
01/12/25 15:36:45 ******************************************************
01/12/25 15:36:45 ** condor_scheduniv_exec.156.0 (CONDOR_DAGMAN) STARTING UP
01/12/25 15:36:45 ** /usr/bin/condor_dagman
01/12/25 15:36:45 ** SubsystemInfo: name=DAGMAN type=DAGMAN(9) class=CLIENT(2)
01/12/25 15:36:45 ** Configuration: subsystem:DAGMAN local:<NONE> class:CLIENT
01/12/25 15:36:45 ** $CondorVersion: 23.10.19 2025-01-03 BuildID: 777890 PackageID: 23.10.19-1+ubu24 GitSHA: 91176a00 $
01/12/25 15:36:45 ** $CondorPlatform: X86_64-Ubuntu_24.04 $
01/12/25 15:36:45 ** PID = 1982 RealUID = 1000
01/12/25 15:36:45 ** Log last touched 1/12 14:26:19
01/12/25 15:36:45 ******************************************************
01/12/25 15:36:45 Using config source: /etc/condor/condor_config
01/12/25 15:36:45 Using local config sources: 
01/12/25 15:36:45    /etc/condor/config.d/00-security
01/12/25 15:36:45    /etc/condor/config.d/01-submit.config
01/12/25 15:36:45    /etc/condor/config.d/10-stash-plugin.conf
01/12/25 15:36:45    /etc/condor/condor_config.local
01/12/25 15:36:45 config Macros = 75, Sorted = 75, StringBytes = 2326, TablesBytes = 2764
01/12/25 15:36:45 CLASSAD_CACHING is ENABLED
01/12/25 15:36:45 Daemon Log is logging: D_ALWAYS D_ERROR D_STATUS
01/12/25 15:36:45 DaemonCore: No command port requested.
01/12/25 15:36:45 DAGMAN_USE_STRICT setting: 1
01/12/25 15:36:45 DAGMAN_VERBOSITY setting: 3
01/12/25 15:36:45 DAGMAN_DEBUG_CACHE_SIZE setting: 5242880
01/12/25 15:36:45 DAGMAN_DEBUG_CACHE_ENABLE setting: False
01/12/25 15:36:45 DAGMAN_SUBMIT_DELAY setting: 0
01/12/25 15:36:45 DAGMAN_MAX_SUBMIT_ATTEMPTS setting: 6
01/12/25 15:36:45 DAGMAN_STARTUP_CYCLE_DETECT setting: False
01/12/25 15:36:45 DAGMAN_MAX_SUBMITS_PER_INTERVAL setting: 100
01/12/25 15:36:45 DAGMAN_AGGRESSIVE_SUBMIT setting: False
01/12/25 15:36:45 DAGMAN_USER_LOG_SCAN_INTERVAL setting: 5
01/12/25 15:36:45 DAGMAN_QUEUE_UPDATE_INTERVAL setting: 300
01/12/25 15:36:45 DAGMAN_DEFAULT_PRIORITY setting: 0
01/12/25 15:36:45 DAGMAN_SUPPRESS_NOTIFICATION setting: False
01/12/25 15:36:45 allow_events (DAGMAN_ALLOW_EVENTS) setting: 114
01/12/25 15:36:45 DAGMAN_RETRY_SUBMIT_FIRST setting: True
01/12/25 15:36:45 DAGMAN_RETRY_NODE_FIRST setting: False
01/12/25 15:36:45 DAGMAN_MAX_JOBS_IDLE setting: 1000
01/12/25 15:36:45 DAGMAN_MAX_JOBS_SUBMITTED setting: 0
01/12/25 15:36:45 DAGMAN_MAX_PRE_SCRIPTS setting: 20
01/12/25 15:36:45 DAGMAN_MAX_POST_SCRIPTS setting: 20
01/12/25 15:36:45 DAGMAN_MAX_HOLD_SCRIPTS setting: 20
01/12/25 15:36:45 DAGMAN_MUNGE_NODE_NAMES setting: True
01/12/25 15:36:45 DAGMAN_PROHIBIT_MULTI_JOBS setting: False
01/12/25 15:36:45 DAGMAN_SUBMIT_DEPTH_FIRST setting: False
01/12/25 15:36:45 DAGMAN_ALWAYS_RUN_POST setting: False
01/12/25 15:36:45 DAGMAN_CONDOR_SUBMIT_EXE setting: /usr/bin/condor_submit
01/12/25 15:36:45 DAGMAN_CONDOR_RM_EXE setting: /usr/bin/condor_rm
01/12/25 15:36:45 DAGMAN_USE_DIRECT_SUBMIT setting: True
01/12/25 15:36:45 DAGMAN_PRODUCE_JOB_CREDENTIALS setting: True
01/12/25 15:36:45 DAGMAN_DEFAULT_APPEND_VARS setting: False
01/12/25 15:36:45 DAGMAN_INHERIT_ATTRS_PREFIX setting: 
01/12/25 15:36:45 DAGMAN_INHERIT_ATTRS setting: 
01/12/25 15:36:45 DAGMAN_ABORT_DUPLICATES setting: True
01/12/25 15:36:45 DAGMAN_ABORT_ON_SCARY_SUBMIT setting: True
01/12/25 15:36:45 DAGMAN_PENDING_REPORT_INTERVAL setting: 600
01/12/25 15:36:45 DAGMAN_CHECK_QUEUE_INTERVAL setting: 28800
01/12/25 15:36:45 DAGMAN_AUTO_RESCUE setting: True
01/12/25 15:36:45 DAGMAN_MAX_RESCUE_NUM setting: 100
01/12/25 15:36:45 DAGMAN_WRITE_PARTIAL_RESCUE setting: True
01/12/25 15:36:45 DAGMAN_DEFAULT_NODE_LOG setting: @(DAG_DIR)/@(DAG_FILE).nodes.log
01/12/25 15:36:45 DAGMAN_GENERATE_SUBDAG_SUBMITS setting: True
01/12/25 15:36:45 DAGMAN_MAX_JOB_HOLDS setting: 100
01/12/25 15:36:45 DAGMAN_HOLD_CLAIM_TIME setting: 20
01/12/25 15:36:45 DAGMAN_SUPPRESS_JOB_LOGS setting: False
01/12/25 15:36:45 DAGMAN_REMOVE_NODE_JOBS setting: True
01/12/25 15:36:45 DAGMAN_REMOVE_JOBS_AFTER_LIMIT_CHANGE setting: False
01/12/25 15:36:45 DAGMAN will adjust edges after parsing
01/12/25 15:36:45 argv[0] == "condor_scheduniv_exec.156.0"
01/12/25 15:36:45 argv[1] == "-Lockfile"
01/12/25 15:36:45 argv[2] == "dagman.dag.lock"
01/12/25 15:36:45 argv[3] == "-Dag"
01/12/25 15:36:45 argv[4] == "dagman.dag"
01/12/25 15:36:45 argv[5] == "-MaxIdle"
01/12/25 15:36:45 argv[6] == "1000"
01/12/25 15:36:45 argv[7] == "-CsdVersion"
01/12/25 15:36:45 argv[8] == "$CondorVersion: 23.10.19 2025-01-03 BuildID: 777890 PackageID: 23.10.19-1+ubu24 GitSHA: 91176a00 $"
01/12/25 15:36:45 argv[9] == "-dagman"
01/12/25 15:36:45 argv[10] == "/usr/bin/condor_dagman"
01/12/25 15:36:45 argv[11] == "-AutoRescue"
01/12/25 15:36:45 argv[12] == "1"
01/12/25 15:36:45 argv[13] == "-DoRescueFrom"
01/12/25 15:36:45 argv[14] == "0"
01/12/25 15:36:45 argv[15] == "-force"
01/12/25 15:36:45 Can't open directory "/etc/condor/passwords.d" as PRIV_ROOT, errno: 13 (Permission denied)
01/12/25 15:36:45 Can't open directory "/etc/condor/passwords.d" as PRIV_ROOT, errno: 13 (Permission denied)
01/12/25 15:36:45 Workflow batch-id: <156.0>
01/12/25 15:36:45 Workflow batch-name: <dagman.dag+156>
01/12/25 15:36:45 Workflow accounting_group: <>
01/12/25 15:36:45 Workflow accounting_group_user: <>
01/12/25 15:36:45 Warning: failed to get attribute DAGNodeName
01/12/25 15:36:45 DAGMAN_LOG_ON_NFS_IS_ERROR setting: False
01/12/25 15:36:45 Default node log file is: </home/ubuntu/wqd7008_group_project/./dagman.dag.nodes.log>
01/12/25 15:36:45 DAG Lockfile will be written to dagman.dag.lock
01/12/25 15:36:45 DAG Input file is dagman.dag
01/12/25 15:36:45 Parsing 1 dagfiles
01/12/25 15:36:45 Parsing dagman.dag ...
01/12/25 15:36:45 Adjusting edges
01/12/25 15:36:45 Dag contains 7 total nodes
01/12/25 15:36:45 Bootstrapping...
01/12/25 15:36:45 Number of pre-completed nodes: 0
01/12/25 15:36:45 MultiLogFiles: truncating log file /home/ubuntu/wqd7008_group_project/./dagman.dag.nodes.log
01/12/25 15:36:45 DAG status: 0 (DAG_STATUS_OK)
01/12/25 15:36:45 Of 7 nodes total:
01/12/25 15:36:45  Done     Pre   Queued    Post   Ready   Un-Ready   Failed   Futile
01/12/25 15:36:45   ===     ===      ===     ===     ===        ===      ===      ===
01/12/25 15:36:45     0       0        0       0       1          6        0        0
01/12/25 15:36:45 0 job proc(s) currently held
01/12/25 15:36:45 DAGMan Runtime Statistics: [EventCycleTimeCount = 0.0; EventCycleTimeSum = 0.0; LogProcessCycleTimeCount = 0.0; LogProcessCycleTimeSum = 0.0; SleepCycleTimeCount = 0.0; SleepCycleTimeSum = 0.0; SubmitCycleTimeCount = 0.0; SubmitCycleTimeSum = 0.0; ]
01/12/25 15:36:45 Registering condor_event_timer...
01/12/25 15:36:46 Submitting HTCondor Node ImportJob job(s)...
01/12/25 15:36:46 Submitting node ImportJob from file import.sub using direct job submission
01/12/25 15:36:46 	assigned HTCondor ID (157.0.0)
01/12/25 15:36:46 Just submitted 1 job this cycle...
01/12/25 15:36:46 DAG status: 0 (DAG_STATUS_OK)
01/12/25 15:36:46 Of 7 nodes total:
01/12/25 15:36:46  Done     Pre   Queued    Post   Ready   Un-Ready   Failed   Futile
01/12/25 15:36:46   ===     ===      ===     ===     ===        ===      ===      ===
01/12/25 15:36:46     0       0        1       0       0          6        0        0
01/12/25 15:36:46 0 job proc(s) currently held
01/12/25 15:36:46 DAGMan Runtime Statistics: [EventCycleTimeCount = 0.0; EventCycleTimeSum = 0.0; LogProcessCycleTimeCount = 0.0; LogProcessCycleTimeSum = 0.0; SleepCycleTimeCount = 0.0; SleepCycleTimeSum = 0.0; SubmitCycleTimeAvg = 0.03561210632324219; SubmitCycleTimeCount = 1.0; SubmitCycleTimeMax = 0.03561210632324219; SubmitCycleTimeMin = 0.03561210632324219; SubmitCycleTimeStd = 0.03561210632324219; SubmitCycleTimeSum = 0.03561210632324219; ]
01/12/25 15:36:51 Currently monitoring 1 HTCondor log file(s)
01/12/25 15:36:51 Reassigning the id of job ImportJob from (157.0.0) to (157.0.0)
01/12/25 15:36:51 Event: ULOG_SUBMIT for HTCondor Node ImportJob (157.0.0) {01/12/25 15:36:46}
01/12/25 15:36:51 Number of idle job procs: 1
01/12/25 15:37:11 Currently monitoring 1 HTCondor log file(s)
01/12/25 15:37:11 Event: ULOG_EXECUTE for HTCondor Node ImportJob (157.0.0) {01/12/25 15:37:07}
01/12/25 15:37:11 Number of idle job procs: 0
01/12/25 15:37:11 Event: ULOG_JOB_TERMINATED for HTCondor Node ImportJob (157.0.0) {01/12/25 15:37:07}
01/12/25 15:37:12 Number of idle job procs: 0
01/12/25 15:37:12 Node ImportJob job proc (157.0.0) completed successfully.
01/12/25 15:37:12 Node ImportJob job completed
01/12/25 15:37:12 DAG status: 0 (DAG_STATUS_OK)
01/12/25 15:37:12 Of 7 nodes total:
01/12/25 15:37:12  Done     Pre   Queued    Post   Ready   Un-Ready   Failed   Futile
01/12/25 15:37:12   ===     ===      ===     ===     ===        ===      ===      ===
01/12/25 15:37:12     1       0        0       0       1          5        0        0
01/12/25 15:37:12 0 job proc(s) currently held
01/12/25 15:37:12 DAGMan Runtime Statistics: [EventCycleTimeAvg = 0.01887493133544922; EventCycleTimeCount = 5.0; EventCycleTimeMax = 0.07556796073913574; EventCycleTimeMin = 2.288818359375E-05; EventCycleTimeStd = 0.03271090642872033; EventCycleTimeSum = 0.09437465667724609; LogProcessCycleTimeAvg = 0.02096939086914062; LogProcessCycleTimeCount = 2.0; LogProcessCycleTimeMax = 0.02323698997497559; LogProcessCycleTimeMin = 0.01870179176330566; LogProcessCycleTimeStd = 0.003206869409496905; LogProcessCycleTimeSum = 0.04193878173828125; SleepCycleTimeAvg = 5.004885864257813; SleepCycleTimeCount = 5.0; SleepCycleTimeMax = 5.005089044570923; SleepCycleTimeMin = 5.004106998443604; SleepCycleTimeStd = 0.0004354362526692353; SleepCycleTimeSum = 25.02442932128906; SubmitCycleTimeAvg = 0.005937655766805013; SubmitCycleTimeCount = 6.0; SubmitCycleTimeMax = 0.03561210632324219; SubmitCycleTimeMin = 1.9073486328125E-06; SubmitCycleTimeStd = 0.01453745245886932; SubmitCycleTimeSum = 0.03562593460083008; ]
01/12/25 15:37:17 Submitting HTCondor Node PreprocessJob job(s)...
01/12/25 15:37:17 Submitting node PreprocessJob from file preprocess.sub using direct job submission
01/12/25 15:37:17 	assigned HTCondor ID (158.0.0)
01/12/25 15:37:17 Just submitted 1 job this cycle...
01/12/25 15:37:17 DAG status: 0 (DAG_STATUS_OK)
01/12/25 15:37:17 Of 7 nodes total:
01/12/25 15:37:17  Done     Pre   Queued    Post   Ready   Un-Ready   Failed   Futile
01/12/25 15:37:17   ===     ===      ===     ===     ===        ===      ===      ===
01/12/25 15:37:17     1       0        1       0       0          5        0        0
01/12/25 15:37:17 0 job proc(s) currently held
01/12/25 15:37:17 DAGMan Runtime Statistics: [EventCycleTimeAvg = 0.02348546187082927; EventCycleTimeCount = 6.0; EventCycleTimeMax = 0.07556796073913574; EventCycleTimeMin = 2.288818359375E-05; EventCycleTimeStd = 0.0313615157544534; EventCycleTimeSum = 0.1409127712249756; LogProcessCycleTimeAvg = 0.02096939086914062; LogProcessCycleTimeCount = 2.0; LogProcessCycleTimeMax = 0.02323698997497559; LogProcessCycleTimeMin = 0.01870179176330566; LogProcessCycleTimeStd = 0.003206869409496905; LogProcessCycleTimeSum = 0.04193878173828125; SleepCycleTimeAvg = 5.004920681317647; SleepCycleTimeCount = 6.0; SleepCycleTimeMax = 5.005094766616821; SleepCycleTimeMin = 5.004106998443604; SleepCycleTimeStd = 0.0003986943095999179; SleepCycleTimeSum = 30.02952408790588; SubmitCycleTimeAvg = 0.009330000196184431; SubmitCycleTimeCount = 7.0; SubmitCycleTimeMax = 0.03561210632324219; SubmitCycleTimeMin = 1.9073486328125E-06; SubmitCycleTimeStd = 0.01602094280687092; SubmitCycleTimeSum = 0.06531000137329102; ]
01/12/25 15:37:22 Currently monitoring 1 HTCondor log file(s)
01/12/25 15:37:22 Reassigning the id of job PreprocessJob from (158.0.0) to (158.0.0)
01/12/25 15:37:22 Event: ULOG_SUBMIT for HTCondor Node PreprocessJob (158.0.0) {01/12/25 15:37:17}
01/12/25 15:37:22 Number of idle job procs: 1
01/12/25 15:37:22 Event: ULOG_EXECUTE for HTCondor Node PreprocessJob (158.0.0) {01/12/25 15:37:18}
01/12/25 15:37:22 Number of idle job procs: 0
01/12/25 15:37:22 Event: ULOG_JOB_TERMINATED for HTCondor Node PreprocessJob (158.0.0) {01/12/25 15:37:21}
01/12/25 15:37:22 Number of idle job procs: 0
01/12/25 15:37:22 Node PreprocessJob job proc (158.0.0) completed successfully.
01/12/25 15:37:22 Node PreprocessJob job completed
01/12/25 15:37:22 DAG status: 0 (DAG_STATUS_OK)
01/12/25 15:37:22 Of 7 nodes total:
01/12/25 15:37:22  Done     Pre   Queued    Post   Ready   Un-Ready   Failed   Futile
01/12/25 15:37:22   ===     ===      ===     ===     ===        ===      ===      ===
01/12/25 15:37:22     2       0        0       0       2          3        0        0
01/12/25 15:37:22 0 job proc(s) currently held
01/12/25 15:37:22 DAGMan Runtime Statistics: [EventCycleTimeAvg = 0.02816070829119001; EventCycleTimeCount = 7.0; EventCycleTimeMax = 0.07556796073913574; EventCycleTimeMin = 2.288818359375E-05; EventCycleTimeStd = 0.03118695339911166; EventCycleTimeSum = 0.1971249580383301; LogProcessCycleTimeAvg = 0.0243842601776123; LogProcessCycleTimeCount = 3.0; LogProcessCycleTimeMax = 0.03121399879455566; LogProcessCycleTimeMin = 0.01870179176330566; LogProcessCycleTimeStd = 0.006334508890719869; LogProcessCycleTimeSum = 0.07315278053283691; SleepCycleTimeAvg = 5.004991871970041; SleepCycleTimeCount = 7.0; SleepCycleTimeMax = 5.005419015884399; SleepCycleTimeMin = 5.004106998443604; SleepCycleTimeStd = 0.0004098061164308909; SleepCycleTimeSum = 35.03494310379028; SubmitCycleTimeAvg = 0.008164137601852417; SubmitCycleTimeCount = 8.0; SubmitCycleTimeMax = 0.03561210632324219; SubmitCycleTimeMin = 1.9073486328125E-06; SubmitCycleTimeStd = 0.01519464587798929; SubmitCycleTimeSum = 0.06531310081481934; ]
01/12/25 15:37:27 Submitting HTCondor Node EDAJob job(s)...
01/12/25 15:37:27 Submitting node EDAJob from file eda.sub using direct job submission
01/12/25 15:37:27 	assigned HTCondor ID (159.0.0)
01/12/25 15:37:27 Submitting HTCondor Node SplitJob job(s)...
01/12/25 15:37:27 Submitting node SplitJob from file split.sub using direct job submission
01/12/25 15:37:27 	assigned HTCondor ID (160.0.0)
01/12/25 15:37:27 Just submitted 2 jobs this cycle...
01/12/25 15:37:27 DAG status: 0 (DAG_STATUS_OK)
01/12/25 15:37:27 Of 7 nodes total:
01/12/25 15:37:27  Done     Pre   Queued    Post   Ready   Un-Ready   Failed   Futile
01/12/25 15:37:27   ===     ===      ===     ===     ===        ===      ===      ===
01/12/25 15:37:27     2       0        2       0       0          3        0        0
01/12/25 15:37:27 0 job proc(s) currently held
01/12/25 15:37:27 DAGMan Runtime Statistics: [EventCycleTimeAvg = 0.0309906005859375; EventCycleTimeCount = 8.0; EventCycleTimeMax = 0.07556796073913574; EventCycleTimeMin = 2.288818359375E-05; EventCycleTimeStd = 0.02996240653195496; EventCycleTimeSum = 0.2479248046875; LogProcessCycleTimeAvg = 0.0243842601776123; LogProcessCycleTimeCount = 3.0; LogProcessCycleTimeMax = 0.03121399879455566; LogProcessCycleTimeMin = 0.01870179176330566; LogProcessCycleTimeStd = 0.006334508890719869; LogProcessCycleTimeSum = 0.07315278053283691; SleepCycleTimeAvg = 5.004396021366119; SleepCycleTimeCount = 8.0; SleepCycleTimeMax = 5.005419015884399; SleepCycleTimeMin = 5.000225067138672; SleepCycleTimeStd = 0.001727499063195105; SleepCycleTimeSum = 40.03516817092896; SubmitCycleTimeAvg = 0.01259491178724501; SubmitCycleTimeCount = 9.0; SubmitCycleTimeMax = 0.04804110527038574; SubmitCycleTimeMin = 1.9073486328125E-06; SubmitCycleTimeStd = 0.01946030432380959; SubmitCycleTimeSum = 0.1133542060852051; ]
01/12/25 15:37:32 Currently monitoring 1 HTCondor log file(s)
01/12/25 15:37:32 Reassigning the id of job EDAJob from (159.0.0) to (159.0.0)
01/12/25 15:37:32 Event: ULOG_SUBMIT for HTCondor Node EDAJob (159.0.0) {01/12/25 15:37:27}
01/12/25 15:37:32 Number of idle job procs: 1
01/12/25 15:37:32 Reassigning the id of job SplitJob from (160.0.0) to (160.0.0)
01/12/25 15:37:32 Event: ULOG_SUBMIT for HTCondor Node SplitJob (160.0.0) {01/12/25 15:37:27}
01/12/25 15:37:32 Number of idle job procs: 2
01/12/25 15:37:32 Event: ULOG_EXECUTE for HTCondor Node EDAJob (159.0.0) {01/12/25 15:37:28}
01/12/25 15:37:32 Number of idle job procs: 1
01/12/25 15:37:47 Currently monitoring 1 HTCondor log file(s)
01/12/25 15:37:47 Event: ULOG_EXECUTE for HTCondor Node SplitJob (160.0.0) {01/12/25 15:37:46}
01/12/25 15:37:47 Number of idle job procs: 0
01/12/25 15:37:52 Currently monitoring 1 HTCondor log file(s)
01/12/25 15:37:52 Event: ULOG_JOB_TERMINATED for HTCondor Node SplitJob (160.0.0) {01/12/25 15:37:47}
01/12/25 15:37:52 Number of idle job procs: 0
01/12/25 15:37:52 Node SplitJob job proc (160.0.0) completed successfully.
01/12/25 15:37:52 Node SplitJob job completed
01/12/25 15:37:52 DAG status: 0 (DAG_STATUS_OK)
01/12/25 15:37:52 Of 7 nodes total:
01/12/25 15:37:52  Done     Pre   Queued    Post   Ready   Un-Ready   Failed   Futile
01/12/25 15:37:52   ===     ===      ===     ===     ===        ===      ===      ===
01/12/25 15:37:52     3       0        1       0       3          0        0        0
01/12/25 15:37:52 0 job proc(s) currently held
01/12/25 15:37:52 DAGMan Runtime Statistics: [EventCycleTimeAvg = 0.02790443713848408; EventCycleTimeCount = 13.0; EventCycleTimeMax = 0.07773590087890625; EventCycleTimeMin = 2.288818359375E-05; EventCycleTimeStd = 0.02993179503962298; EventCycleTimeSum = 0.362757682800293; LogProcessCycleTimeAvg = 0.02066616217295329; LogProcessCycleTimeCount = 6.0; LogProcessCycleTimeMax = 0.03121399879455566; LogProcessCycleTimeMin = 0.009033918380737305; LogProcessCycleTimeStd = 0.008431899377571007; LogProcessCycleTimeSum = 0.1239969730377197; SleepCycleTimeAvg = 5.004762557836679; SleepCycleTimeCount = 13.0; SleepCycleTimeMax = 5.007066965103149; SleepCycleTimeMin = 5.000225067138672; SleepCycleTimeStd = 0.001534795378212967; SleepCycleTimeSum = 65.06191325187683; SubmitCycleTimeAvg = 0.008097852979387556; SubmitCycleTimeCount = 14.0; SubmitCycleTimeMax = 0.04804110527038574; SubmitCycleTimeMin = 1.9073486328125E-06; SubmitCycleTimeStd = 0.01650002497743183; SubmitCycleTimeSum = 0.1133699417114258; ]
01/12/25 15:37:57 Submitting HTCondor Node TrainLR job(s)...
01/12/25 15:37:57 Submitting node TrainLR from file train_lr.sub using direct job submission
01/12/25 15:37:57 	assigned HTCondor ID (161.0.0)
01/12/25 15:37:57 Submitting HTCondor Node TrainRF job(s)...
01/12/25 15:37:57 Submitting node TrainRF from file train_rf.sub using direct job submission
01/12/25 15:37:57 	assigned HTCondor ID (162.0.0)
01/12/25 15:37:57 Submitting HTCondor Node TrainGB job(s)...
01/12/25 15:37:57 Submitting node TrainGB from file train_gb.sub using direct job submission
01/12/25 15:37:57 	assigned HTCondor ID (163.0.0)
01/12/25 15:37:57 Just submitted 3 jobs this cycle...
01/12/25 15:37:57 DAG status: 0 (DAG_STATUS_OK)
01/12/25 15:37:57 Of 7 nodes total:
01/12/25 15:37:57  Done     Pre   Queued    Post   Ready   Un-Ready   Failed   Futile
01/12/25 15:37:57   ===     ===      ===     ===     ===        ===      ===      ===
01/12/25 15:37:57     3       0        4       0       0          0        0        0
01/12/25 15:37:57 0 job proc(s) currently held
01/12/25 15:37:57 DAGMan Runtime Statistics: [EventCycleTimeAvg = 0.02841004303523472; EventCycleTimeCount = 14.0; EventCycleTimeMax = 0.07773590087890625; EventCycleTimeMin = 2.288818359375E-05; EventCycleTimeStd = 0.02881969711617235; EventCycleTimeSum = 0.3977406024932861; LogProcessCycleTimeAvg = 0.02066616217295329; LogProcessCycleTimeCount = 6.0; LogProcessCycleTimeMax = 0.03121399879455566; LogProcessCycleTimeMin = 0.009033918380737305; LogProcessCycleTimeStd = 0.008431899377571007; LogProcessCycleTimeSum = 0.1239969730377197; SleepCycleTimeAvg = 5.004787240709577; SleepCycleTimeCount = 14.0; SleepCycleTimeMax = 5.007066965103149; SleepCycleTimeMin = 5.000225067138672; SleepCycleTimeStd = 0.001477473016894275; SleepCycleTimeSum = 70.06702136993408; SubmitCycleTimeAvg = 0.01238233248392741; SubmitCycleTimeCount = 15.0; SubmitCycleTimeMax = 0.07236504554748535; SubmitCycleTimeMin = 1.9073486328125E-06; SubmitCycleTimeStd = 0.02298164063293474; SubmitCycleTimeSum = 0.1857349872589111; ]
01/12/25 15:38:02 Currently monitoring 1 HTCondor log file(s)
01/12/25 15:38:02 Reassigning the id of job TrainLR from (161.0.0) to (161.0.0)
01/12/25 15:38:02 Event: ULOG_SUBMIT for HTCondor Node TrainLR (161.0.0) {01/12/25 15:37:57}
01/12/25 15:38:02 Number of idle job procs: 1
01/12/25 15:38:02 Reassigning the id of job TrainRF from (162.0.0) to (162.0.0)
01/12/25 15:38:02 Event: ULOG_SUBMIT for HTCondor Node TrainRF (162.0.0) {01/12/25 15:37:57}
01/12/25 15:38:02 Number of idle job procs: 2
01/12/25 15:38:02 Reassigning the id of job TrainGB from (163.0.0) to (163.0.0)
01/12/25 15:38:02 Event: ULOG_SUBMIT for HTCondor Node TrainGB (163.0.0) {01/12/25 15:37:57}
01/12/25 15:38:02 Number of idle job procs: 3
01/12/25 15:38:02 Event: ULOG_EXECUTE for HTCondor Node TrainLR (161.0.0) {01/12/25 15:37:58}
01/12/25 15:38:02 Number of idle job procs: 2
01/12/25 15:38:02 Event: ULOG_JOB_TERMINATED for HTCondor Node TrainLR (161.0.0) {01/12/25 15:38:00}
01/12/25 15:38:02 Number of idle job procs: 2
01/12/25 15:38:02 Node TrainLR job proc (161.0.0) failed with status 1.
01/12/25 15:38:02 Event: ULOG_EXECUTE for HTCondor Node TrainRF (162.0.0) {01/12/25 15:38:01}
01/12/25 15:38:02 Number of idle job procs: 1
01/12/25 15:38:02 DAG status: 2 (DAG_STATUS_NODE_FAILED)
01/12/25 15:38:02 Of 7 nodes total:
01/12/25 15:38:02  Done     Pre   Queued    Post   Ready   Un-Ready   Failed   Futile
01/12/25 15:38:02   ===     ===      ===     ===     ===        ===      ===      ===
01/12/25 15:38:02     3       0        3       0       0          0        1        0
01/12/25 15:38:02 0 job proc(s) currently held
01/12/25 15:38:02 DAGMan Runtime Statistics: [EventCycleTimeAvg = 0.03292676607767741; EventCycleTimeCount = 15.0; EventCycleTimeMax = 0.096160888671875; EventCycleTimeMin = 2.288818359375E-05; EventCycleTimeStd = 0.03282163868453112; EventCycleTimeSum = 0.4939014911651611; LogProcessCycleTimeAvg = 0.02506627355303083; LogProcessCycleTimeCount = 7.0; LogProcessCycleTimeMax = 0.05146694183349609; LogProcessCycleTimeMin = 0.009033918380737305; LogProcessCycleTimeStd = 0.01395615636057617; LogProcessCycleTimeSum = 0.1754639148712158; SleepCycleTimeAvg = 5.004613701502482; SleepCycleTimeCount = 15.0; SleepCycleTimeMax = 5.007066965103149; SleepCycleTimeMin = 5.000225067138672; SleepCycleTimeStd = 0.001574401803290134; SleepCycleTimeSum = 75.06920552253723; SubmitCycleTimeAvg = 0.01160863041877747; SubmitCycleTimeCount = 16.0; SubmitCycleTimeMax = 0.07236504554748535; SubmitCycleTimeMin = 1.9073486328125E-06; SubmitCycleTimeStd = 0.02241703051861411; SubmitCycleTimeSum = 0.1857380867004395; ]
01/12/25 15:38:07 Currently monitoring 1 HTCondor log file(s)
01/12/25 15:38:07 Event: ULOG_JOB_TERMINATED for HTCondor Node TrainRF (162.0.0) {01/12/25 15:38:03}
01/12/25 15:38:07 Number of idle job procs: 1
01/12/25 15:38:07 Node TrainRF job proc (162.0.0) failed with status 1.
01/12/25 15:38:07 Event: ULOG_EXECUTE for HTCondor Node TrainGB (163.0.0) {01/12/25 15:38:04}
01/12/25 15:38:07 Number of idle job procs: 0
01/12/25 15:38:07 Event: ULOG_JOB_TERMINATED for HTCondor Node TrainGB (163.0.0) {01/12/25 15:38:06}
01/12/25 15:38:07 Number of idle job procs: 0
01/12/25 15:38:07 Node TrainGB job proc (163.0.0) failed with status 1.
01/12/25 15:38:07 DAG status: 2 (DAG_STATUS_NODE_FAILED)
01/12/25 15:38:07 Of 7 nodes total:
01/12/25 15:38:07  Done     Pre   Queued    Post   Ready   Un-Ready   Failed   Futile
01/12/25 15:38:07   ===     ===      ===     ===     ===        ===      ===      ===
01/12/25 15:38:07     3       0        1       0       0          0        3        0
01/12/25 15:38:07 0 job proc(s) currently held
01/12/25 15:38:07 DAGMan Runtime Statistics: [EventCycleTimeAvg = 0.03565678000450134; EventCycleTimeCount = 16.0; EventCycleTimeMax = 0.096160888671875; EventCycleTimeMin = 2.288818359375E-05; EventCycleTimeStd = 0.03353640188699177; EventCycleTimeSum = 0.5705084800720215; LogProcessCycleTimeAvg = 0.02657249569892883; LogProcessCycleTimeCount = 8.0; LogProcessCycleTimeMax = 0.05146694183349609; LogProcessCycleTimeMin = 0.009033918380737305; LogProcessCycleTimeStd = 0.01360511086068942; LogProcessCycleTimeSum = 0.2125799655914307; SleepCycleTimeAvg = 5.004643097519875; SleepCycleTimeCount = 16.0; SleepCycleTimeMax = 5.007066965103149; SleepCycleTimeMin = 5.000225067138672; SleepCycleTimeStd = 0.001525554865960964; SleepCycleTimeSum = 80.07428956031799; SubmitCycleTimeAvg = 0.0109259521259981; SubmitCycleTimeCount = 17.0; SubmitCycleTimeMax = 0.07236504554748535; SubmitCycleTimeMin = 1.9073486328125E-06; SubmitCycleTimeStd = 0.02188694583004429; SubmitCycleTimeSum = 0.1857411861419678; ]
01/12/25 15:39:02 Currently monitoring 1 HTCondor log file(s)
01/12/25 15:39:02 Event: ULOG_JOB_TERMINATED for HTCondor Node EDAJob (159.0.0) {01/12/25 15:39:02}
01/12/25 15:39:02 Number of idle job procs: 0
01/12/25 15:39:02 Node EDAJob job proc (159.0.0) completed successfully.
01/12/25 15:39:02 Node EDAJob job completed
01/12/25 15:39:02 DAG status: 2 (DAG_STATUS_NODE_FAILED)
01/12/25 15:39:02 Of 7 nodes total:
01/12/25 15:39:02  Done     Pre   Queued    Post   Ready   Un-Ready   Failed   Futile
01/12/25 15:39:02   ===     ===      ===     ===     ===        ===      ===      ===
01/12/25 15:39:02     4       0        0       0       0          0        3        0
01/12/25 15:39:02 0 job proc(s) currently held
01/12/25 15:39:02 DAGMan Runtime Statistics: [EventCycleTimeAvg = 0.02333558047259296; EventCycleTimeCount = 27.0; EventCycleTimeMax = 0.096160888671875; EventCycleTimeMin = 2.288818359375E-05; EventCycleTimeStd = 0.03163623049024927; EventCycleTimeSum = 0.6300606727600098; LogProcessCycleTimeAvg = 0.02585366037156847; LogProcessCycleTimeCount = 9.0; LogProcessCycleTimeMax = 0.05146694183349609; LogProcessCycleTimeMin = 0.009033918380737305; LogProcessCycleTimeStd = 0.01290783403173997; LogProcessCycleTimeSum = 0.2326829433441162; SleepCycleTimeAvg = 5.004982012289542; SleepCycleTimeCount = 27.0; SleepCycleTimeMax = 5.008452892303467; SleepCycleTimeMin = 5.000225067138672; SleepCycleTimeStd = 0.001376974450678851; SleepCycleTimeSum = 135.1345143318176; SubmitCycleTimeAvg = 0.006634763308933803; SubmitCycleTimeCount = 28.0; SubmitCycleTimeMax = 0.07236504554748535; SubmitCycleTimeMin = 1.9073486328125E-06; SubmitCycleTimeStd = 0.01770274242461691; SubmitCycleTimeSum = 0.1857733726501465; ]
01/12/25 15:39:02 ERROR: the following job(s) failed:
01/12/25 15:39:02 ---------------------- Node ----------------------
01/12/25 15:39:02       Node Name: TrainLR
01/12/25 15:39:02            Noop: false
01/12/25 15:39:02          NodeID: 4
01/12/25 15:39:02     Node Status: STATUS_ERROR    
01/12/25 15:39:02 Node return val: 1
01/12/25 15:39:02           Error: Job proc (161.0.0) failed with status 1
01/12/25 15:39:02 Job Submit File: train_lr.sub
01/12/25 15:39:02  HTCondor Job ID: (161.0.0)
01/12/25 15:39:02 PARENTS: SplitJob WAITING: 0 CHILDREN: 
01/12/25 15:39:02 ---------------------- Node ----------------------
01/12/25 15:39:02       Node Name: TrainRF
01/12/25 15:39:02            Noop: false
01/12/25 15:39:02          NodeID: 5
01/12/25 15:39:02     Node Status: STATUS_ERROR    
01/12/25 15:39:02 Node return val: 1
01/12/25 15:39:02           Error: Job proc (162.0.0) failed with status 1
01/12/25 15:39:02 Job Submit File: train_rf.sub
01/12/25 15:39:02  HTCondor Job ID: (162.0.0)
01/12/25 15:39:02 PARENTS: SplitJob WAITING: 0 CHILDREN: 
01/12/25 15:39:02 ---------------------- Node ----------------------
01/12/25 15:39:02       Node Name: TrainGB
01/12/25 15:39:02            Noop: false
01/12/25 15:39:02          NodeID: 6
01/12/25 15:39:02     Node Status: STATUS_ERROR    
01/12/25 15:39:02 Node return val: 1
01/12/25 15:39:02           Error: Job proc (163.0.0) failed with status 1
01/12/25 15:39:02 Job Submit File: train_gb.sub
01/12/25 15:39:02  HTCondor Job ID: (163.0.0)
01/12/25 15:39:02 PARENTS: SplitJob WAITING: 0 CHILDREN: 
01/12/25 15:39:02 ---------------------------------------	<END>
01/12/25 15:39:02 Aborting DAG...
01/12/25 15:39:02 Writing Rescue DAG to dagman.dag.rescue001...
01/12/25 15:39:02 Removing submitted jobs...
01/12/25 15:39:02 Removing any/all submitted HTCondor jobs...
01/12/25 15:39:02 Running: /usr/bin/condor_rm -const DAGManJobId==156 -reason DAG' 'Abort:' 'DAG' 'is' 'exiting' 'and' 'writing' 'rescue' 'file.
01/12/25 15:39:02 Note: 0 total node deferrals because of -MaxJobs limit (0)
01/12/25 15:39:02 Note: 0 total node deferrals because of -MaxIdle limit (1000)
01/12/25 15:39:02 Note: 0 total node deferrals because of node category throttles
01/12/25 15:39:02 Note: 0 total PRE script deferrals because of -MaxPre limit (20) or DEFER
01/12/25 15:39:02 Note: 0 total POST script deferrals because of -MaxPost limit (20) or DEFER
01/12/25 15:39:02 Note: 0 total HOLD script deferrals because of -MaxHold limit (20) or DEFER
01/12/25 15:39:02 DAG status: 2 (DAG_STATUS_NODE_FAILED)
01/12/25 15:39:02 Of 7 nodes total:
01/12/25 15:39:02  Done     Pre   Queued    Post   Ready   Un-Ready   Failed   Futile
01/12/25 15:39:02   ===     ===      ===     ===     ===        ===      ===      ===
01/12/25 15:39:02     4       0        0       0       0          0        3        0
01/12/25 15:39:02 0 job proc(s) currently held
01/12/25 15:39:02 DAGMan Runtime Statistics: [EventCycleTimeAvg = 0.02333558047259296; EventCycleTimeCount = 27.0; EventCycleTimeMax = 0.096160888671875; EventCycleTimeMin = 2.288818359375E-05; EventCycleTimeStd = 0.03163623049024927; EventCycleTimeSum = 0.6300606727600098; LogProcessCycleTimeAvg = 0.02585366037156847; LogProcessCycleTimeCount = 9.0; LogProcessCycleTimeMax = 0.05146694183349609; LogProcessCycleTimeMin = 0.009033918380737305; LogProcessCycleTimeStd = 0.01290783403173997; LogProcessCycleTimeSum = 0.2326829433441162; SleepCycleTimeAvg = 5.004982012289542; SleepCycleTimeCount = 27.0; SleepCycleTimeMax = 5.008452892303467; SleepCycleTimeMin = 5.000225067138672; SleepCycleTimeStd = 0.001376974450678851; SleepCycleTimeSum = 135.1345143318176; SubmitCycleTimeAvg = 0.006634763308933803; SubmitCycleTimeCount = 28.0; SubmitCycleTimeMax = 0.07236504554748535; SubmitCycleTimeMin = 1.9073486328125E-06; SubmitCycleTimeStd = 0.01770274242461691; SubmitCycleTimeSum = 0.1857733726501465; ]
01/12/25 15:39:02 Wrote metrics file dagman.dag.metrics.
01/12/25 15:39:02 DAGMan Runtime Statistics: [EventCycleTimeAvg = 0.02333558047259296; EventCycleTimeCount = 27.0; EventCycleTimeMax = 0.096160888671875; EventCycleTimeMin = 2.288818359375E-05; EventCycleTimeStd = 0.03163623049024927; EventCycleTimeSum = 0.6300606727600098; LogProcessCycleTimeAvg = 0.02585366037156847; LogProcessCycleTimeCount = 9.0; LogProcessCycleTimeMax = 0.05146694183349609; LogProcessCycleTimeMin = 0.009033918380737305; LogProcessCycleTimeStd = 0.01290783403173997; LogProcessCycleTimeSum = 0.2326829433441162; SleepCycleTimeAvg = 5.004982012289542; SleepCycleTimeCount = 27.0; SleepCycleTimeMax = 5.008452892303467; SleepCycleTimeMin = 5.000225067138672; SleepCycleTimeStd = 0.001376974450678851; SleepCycleTimeSum = 135.1345143318176; SubmitCycleTimeAvg = 0.006634763308933803; SubmitCycleTimeCount = 28.0; SubmitCycleTimeMax = 0.07236504554748535; SubmitCycleTimeMin = 1.9073486328125E-06; SubmitCycleTimeStd = 0.01770274242461691; SubmitCycleTimeSum = 0.1857733726501465; ]
01/12/25 15:39:02 **** condor_scheduniv_exec.156.0 (condor_DAGMAN) pid 1982 EXITING WITH STATUS 1
01/12/25 15:58:17 ******************************************************
01/12/25 15:58:17 ** condor_scheduniv_exec.164.0 (CONDOR_DAGMAN) STARTING UP
01/12/25 15:58:17 ** /usr/bin/condor_dagman
01/12/25 15:58:17 ** SubsystemInfo: name=DAGMAN type=DAGMAN(9) class=CLIENT(2)
01/12/25 15:58:17 ** Configuration: subsystem:DAGMAN local:<NONE> class:CLIENT
01/12/25 15:58:17 ** $CondorVersion: 23.10.19 2025-01-03 BuildID: 777890 PackageID: 23.10.19-1+ubu24 GitSHA: 91176a00 $
01/12/25 15:58:17 ** $CondorPlatform: X86_64-Ubuntu_24.04 $
01/12/25 15:58:17 ** PID = 2092 RealUID = 1000
01/12/25 15:58:17 ** Log last touched 1/12 15:39:02
01/12/25 15:58:17 ******************************************************
01/12/25 15:58:17 Using config source: /etc/condor/condor_config
01/12/25 15:58:17 Using local config sources: 
01/12/25 15:58:17    /etc/condor/config.d/00-security
01/12/25 15:58:17    /etc/condor/config.d/01-submit.config
01/12/25 15:58:17    /etc/condor/config.d/10-stash-plugin.conf
01/12/25 15:58:17    /etc/condor/condor_config.local
01/12/25 15:58:17 config Macros = 75, Sorted = 75, StringBytes = 2326, TablesBytes = 2764
01/12/25 15:58:17 CLASSAD_CACHING is ENABLED
01/12/25 15:58:17 Daemon Log is logging: D_ALWAYS D_ERROR D_STATUS
01/12/25 15:58:17 DaemonCore: No command port requested.
01/12/25 15:58:17 DAGMAN_USE_STRICT setting: 1
01/12/25 15:58:17 DAGMAN_VERBOSITY setting: 3
01/12/25 15:58:17 DAGMAN_DEBUG_CACHE_SIZE setting: 5242880
01/12/25 15:58:17 DAGMAN_DEBUG_CACHE_ENABLE setting: False
01/12/25 15:58:17 DAGMAN_SUBMIT_DELAY setting: 0
01/12/25 15:58:17 DAGMAN_MAX_SUBMIT_ATTEMPTS setting: 6
01/12/25 15:58:17 DAGMAN_STARTUP_CYCLE_DETECT setting: False
01/12/25 15:58:17 DAGMAN_MAX_SUBMITS_PER_INTERVAL setting: 100
01/12/25 15:58:17 DAGMAN_AGGRESSIVE_SUBMIT setting: False
01/12/25 15:58:17 DAGMAN_USER_LOG_SCAN_INTERVAL setting: 5
01/12/25 15:58:17 DAGMAN_QUEUE_UPDATE_INTERVAL setting: 300
01/12/25 15:58:17 DAGMAN_DEFAULT_PRIORITY setting: 0
01/12/25 15:58:17 DAGMAN_SUPPRESS_NOTIFICATION setting: False
01/12/25 15:58:17 allow_events (DAGMAN_ALLOW_EVENTS) setting: 114
01/12/25 15:58:17 DAGMAN_RETRY_SUBMIT_FIRST setting: True
01/12/25 15:58:17 DAGMAN_RETRY_NODE_FIRST setting: False
01/12/25 15:58:17 DAGMAN_MAX_JOBS_IDLE setting: 1000
01/12/25 15:58:17 DAGMAN_MAX_JOBS_SUBMITTED setting: 0
01/12/25 15:58:17 DAGMAN_MAX_PRE_SCRIPTS setting: 20
01/12/25 15:58:17 DAGMAN_MAX_POST_SCRIPTS setting: 20
01/12/25 15:58:17 DAGMAN_MAX_HOLD_SCRIPTS setting: 20
01/12/25 15:58:17 DAGMAN_MUNGE_NODE_NAMES setting: True
01/12/25 15:58:17 DAGMAN_PROHIBIT_MULTI_JOBS setting: False
01/12/25 15:58:17 DAGMAN_SUBMIT_DEPTH_FIRST setting: False
01/12/25 15:58:17 DAGMAN_ALWAYS_RUN_POST setting: False
01/12/25 15:58:17 DAGMAN_CONDOR_SUBMIT_EXE setting: /usr/bin/condor_submit
01/12/25 15:58:17 DAGMAN_CONDOR_RM_EXE setting: /usr/bin/condor_rm
01/12/25 15:58:17 DAGMAN_USE_DIRECT_SUBMIT setting: True
01/12/25 15:58:17 DAGMAN_PRODUCE_JOB_CREDENTIALS setting: True
01/12/25 15:58:17 DAGMAN_DEFAULT_APPEND_VARS setting: False
01/12/25 15:58:17 DAGMAN_INHERIT_ATTRS_PREFIX setting: 
01/12/25 15:58:17 DAGMAN_INHERIT_ATTRS setting: 
01/12/25 15:58:17 DAGMAN_ABORT_DUPLICATES setting: True
01/12/25 15:58:17 DAGMAN_ABORT_ON_SCARY_SUBMIT setting: True
01/12/25 15:58:17 DAGMAN_PENDING_REPORT_INTERVAL setting: 600
01/12/25 15:58:17 DAGMAN_CHECK_QUEUE_INTERVAL setting: 28800
01/12/25 15:58:17 DAGMAN_AUTO_RESCUE setting: True
01/12/25 15:58:17 DAGMAN_MAX_RESCUE_NUM setting: 100
01/12/25 15:58:17 DAGMAN_WRITE_PARTIAL_RESCUE setting: True
01/12/25 15:58:17 DAGMAN_DEFAULT_NODE_LOG setting: @(DAG_DIR)/@(DAG_FILE).nodes.log
01/12/25 15:58:17 DAGMAN_GENERATE_SUBDAG_SUBMITS setting: True
01/12/25 15:58:17 DAGMAN_MAX_JOB_HOLDS setting: 100
01/12/25 15:58:17 DAGMAN_HOLD_CLAIM_TIME setting: 20
01/12/25 15:58:17 DAGMAN_SUPPRESS_JOB_LOGS setting: False
01/12/25 15:58:17 DAGMAN_REMOVE_NODE_JOBS setting: True
01/12/25 15:58:17 DAGMAN_REMOVE_JOBS_AFTER_LIMIT_CHANGE setting: False
01/12/25 15:58:17 DAGMAN will adjust edges after parsing
01/12/25 15:58:17 argv[0] == "condor_scheduniv_exec.164.0"
01/12/25 15:58:17 argv[1] == "-Lockfile"
01/12/25 15:58:17 argv[2] == "dagman.dag.lock"
01/12/25 15:58:17 argv[3] == "-Dag"
01/12/25 15:58:17 argv[4] == "dagman.dag"
01/12/25 15:58:17 argv[5] == "-MaxIdle"
01/12/25 15:58:17 argv[6] == "1000"
01/12/25 15:58:17 argv[7] == "-CsdVersion"
01/12/25 15:58:17 argv[8] == "$CondorVersion: 23.10.19 2025-01-03 BuildID: 777890 PackageID: 23.10.19-1+ubu24 GitSHA: 91176a00 $"
01/12/25 15:58:17 argv[9] == "-dagman"
01/12/25 15:58:17 argv[10] == "/usr/bin/condor_dagman"
01/12/25 15:58:17 argv[11] == "-AutoRescue"
01/12/25 15:58:17 argv[12] == "1"
01/12/25 15:58:17 argv[13] == "-DoRescueFrom"
01/12/25 15:58:17 argv[14] == "0"
01/12/25 15:58:17 argv[15] == "-force"
01/12/25 15:58:17 Can't open directory "/etc/condor/passwords.d" as PRIV_ROOT, errno: 13 (Permission denied)
01/12/25 15:58:17 Can't open directory "/etc/condor/passwords.d" as PRIV_ROOT, errno: 13 (Permission denied)
01/12/25 15:58:17 Workflow batch-id: <164.0>
01/12/25 15:58:17 Workflow batch-name: <dagman.dag+164>
01/12/25 15:58:17 Workflow accounting_group: <>
01/12/25 15:58:17 Workflow accounting_group_user: <>
01/12/25 15:58:17 Warning: failed to get attribute DAGNodeName
01/12/25 15:58:17 DAGMAN_LOG_ON_NFS_IS_ERROR setting: False
01/12/25 15:58:17 Default node log file is: </home/ubuntu/wqd7008_group_project/./dagman.dag.nodes.log>
01/12/25 15:58:17 DAG Lockfile will be written to dagman.dag.lock
01/12/25 15:58:17 DAG Input file is dagman.dag
01/12/25 15:58:17 Parsing 1 dagfiles
01/12/25 15:58:17 Parsing dagman.dag ...
01/12/25 15:58:17 Adjusting edges
01/12/25 15:58:17 Dag contains 8 total nodes
01/12/25 15:58:17 Bootstrapping...
01/12/25 15:58:17 Number of pre-completed nodes: 0
01/12/25 15:58:17 MultiLogFiles: truncating log file /home/ubuntu/wqd7008_group_project/./dagman.dag.nodes.log
01/12/25 15:58:17 DAG status: 0 (DAG_STATUS_OK)
01/12/25 15:58:17 Of 8 nodes total:
01/12/25 15:58:17  Done     Pre   Queued    Post   Ready   Un-Ready   Failed   Futile
01/12/25 15:58:17   ===     ===      ===     ===     ===        ===      ===      ===
01/12/25 15:58:17     0       0        0       0       1          7        0        0
01/12/25 15:58:17 0 job proc(s) currently held
01/12/25 15:58:17 DAGMan Runtime Statistics: [EventCycleTimeCount = 0.0; EventCycleTimeSum = 0.0; LogProcessCycleTimeCount = 0.0; LogProcessCycleTimeSum = 0.0; SleepCycleTimeCount = 0.0; SleepCycleTimeSum = 0.0; SubmitCycleTimeCount = 0.0; SubmitCycleTimeSum = 0.0; ]
01/12/25 15:58:17 Registering condor_event_timer...
01/12/25 15:58:18 Submitting HTCondor Node ImportJob job(s)...
01/12/25 15:58:18 Submitting node ImportJob from file import.sub using direct job submission
01/12/25 15:58:18 	assigned HTCondor ID (165.0.0)
01/12/25 15:58:18 Just submitted 1 job this cycle...
01/12/25 15:58:18 DAG status: 0 (DAG_STATUS_OK)
01/12/25 15:58:18 Of 8 nodes total:
01/12/25 15:58:18  Done     Pre   Queued    Post   Ready   Un-Ready   Failed   Futile
01/12/25 15:58:18   ===     ===      ===     ===     ===        ===      ===      ===
01/12/25 15:58:18     0       0        1       0       0          7        0        0
01/12/25 15:58:18 0 job proc(s) currently held
01/12/25 15:58:18 DAGMan Runtime Statistics: [EventCycleTimeCount = 0.0; EventCycleTimeSum = 0.0; LogProcessCycleTimeCount = 0.0; LogProcessCycleTimeSum = 0.0; SleepCycleTimeCount = 0.0; SleepCycleTimeSum = 0.0; SubmitCycleTimeAvg = 0.03809285163879395; SubmitCycleTimeCount = 1.0; SubmitCycleTimeMax = 0.03809285163879395; SubmitCycleTimeMin = 0.03809285163879395; SubmitCycleTimeStd = 0.03809285163879395; SubmitCycleTimeSum = 0.03809285163879395; ]
01/12/25 15:58:23 Currently monitoring 1 HTCondor log file(s)
01/12/25 15:58:23 Reassigning the id of job ImportJob from (165.0.0) to (165.0.0)
01/12/25 15:58:23 Event: ULOG_SUBMIT for HTCondor Node ImportJob (165.0.0) {01/12/25 15:58:18}
01/12/25 15:58:23 Number of idle job procs: 1
01/12/25 15:58:28 Currently monitoring 1 HTCondor log file(s)
01/12/25 15:58:28 Event: ULOG_EXECUTE for HTCondor Node ImportJob (165.0.0) {01/12/25 15:58:26}
01/12/25 15:58:28 Number of idle job procs: 0
01/12/25 15:58:28 Event: ULOG_JOB_TERMINATED for HTCondor Node ImportJob (165.0.0) {01/12/25 15:58:27}
01/12/25 15:58:28 Number of idle job procs: 0
01/12/25 15:58:28 Node ImportJob job proc (165.0.0) completed successfully.
01/12/25 15:58:28 Node ImportJob job completed
01/12/25 15:58:28 DAG status: 0 (DAG_STATUS_OK)
01/12/25 15:58:28 Of 8 nodes total:
01/12/25 15:58:28  Done     Pre   Queued    Post   Ready   Un-Ready   Failed   Futile
01/12/25 15:58:28   ===     ===      ===     ===     ===        ===      ===      ===
01/12/25 15:58:28     1       0        0       0       1          6        0        0
01/12/25 15:58:28 0 job proc(s) currently held
01/12/25 15:58:28 DAGMan Runtime Statistics: [EventCycleTimeAvg = 0.04840540885925293; EventCycleTimeCount = 2.0; EventCycleTimeMax = 0.07655787467956543; EventCycleTimeMin = 0.02025294303894043; EventCycleTimeStd = 0.03981359897733094; EventCycleTimeSum = 0.09681081771850586; LogProcessCycleTimeAvg = 0.02439200878143311; LogProcessCycleTimeCount = 2.0; LogProcessCycleTimeMax = 0.02856206893920898; LogProcessCycleTimeMin = 0.02022194862365723; LogProcessCycleTimeStd = 0.005897355631038336; LogProcessCycleTimeSum = 0.04878401756286621; SleepCycleTimeAvg = 5.005279064178467; SleepCycleTimeCount = 2.0; SleepCycleTimeMax = 5.005284070968628; SleepCycleTimeMin = 5.005274057388306; SleepCycleTimeStd = 7.080670549830197E-06; SleepCycleTimeSum = 10.01055812835693; SubmitCycleTimeAvg = 0.01269952456156413; SubmitCycleTimeCount = 3.0; SubmitCycleTimeMax = 0.03809285163879395; SubmitCycleTimeMin = 2.86102294921875E-06; SubmitCycleTimeStd = 0.02199126633548827; SubmitCycleTimeSum = 0.03809857368469238; ]
01/12/25 15:58:33 Submitting HTCondor Node PreprocessJob job(s)...
01/12/25 15:58:33 Submitting node PreprocessJob from file preprocess.sub using direct job submission
01/12/25 15:58:33 	assigned HTCondor ID (166.0.0)
01/12/25 15:58:33 Just submitted 1 job this cycle...
01/12/25 15:58:33 DAG status: 0 (DAG_STATUS_OK)
01/12/25 15:58:33 Of 8 nodes total:
01/12/25 15:58:33  Done     Pre   Queued    Post   Ready   Un-Ready   Failed   Futile
01/12/25 15:58:33   ===     ===      ===     ===     ===        ===      ===      ===
01/12/25 15:58:33     1       0        1       0       0          6        0        0
01/12/25 15:58:33 0 job proc(s) currently held
01/12/25 15:58:33 DAGMan Runtime Statistics: [EventCycleTimeAvg = 0.05094257990519205; EventCycleTimeCount = 3.0; EventCycleTimeMax = 0.07655787467956543; EventCycleTimeMin = 0.02025294303894043; EventCycleTimeStd = 0.02849338594328374; EventCycleTimeSum = 0.1528277397155762; LogProcessCycleTimeAvg = 0.02439200878143311; LogProcessCycleTimeCount = 2.0; LogProcessCycleTimeMax = 0.02856206893920898; LogProcessCycleTimeMin = 0.02022194862365723; LogProcessCycleTimeStd = 0.005897355631038336; LogProcessCycleTimeSum = 0.04878401756286621; SleepCycleTimeAvg = 5.005248705546061; SleepCycleTimeCount = 3.0; SleepCycleTimeMax = 5.005284070968628; SleepCycleTimeMin = 5.00518798828125; SleepCycleTimeStd = 5.282047799273398E-05; SleepCycleTimeSum = 15.01574611663818; SubmitCycleTimeAvg = 0.01780736446380615; SubmitCycleTimeCount = 4.0; SubmitCycleTimeMax = 0.03809285163879395; SubmitCycleTimeMin = 2.86102294921875E-06; SubmitCycleTimeStd = 0.02065842791437262; SubmitCycleTimeSum = 0.07122945785522461; ]
01/12/25 15:58:38 Currently monitoring 1 HTCondor log file(s)
01/12/25 15:58:38 Reassigning the id of job PreprocessJob from (166.0.0) to (166.0.0)
01/12/25 15:58:38 Event: ULOG_SUBMIT for HTCondor Node PreprocessJob (166.0.0) {01/12/25 15:58:33}
01/12/25 15:58:38 Number of idle job procs: 1
01/12/25 15:58:38 Event: ULOG_EXECUTE for HTCondor Node PreprocessJob (166.0.0) {01/12/25 15:58:35}
01/12/25 15:58:38 Number of idle job procs: 0
01/12/25 15:58:38 Event: ULOG_JOB_TERMINATED for HTCondor Node PreprocessJob (166.0.0) {01/12/25 15:58:38}
01/12/25 15:58:38 Number of idle job procs: 0
01/12/25 15:58:38 Node PreprocessJob job proc (166.0.0) completed successfully.
01/12/25 15:58:38 Node PreprocessJob job completed
01/12/25 15:58:38 DAG status: 0 (DAG_STATUS_OK)
01/12/25 15:58:38 Of 8 nodes total:
01/12/25 15:58:38  Done     Pre   Queued    Post   Ready   Un-Ready   Failed   Futile
01/12/25 15:58:38   ===     ===      ===     ===     ===        ===      ===      ===
01/12/25 15:58:38     2       0        0       0       2          4        0        0
01/12/25 15:58:38 0 job proc(s) currently held
01/12/25 15:58:39 DAGMan Runtime Statistics: [EventCycleTimeAvg = 0.05483418703079224; EventCycleTimeCount = 4.0; EventCycleTimeMax = 0.07655787467956543; EventCycleTimeMin = 0.02025294303894043; EventCycleTimeStd = 0.02453216498983938; EventCycleTimeSum = 0.2193367481231689; LogProcessCycleTimeAvg = 0.02651031812032064; LogProcessCycleTimeCount = 3.0; LogProcessCycleTimeMax = 0.0307469367980957; LogProcessCycleTimeMin = 0.02022194862365723; LogProcessCycleTimeStd = 0.005554377110453011; LogProcessCycleTimeSum = 0.07953095436096191; SleepCycleTimeAvg = 5.005205273628235; SleepCycleTimeCount = 4.0; SleepCycleTimeMax = 5.005284070968628; SleepCycleTimeMin = 5.005074977874756; SleepCycleTimeStd = 9.698108595244529E-05; SleepCycleTimeSum = 20.02082109451294; SubmitCycleTimeAvg = 0.01424651145935059; SubmitCycleTimeCount = 5.0; SubmitCycleTimeMax = 0.03809285163879395; SubmitCycleTimeMin = 2.86102294921875E-06; SubmitCycleTimeStd = 0.01958255227279372; SubmitCycleTimeSum = 0.07123255729675293; ]
01/12/25 15:58:44 Submitting HTCondor Node EDAJob job(s)...
01/12/25 15:58:44 Submitting node EDAJob from file eda.sub using direct job submission
01/12/25 15:58:44 	assigned HTCondor ID (167.0.0)
01/12/25 15:58:44 Submitting HTCondor Node SplitJob job(s)...
01/12/25 15:58:44 Submitting node SplitJob from file split.sub using direct job submission
01/12/25 15:58:44 	assigned HTCondor ID (168.0.0)
01/12/25 15:58:44 Just submitted 2 jobs this cycle...
01/12/25 15:58:44 DAG status: 0 (DAG_STATUS_OK)
01/12/25 15:58:44 Of 8 nodes total:
01/12/25 15:58:44  Done     Pre   Queued    Post   Ready   Un-Ready   Failed   Futile
01/12/25 15:58:44   ===     ===      ===     ===     ===        ===      ===      ===
01/12/25 15:58:44     2       0        2       0       0          4        0        0
01/12/25 15:58:44 0 job proc(s) currently held
01/12/25 15:58:44 DAGMan Runtime Statistics: [EventCycleTimeAvg = 0.05394058227539063; EventCycleTimeCount = 5.0; EventCycleTimeMax = 0.07655787467956543; EventCycleTimeMin = 0.02025294303894043; EventCycleTimeStd = 0.0213392358488046; EventCycleTimeSum = 0.2697029113769531; LogProcessCycleTimeAvg = 0.02651031812032064; LogProcessCycleTimeCount = 3.0; LogProcessCycleTimeMax = 0.0307469367980957; LogProcessCycleTimeMin = 0.02022194862365723; LogProcessCycleTimeStd = 0.005554377110453011; LogProcessCycleTimeSum = 0.07953095436096191; SleepCycleTimeAvg = 5.005181789398193; SleepCycleTimeCount = 5.0; SleepCycleTimeMax = 5.005284070968628; SleepCycleTimeMin = 5.005074977874756; SleepCycleTimeStd = 9.905323607837382E-05; SleepCycleTimeSum = 25.02590894699097; SubmitCycleTimeAvg = 0.02062042554219564; SubmitCycleTimeCount = 6.0; SubmitCycleTimeMax = 0.0524899959564209; SubmitCycleTimeMin = 2.86102294921875E-06; SubmitCycleTimeStd = 0.02346362647218673; SubmitCycleTimeSum = 0.1237225532531738; ]
01/12/25 15:58:49 Currently monitoring 1 HTCondor log file(s)
01/12/25 15:58:49 Reassigning the id of job EDAJob from (167.0.0) to (167.0.0)
01/12/25 15:58:49 Event: ULOG_SUBMIT for HTCondor Node EDAJob (167.0.0) {01/12/25 15:58:44}
01/12/25 15:58:49 Number of idle job procs: 1
01/12/25 15:58:49 Reassigning the id of job SplitJob from (168.0.0) to (168.0.0)
01/12/25 15:58:49 Event: ULOG_SUBMIT for HTCondor Node SplitJob (168.0.0) {01/12/25 15:58:44}
01/12/25 15:58:49 Number of idle job procs: 2
01/12/25 15:58:49 Event: ULOG_EXECUTE for HTCondor Node EDAJob (167.0.0) {01/12/25 15:58:45}
01/12/25 15:58:49 Number of idle job procs: 1
01/12/25 15:58:49 Event: ULOG_EXECUTE for HTCondor Node SplitJob (168.0.0) {01/12/25 15:58:46}
01/12/25 15:58:49 Number of idle job procs: 0
01/12/25 15:58:49 Event: ULOG_JOB_TERMINATED for HTCondor Node SplitJob (168.0.0) {01/12/25 15:58:47}
01/12/25 15:58:49 Number of idle job procs: 0
01/12/25 15:58:49 Node SplitJob job proc (168.0.0) completed successfully.
01/12/25 15:58:49 Node SplitJob job completed
01/12/25 15:58:49 DAG status: 0 (DAG_STATUS_OK)
01/12/25 15:58:49 Of 8 nodes total:
01/12/25 15:58:49  Done     Pre   Queued    Post   Ready   Un-Ready   Failed   Futile
01/12/25 15:58:49   ===     ===      ===     ===     ===        ===      ===      ===
01/12/25 15:58:49     3       0        1       0       3          1        0        0
01/12/25 15:58:49 0 job proc(s) currently held
01/12/25 15:58:49 DAGMan Runtime Statistics: [EventCycleTimeAvg = 0.05839415391286214; EventCycleTimeCount = 6.0; EventCycleTimeMax = 0.08066201210021973; EventCycleTimeMin = 0.02025294303894043; EventCycleTimeStd = 0.0219839985277763; EventCycleTimeSum = 0.3503649234771729; LogProcessCycleTimeAvg = 0.0379292368888855; LogProcessCycleTimeCount = 4.0; LogProcessCycleTimeMax = 0.07218599319458008; LogProcessCycleTimeMin = 0.02022194862365723; LogProcessCycleTimeStd = 0.02328377604175092; LogProcessCycleTimeSum = 0.151716947555542; SleepCycleTimeAvg = 5.005165656407674; SleepCycleTimeCount = 6.0; SleepCycleTimeMax = 5.005284070968628; SleepCycleTimeMin = 5.005074977874756; SleepCycleTimeStd = 9.700967506087095E-05; SleepCycleTimeSum = 30.03099393844604; SubmitCycleTimeAvg = 0.01767509324210031; SubmitCycleTimeCount = 7.0; SubmitCycleTimeMax = 0.0524899959564209; SubmitCycleTimeMin = 2.86102294921875E-06; SubmitCycleTimeStd = 0.02279275504470251; SubmitCycleTimeSum = 0.1237256526947021; ]
01/12/25 15:58:54 Submitting HTCondor Node TrainLR job(s)...
01/12/25 15:58:54 Submitting node TrainLR from file train_lr.sub using direct job submission
01/12/25 15:58:54 	assigned HTCondor ID (169.0.0)
01/12/25 15:58:54 Submitting HTCondor Node TrainRF job(s)...
01/12/25 15:58:54 Submitting node TrainRF from file train_rf.sub using direct job submission
01/12/25 15:58:54 	assigned HTCondor ID (170.0.0)
01/12/25 15:58:54 Submitting HTCondor Node TrainGB job(s)...
01/12/25 15:58:54 Submitting node TrainGB from file train_gb.sub using direct job submission
01/12/25 15:58:54 	assigned HTCondor ID (171.0.0)
01/12/25 15:58:54 Just submitted 3 jobs this cycle...
01/12/25 15:58:54 DAG status: 0 (DAG_STATUS_OK)
01/12/25 15:58:54 Of 8 nodes total:
01/12/25 15:58:54  Done     Pre   Queued    Post   Ready   Un-Ready   Failed   Futile
01/12/25 15:58:54   ===     ===      ===     ===     ===        ===      ===      ===
01/12/25 15:58:54     3       0        4       0       0          1        0        0
01/12/25 15:58:54 0 job proc(s) currently held
01/12/25 15:58:54 DAGMan Runtime Statistics: [EventCycleTimeAvg = 0.06531415666852679; EventCycleTimeCount = 7.0; EventCycleTimeMax = 0.1068341732025146; EventCycleTimeMin = 0.02025294303894043; EventCycleTimeStd = 0.02716526997890081; EventCycleTimeSum = 0.4571990966796875; LogProcessCycleTimeAvg = 0.0379292368888855; LogProcessCycleTimeCount = 4.0; LogProcessCycleTimeMax = 0.07218599319458008; LogProcessCycleTimeMin = 0.02022194862365723; LogProcessCycleTimeStd = 0.02328377604175092; LogProcessCycleTimeSum = 0.151716947555542; SleepCycleTimeAvg = 5.005210978644235; SleepCycleTimeCount = 7.0; SleepCycleTimeMax = 5.005482912063599; SleepCycleTimeMin = 5.005074977874756; SleepCycleTimeStd = 0.0001490675344435671; SleepCycleTimeSum = 35.03647685050964; SubmitCycleTimeAvg = 0.02843523025512695; SubmitCycleTimeCount = 8.0; SubmitCycleTimeMax = 0.1037561893463135; SubmitCycleTimeMin = 2.86102294921875E-06; SubmitCycleTimeStd = 0.03703428684216985; SubmitCycleTimeSum = 0.2274818420410156; ]
01/12/25 15:58:59 Currently monitoring 1 HTCondor log file(s)
01/12/25 15:58:59 Reassigning the id of job TrainLR from (169.0.0) to (169.0.0)
01/12/25 15:58:59 Event: ULOG_SUBMIT for HTCondor Node TrainLR (169.0.0) {01/12/25 15:58:54}
01/12/25 15:58:59 Number of idle job procs: 1
01/12/25 15:58:59 Reassigning the id of job TrainRF from (170.0.0) to (170.0.0)
01/12/25 15:58:59 Event: ULOG_SUBMIT for HTCondor Node TrainRF (170.0.0) {01/12/25 15:58:54}
01/12/25 15:58:59 Number of idle job procs: 2
01/12/25 15:58:59 Reassigning the id of job TrainGB from (171.0.0) to (171.0.0)
01/12/25 15:58:59 Event: ULOG_SUBMIT for HTCondor Node TrainGB (171.0.0) {01/12/25 15:58:54}
01/12/25 15:58:59 Number of idle job procs: 3
01/12/25 15:58:59 Event: ULOG_EXECUTE for HTCondor Node TrainLR (169.0.0) {01/12/25 15:58:55}
01/12/25 15:58:59 Number of idle job procs: 2
01/12/25 15:58:59 Event: ULOG_JOB_TERMINATED for HTCondor Node TrainLR (169.0.0) {01/12/25 15:58:57}
01/12/25 15:58:59 Number of idle job procs: 2
01/12/25 15:58:59 Node TrainLR job proc (169.0.0) failed with status 1.
01/12/25 15:58:59 Event: ULOG_EXECUTE for HTCondor Node TrainRF (170.0.0) {01/12/25 15:58:58}
01/12/25 15:58:59 Number of idle job procs: 1
01/12/25 15:58:59 DAG status: 2 (DAG_STATUS_NODE_FAILED)
01/12/25 15:58:59 Of 8 nodes total:
01/12/25 15:58:59  Done     Pre   Queued    Post   Ready   Un-Ready   Failed   Futile
01/12/25 15:58:59   ===     ===      ===     ===     ===        ===      ===      ===
01/12/25 15:58:59     3       0        3       0       0          0        1        1
01/12/25 15:58:59 0 job proc(s) currently held
01/12/25 15:58:59 DAGMan Runtime Statistics: [EventCycleTimeAvg = 0.07478627562522888; EventCycleTimeCount = 8.0; EventCycleTimeMax = 0.1410911083221436; EventCycleTimeMin = 0.02025294303894043; EventCycleTimeStd = 0.03674640790964601; EventCycleTimeSum = 0.5982902050018311; LogProcessCycleTimeAvg = 0.04998259544372559; LogProcessCycleTimeCount = 5.0; LogProcessCycleTimeMax = 0.09819602966308594; LogProcessCycleTimeMin = 0.02022194862365723; LogProcessCycleTimeStd = 0.03366033173231503; LogProcessCycleTimeSum = 0.2499129772186279; SleepCycleTimeAvg = 5.0052130818367; SleepCycleTimeCount = 8.0; SleepCycleTimeMax = 5.005482912063599; SleepCycleTimeMin = 5.005074977874756; SleepCycleTimeStd = 0.0001381378724162927; SleepCycleTimeSum = 40.0417046546936; SubmitCycleTimeAvg = 0.02527610460917155; SubmitCycleTimeCount = 9.0; SubmitCycleTimeMax = 0.1037561893463135; SubmitCycleTimeMin = 2.86102294921875E-06; SubmitCycleTimeStd = 0.03591541138970845; SubmitCycleTimeSum = 0.2274849414825439; ]
01/12/25 15:59:04 Currently monitoring 1 HTCondor log file(s)
01/12/25 15:59:04 Event: ULOG_JOB_TERMINATED for HTCondor Node TrainRF (170.0.0) {01/12/25 15:59:00}
01/12/25 15:59:04 Number of idle job procs: 1
01/12/25 15:59:04 Node TrainRF job proc (170.0.0) failed with status 1.
01/12/25 15:59:04 Event: ULOG_EXECUTE for HTCondor Node TrainGB (171.0.0) {01/12/25 15:59:01}
01/12/25 15:59:04 Number of idle job procs: 0
01/12/25 15:59:04 Event: ULOG_JOB_TERMINATED for HTCondor Node TrainGB (171.0.0) {01/12/25 15:59:03}
01/12/25 15:59:04 Number of idle job procs: 0
01/12/25 15:59:04 Node TrainGB job proc (171.0.0) failed with status 1.
01/12/25 15:59:04 DAG status: 2 (DAG_STATUS_NODE_FAILED)
01/12/25 15:59:04 Of 8 nodes total:
01/12/25 15:59:04  Done     Pre   Queued    Post   Ready   Un-Ready   Failed   Futile
01/12/25 15:59:04   ===     ===      ===     ===     ===        ===      ===      ===
01/12/25 15:59:04     3       0        1       0       0          0        3        1
01/12/25 15:59:04 0 job proc(s) currently held
01/12/25 15:59:04 DAGMan Runtime Statistics: [EventCycleTimeAvg = 0.08142648802863227; EventCycleTimeCount = 9.0; EventCycleTimeMax = 0.1410911083221436; EventCycleTimeMin = 0.02025294303894043; EventCycleTimeStd = 0.0397283647956991; EventCycleTimeSum = 0.7328383922576904; LogProcessCycleTimeAvg = 0.04966068267822266; LogProcessCycleTimeCount = 6.0; LogProcessCycleTimeMax = 0.09819602966308594; LogProcessCycleTimeMin = 0.02022194862365723; LogProcessCycleTimeStd = 0.03011704024028852; LogProcessCycleTimeSum = 0.2979640960693359; SleepCycleTimeAvg = 5.005199061499702; SleepCycleTimeCount = 9.0; SleepCycleTimeMax = 5.005482912063599; SleepCycleTimeMin = 5.005074977874756; SleepCycleTimeStd = 0.0001358894530161007; SleepCycleTimeSum = 45.04679155349731; SubmitCycleTimeAvg = 0.02274880409240723; SubmitCycleTimeCount = 10.0; SubmitCycleTimeMax = 0.1037561893463135; SubmitCycleTimeMin = 2.86102294921875E-06; SubmitCycleTimeStd = 0.03479173994167029; SubmitCycleTimeSum = 0.2274880409240723; ]
01/12/25 16:00:19 Currently monitoring 1 HTCondor log file(s)
01/12/25 16:00:19 Event: ULOG_JOB_TERMINATED for HTCondor Node EDAJob (167.0.0) {01/12/25 16:00:19}
01/12/25 16:00:19 Number of idle job procs: 0
01/12/25 16:00:19 Node EDAJob job proc (167.0.0) completed successfully.
01/12/25 16:00:19 Node EDAJob job completed
01/12/25 16:00:19 DAG status: 2 (DAG_STATUS_NODE_FAILED)
01/12/25 16:00:19 Of 8 nodes total:
01/12/25 16:00:19  Done     Pre   Queued    Post   Ready   Un-Ready   Failed   Futile
01/12/25 16:00:19   ===     ===      ===     ===     ===        ===      ===      ===
01/12/25 16:00:19     4       0        0       0       0          0        3        1
01/12/25 16:00:19 0 job proc(s) currently held
01/12/25 16:00:19 DAGMan Runtime Statistics: [EventCycleTimeAvg = 0.03401695688565572; EventCycleTimeCount = 24.0; EventCycleTimeMax = 0.1410911083221436; EventCycleTimeMin = 2.694129943847656E-05; EventCycleTimeStd = 0.04713878087901829; EventCycleTimeSum = 0.8164069652557373; LogProcessCycleTimeAvg = 0.04636161667960031; LogProcessCycleTimeCount = 7.0; LogProcessCycleTimeMax = 0.09819602966308594; LogProcessCycleTimeMin = 0.02022194862365723; LogProcessCycleTimeStd = 0.02884528180839102; LogProcessCycleTimeSum = 0.3245313167572021; SleepCycleTimeAvg = 5.005448788404465; SleepCycleTimeCount = 24.0; SleepCycleTimeMax = 5.00925087928772; SleepCycleTimeMin = 5.005074977874756; SleepCycleTimeStd = 0.001031553772681349; SleepCycleTimeSum = 120.1307709217072; SubmitCycleTimeAvg = 0.009101390838623047; SubmitCycleTimeCount = 25.0; SubmitCycleTimeMax = 0.1037561893463135; SubmitCycleTimeMin = 2.86102294921875E-06; SubmitCycleTimeStd = 0.02415090117169991; SubmitCycleTimeSum = 0.2275347709655762; ]
01/12/25 16:00:19 ERROR: the following job(s) failed:
01/12/25 16:00:19 ---------------------- Node ----------------------
01/12/25 16:00:19       Node Name: TrainLR
01/12/25 16:00:19            Noop: false
01/12/25 16:00:19          NodeID: 4
01/12/25 16:00:19     Node Status: STATUS_ERROR    
01/12/25 16:00:19 Node return val: 1
01/12/25 16:00:19           Error: Job proc (169.0.0) failed with status 1
01/12/25 16:00:19 Job Submit File: train_lr.sub
01/12/25 16:00:19  HTCondor Job ID: (169.0.0)
01/12/25 16:00:19 PARENTS: SplitJob WAITING: 0 CHILDREN: Summary
01/12/25 16:00:19 ---------------------- Node ----------------------
01/12/25 16:00:19       Node Name: TrainRF
01/12/25 16:00:19            Noop: false
01/12/25 16:00:19          NodeID: 5
01/12/25 16:00:19     Node Status: STATUS_ERROR    
01/12/25 16:00:19 Node return val: 1
01/12/25 16:00:19           Error: Job proc (170.0.0) failed with status 1
01/12/25 16:00:19 Job Submit File: train_rf.sub
01/12/25 16:00:19  HTCondor Job ID: (170.0.0)
01/12/25 16:00:19 PARENTS: SplitJob WAITING: 0 CHILDREN: 
01/12/25 16:00:19 ---------------------- Node ----------------------
01/12/25 16:00:19       Node Name: TrainGB
01/12/25 16:00:19            Noop: false
01/12/25 16:00:19          NodeID: 6
01/12/25 16:00:19     Node Status: STATUS_ERROR    
01/12/25 16:00:19 Node return val: 1
01/12/25 16:00:19           Error: Job proc (171.0.0) failed with status 1
01/12/25 16:00:19 Job Submit File: train_gb.sub
01/12/25 16:00:19  HTCondor Job ID: (171.0.0)
01/12/25 16:00:19 PARENTS: SplitJob WAITING: 0 CHILDREN: Summary
01/12/25 16:00:19 ---------------------------------------	<END>
01/12/25 16:00:19 Aborting DAG...
01/12/25 16:00:19 Writing Rescue DAG to dagman.dag.rescue001...
01/12/25 16:00:19 Removing submitted jobs...
01/12/25 16:00:19 Removing any/all submitted HTCondor jobs...
01/12/25 16:00:19 Running: /usr/bin/condor_rm -const DAGManJobId==164 -reason DAG' 'Abort:' 'DAG' 'is' 'exiting' 'and' 'writing' 'rescue' 'file.
01/12/25 16:00:19 Note: 0 total node deferrals because of -MaxJobs limit (0)
01/12/25 16:00:19 Note: 0 total node deferrals because of -MaxIdle limit (1000)
01/12/25 16:00:19 Note: 0 total node deferrals because of node category throttles
01/12/25 16:00:19 Note: 0 total PRE script deferrals because of -MaxPre limit (20) or DEFER
01/12/25 16:00:19 Note: 0 total POST script deferrals because of -MaxPost limit (20) or DEFER
01/12/25 16:00:19 Note: 0 total HOLD script deferrals because of -MaxHold limit (20) or DEFER
01/12/25 16:00:19 DAG status: 2 (DAG_STATUS_NODE_FAILED)
01/12/25 16:00:19 Of 8 nodes total:
01/12/25 16:00:19  Done     Pre   Queued    Post   Ready   Un-Ready   Failed   Futile
01/12/25 16:00:20   ===     ===      ===     ===     ===        ===      ===      ===
01/12/25 16:00:20     4       0        0       0       0          0        3        1
01/12/25 16:00:20 0 job proc(s) currently held
01/12/25 16:00:20 DAGMan Runtime Statistics: [EventCycleTimeAvg = 0.03401695688565572; EventCycleTimeCount = 24.0; EventCycleTimeMax = 0.1410911083221436; EventCycleTimeMin = 2.694129943847656E-05; EventCycleTimeStd = 0.04713878087901829; EventCycleTimeSum = 0.8164069652557373; LogProcessCycleTimeAvg = 0.04636161667960031; LogProcessCycleTimeCount = 7.0; LogProcessCycleTimeMax = 0.09819602966308594; LogProcessCycleTimeMin = 0.02022194862365723; LogProcessCycleTimeStd = 0.02884528180839102; LogProcessCycleTimeSum = 0.3245313167572021; SleepCycleTimeAvg = 5.005448788404465; SleepCycleTimeCount = 24.0; SleepCycleTimeMax = 5.00925087928772; SleepCycleTimeMin = 5.005074977874756; SleepCycleTimeStd = 0.001031553772681349; SleepCycleTimeSum = 120.1307709217072; SubmitCycleTimeAvg = 0.009101390838623047; SubmitCycleTimeCount = 25.0; SubmitCycleTimeMax = 0.1037561893463135; SubmitCycleTimeMin = 2.86102294921875E-06; SubmitCycleTimeStd = 0.02415090117169991; SubmitCycleTimeSum = 0.2275347709655762; ]
01/12/25 16:00:20 Wrote metrics file dagman.dag.metrics.
01/12/25 16:00:20 DAGMan Runtime Statistics: [EventCycleTimeAvg = 0.03401695688565572; EventCycleTimeCount = 24.0; EventCycleTimeMax = 0.1410911083221436; EventCycleTimeMin = 2.694129943847656E-05; EventCycleTimeStd = 0.04713878087901829; EventCycleTimeSum = 0.8164069652557373; LogProcessCycleTimeAvg = 0.04636161667960031; LogProcessCycleTimeCount = 7.0; LogProcessCycleTimeMax = 0.09819602966308594; LogProcessCycleTimeMin = 0.02022194862365723; LogProcessCycleTimeStd = 0.02884528180839102; LogProcessCycleTimeSum = 0.3245313167572021; SleepCycleTimeAvg = 5.005448788404465; SleepCycleTimeCount = 24.0; SleepCycleTimeMax = 5.00925087928772; SleepCycleTimeMin = 5.005074977874756; SleepCycleTimeStd = 0.001031553772681349; SleepCycleTimeSum = 120.1307709217072; SubmitCycleTimeAvg = 0.009101390838623047; SubmitCycleTimeCount = 25.0; SubmitCycleTimeMax = 0.1037561893463135; SubmitCycleTimeMin = 2.86102294921875E-06; SubmitCycleTimeStd = 0.02415090117169991; SubmitCycleTimeSum = 0.2275347709655762; ]
01/12/25 16:00:20 **** condor_scheduniv_exec.164.0 (condor_DAGMAN) pid 2092 EXITING WITH STATUS 1
01/12/25 16:29:34 ******************************************************
01/12/25 16:29:34 ** condor_scheduniv_exec.172.0 (CONDOR_DAGMAN) STARTING UP
01/12/25 16:29:34 ** /usr/bin/condor_dagman
01/12/25 16:29:34 ** SubsystemInfo: name=DAGMAN type=DAGMAN(9) class=CLIENT(2)
01/12/25 16:29:34 ** Configuration: subsystem:DAGMAN local:<NONE> class:CLIENT
01/12/25 16:29:34 ** $CondorVersion: 23.10.19 2025-01-03 BuildID: 777890 PackageID: 23.10.19-1+ubu24 GitSHA: 91176a00 $
01/12/25 16:29:34 ** $CondorPlatform: X86_64-Ubuntu_24.04 $
01/12/25 16:29:34 ** PID = 2279 RealUID = 1000
01/12/25 16:29:34 ** Log last touched 1/12 16:00:20
01/12/25 16:29:34 ******************************************************
01/12/25 16:29:34 Using config source: /etc/condor/condor_config
01/12/25 16:29:34 Using local config sources: 
01/12/25 16:29:34    /etc/condor/config.d/00-security
01/12/25 16:29:34    /etc/condor/config.d/01-submit.config
01/12/25 16:29:34    /etc/condor/config.d/10-stash-plugin.conf
01/12/25 16:29:34    /etc/condor/condor_config.local
01/12/25 16:29:34 config Macros = 75, Sorted = 75, StringBytes = 2326, TablesBytes = 2764
01/12/25 16:29:34 CLASSAD_CACHING is ENABLED
01/12/25 16:29:34 Daemon Log is logging: D_ALWAYS D_ERROR D_STATUS
01/12/25 16:29:34 DaemonCore: No command port requested.
01/12/25 16:29:34 DAGMAN_USE_STRICT setting: 1
01/12/25 16:29:34 DAGMAN_VERBOSITY setting: 3
01/12/25 16:29:34 DAGMAN_DEBUG_CACHE_SIZE setting: 5242880
01/12/25 16:29:34 DAGMAN_DEBUG_CACHE_ENABLE setting: False
01/12/25 16:29:34 DAGMAN_SUBMIT_DELAY setting: 0
01/12/25 16:29:34 DAGMAN_MAX_SUBMIT_ATTEMPTS setting: 6
01/12/25 16:29:34 DAGMAN_STARTUP_CYCLE_DETECT setting: False
01/12/25 16:29:34 DAGMAN_MAX_SUBMITS_PER_INTERVAL setting: 100
01/12/25 16:29:34 DAGMAN_AGGRESSIVE_SUBMIT setting: False
01/12/25 16:29:34 DAGMAN_USER_LOG_SCAN_INTERVAL setting: 5
01/12/25 16:29:34 DAGMAN_QUEUE_UPDATE_INTERVAL setting: 300
01/12/25 16:29:34 DAGMAN_DEFAULT_PRIORITY setting: 0
01/12/25 16:29:34 DAGMAN_SUPPRESS_NOTIFICATION setting: False
01/12/25 16:29:34 allow_events (DAGMAN_ALLOW_EVENTS) setting: 114
01/12/25 16:29:34 DAGMAN_RETRY_SUBMIT_FIRST setting: True
01/12/25 16:29:34 DAGMAN_RETRY_NODE_FIRST setting: False
01/12/25 16:29:34 DAGMAN_MAX_JOBS_IDLE setting: 1000
01/12/25 16:29:34 DAGMAN_MAX_JOBS_SUBMITTED setting: 0
01/12/25 16:29:34 DAGMAN_MAX_PRE_SCRIPTS setting: 20
01/12/25 16:29:34 DAGMAN_MAX_POST_SCRIPTS setting: 20
01/12/25 16:29:34 DAGMAN_MAX_HOLD_SCRIPTS setting: 20
01/12/25 16:29:34 DAGMAN_MUNGE_NODE_NAMES setting: True
01/12/25 16:29:34 DAGMAN_PROHIBIT_MULTI_JOBS setting: False
01/12/25 16:29:34 DAGMAN_SUBMIT_DEPTH_FIRST setting: False
01/12/25 16:29:34 DAGMAN_ALWAYS_RUN_POST setting: False
01/12/25 16:29:34 DAGMAN_CONDOR_SUBMIT_EXE setting: /usr/bin/condor_submit
01/12/25 16:29:34 DAGMAN_CONDOR_RM_EXE setting: /usr/bin/condor_rm
01/12/25 16:29:34 DAGMAN_USE_DIRECT_SUBMIT setting: True
01/12/25 16:29:34 DAGMAN_PRODUCE_JOB_CREDENTIALS setting: True
01/12/25 16:29:34 DAGMAN_DEFAULT_APPEND_VARS setting: False
01/12/25 16:29:34 DAGMAN_INHERIT_ATTRS_PREFIX setting: 
01/12/25 16:29:34 DAGMAN_INHERIT_ATTRS setting: 
01/12/25 16:29:34 DAGMAN_ABORT_DUPLICATES setting: True
01/12/25 16:29:34 DAGMAN_ABORT_ON_SCARY_SUBMIT setting: True
01/12/25 16:29:34 DAGMAN_PENDING_REPORT_INTERVAL setting: 600
01/12/25 16:29:34 DAGMAN_CHECK_QUEUE_INTERVAL setting: 28800
01/12/25 16:29:34 DAGMAN_AUTO_RESCUE setting: True
01/12/25 16:29:34 DAGMAN_MAX_RESCUE_NUM setting: 100
01/12/25 16:29:34 DAGMAN_WRITE_PARTIAL_RESCUE setting: True
01/12/25 16:29:34 DAGMAN_DEFAULT_NODE_LOG setting: @(DAG_DIR)/@(DAG_FILE).nodes.log
01/12/25 16:29:34 DAGMAN_GENERATE_SUBDAG_SUBMITS setting: True
01/12/25 16:29:34 DAGMAN_MAX_JOB_HOLDS setting: 100
01/12/25 16:29:34 DAGMAN_HOLD_CLAIM_TIME setting: 20
01/12/25 16:29:34 DAGMAN_SUPPRESS_JOB_LOGS setting: False
01/12/25 16:29:34 DAGMAN_REMOVE_NODE_JOBS setting: True
01/12/25 16:29:34 DAGMAN_REMOVE_JOBS_AFTER_LIMIT_CHANGE setting: False
01/12/25 16:29:34 DAGMAN will adjust edges after parsing
01/12/25 16:29:34 argv[0] == "condor_scheduniv_exec.172.0"
01/12/25 16:29:34 argv[1] == "-Lockfile"
01/12/25 16:29:34 argv[2] == "dagman.dag.lock"
01/12/25 16:29:34 argv[3] == "-Dag"
01/12/25 16:29:34 argv[4] == "dagman.dag"
01/12/25 16:29:34 argv[5] == "-MaxIdle"
01/12/25 16:29:34 argv[6] == "1000"
01/12/25 16:29:34 argv[7] == "-CsdVersion"
01/12/25 16:29:34 argv[8] == "$CondorVersion: 23.10.19 2025-01-03 BuildID: 777890 PackageID: 23.10.19-1+ubu24 GitSHA: 91176a00 $"
01/12/25 16:29:34 argv[9] == "-dagman"
01/12/25 16:29:34 argv[10] == "/usr/bin/condor_dagman"
01/12/25 16:29:34 argv[11] == "-AutoRescue"
01/12/25 16:29:34 argv[12] == "1"
01/12/25 16:29:34 argv[13] == "-DoRescueFrom"
01/12/25 16:29:34 argv[14] == "0"
01/12/25 16:29:34 argv[15] == "-force"
01/12/25 16:29:34 Can't open directory "/etc/condor/passwords.d" as PRIV_ROOT, errno: 13 (Permission denied)
01/12/25 16:29:34 Can't open directory "/etc/condor/passwords.d" as PRIV_ROOT, errno: 13 (Permission denied)
01/12/25 16:29:34 Workflow batch-id: <172.0>
01/12/25 16:29:34 Workflow batch-name: <dagman.dag+172>
01/12/25 16:29:34 Workflow accounting_group: <>
01/12/25 16:29:34 Workflow accounting_group_user: <>
01/12/25 16:29:34 Warning: failed to get attribute DAGNodeName
01/12/25 16:29:34 DAGMAN_LOG_ON_NFS_IS_ERROR setting: False
01/12/25 16:29:34 Default node log file is: </home/ubuntu/wqd7008_group_project/./dagman.dag.nodes.log>
01/12/25 16:29:34 DAG Lockfile will be written to dagman.dag.lock
01/12/25 16:29:34 DAG Input file is dagman.dag
01/12/25 16:29:34 Parsing 1 dagfiles
01/12/25 16:29:34 Parsing dagman.dag ...
01/12/25 16:29:34 Adjusting edges
01/12/25 16:29:34 Dag contains 5 total nodes
01/12/25 16:29:34 Bootstrapping...
01/12/25 16:29:34 Number of pre-completed nodes: 0
01/12/25 16:29:34 MultiLogFiles: truncating log file /home/ubuntu/wqd7008_group_project/./dagman.dag.nodes.log
01/12/25 16:29:34 DAG status: 0 (DAG_STATUS_OK)
01/12/25 16:29:34 Of 5 nodes total:
01/12/25 16:29:34  Done     Pre   Queued    Post   Ready   Un-Ready   Failed   Futile
01/12/25 16:29:34   ===     ===      ===     ===     ===        ===      ===      ===
01/12/25 16:29:34     0       0        0       0       1          4        0        0
01/12/25 16:29:34 0 job proc(s) currently held
01/12/25 16:29:34 DAGMan Runtime Statistics: [EventCycleTimeCount = 0.0; EventCycleTimeSum = 0.0; LogProcessCycleTimeCount = 0.0; LogProcessCycleTimeSum = 0.0; SleepCycleTimeCount = 0.0; SleepCycleTimeSum = 0.0; SubmitCycleTimeCount = 0.0; SubmitCycleTimeSum = 0.0; ]
01/12/25 16:29:34 Registering condor_event_timer...
01/12/25 16:29:35 Submitting HTCondor Node ImportJob job(s)...
01/12/25 16:29:35 Submitting node ImportJob from file import.sub using direct job submission
01/12/25 16:29:35 	assigned HTCondor ID (173.0.0)
01/12/25 16:29:35 Just submitted 1 job this cycle...
01/12/25 16:29:35 DAG status: 0 (DAG_STATUS_OK)
01/12/25 16:29:35 Of 5 nodes total:
01/12/25 16:29:35  Done     Pre   Queued    Post   Ready   Un-Ready   Failed   Futile
01/12/25 16:29:35   ===     ===      ===     ===     ===        ===      ===      ===
01/12/25 16:29:35     0       0        1       0       0          4        0        0
01/12/25 16:29:35 0 job proc(s) currently held
01/12/25 16:29:35 DAGMan Runtime Statistics: [EventCycleTimeCount = 0.0; EventCycleTimeSum = 0.0; LogProcessCycleTimeCount = 0.0; LogProcessCycleTimeSum = 0.0; SleepCycleTimeCount = 0.0; SleepCycleTimeSum = 0.0; SubmitCycleTimeAvg = 0.03149700164794922; SubmitCycleTimeCount = 1.0; SubmitCycleTimeMax = 0.03149700164794922; SubmitCycleTimeMin = 0.03149700164794922; SubmitCycleTimeStd = 0.03149700164794922; SubmitCycleTimeSum = 0.03149700164794922; ]
01/12/25 16:29:40 Currently monitoring 1 HTCondor log file(s)
01/12/25 16:29:40 Reassigning the id of job ImportJob from (173.0.0) to (173.0.0)
01/12/25 16:29:40 Event: ULOG_SUBMIT for HTCondor Node ImportJob (173.0.0) {01/12/25 16:29:35}
01/12/25 16:29:40 Number of idle job procs: 1
01/12/25 16:30:00 Currently monitoring 1 HTCondor log file(s)
01/12/25 16:30:00 Event: ULOG_EXECUTE for HTCondor Node ImportJob (173.0.0) {01/12/25 16:29:55}
01/12/25 16:30:00 Number of idle job procs: 0
01/12/25 16:30:00 Event: ULOG_JOB_TERMINATED for HTCondor Node ImportJob (173.0.0) {01/12/25 16:29:56}
01/12/25 16:30:00 Number of idle job procs: 0
01/12/25 16:30:00 Node ImportJob job proc (173.0.0) completed successfully.
01/12/25 16:30:00 Node ImportJob job completed
01/12/25 16:30:00 DAG status: 0 (DAG_STATUS_OK)
01/12/25 16:30:00 Of 5 nodes total:
01/12/25 16:30:00  Done     Pre   Queued    Post   Ready   Un-Ready   Failed   Futile
01/12/25 16:30:00   ===     ===      ===     ===     ===        ===      ===      ===
01/12/25 16:30:00     1       0        0       0       1          3        0        0
01/12/25 16:30:00 0 job proc(s) currently held
01/12/25 16:30:00 DAGMan Runtime Statistics: [EventCycleTimeAvg = 0.01791677474975586; EventCycleTimeCount = 5.0; EventCycleTimeMax = 0.07011890411376953; EventCycleTimeMin = 2.789497375488281E-05; EventCycleTimeStd = 0.03036095717720932; EventCycleTimeSum = 0.0895838737487793; LogProcessCycleTimeAvg = 0.02053713798522949; LogProcessCycleTimeCount = 2.0; LogProcessCycleTimeMax = 0.02172517776489258; LogProcessCycleTimeMin = 0.01934909820556641; LogProcessCycleTimeStd = 0.00168014196903828; LogProcessCycleTimeSum = 0.04107427597045898; SleepCycleTimeAvg = 5.005362224578858; SleepCycleTimeCount = 5.0; SleepCycleTimeMax = 5.00593090057373; SleepCycleTimeMin = 5.00508713722229; SleepCycleTimeStd = 0.0003491235055007961; SleepCycleTimeSum = 25.02681112289429; SubmitCycleTimeAvg = 0.005251884460449219; SubmitCycleTimeCount = 6.0; SubmitCycleTimeMax = 0.03149700164794922; SubmitCycleTimeMin = 2.145767211914062E-06; SubmitCycleTimeStd = 0.01285742907509002; SubmitCycleTimeSum = 0.03151130676269531; ]
01/12/25 16:30:05 Submitting HTCondor Node PreprocessJob job(s)...
01/12/25 16:30:05 Submitting node PreprocessJob from file preprocess.sub using direct job submission
01/12/25 16:30:05 	assigned HTCondor ID (174.0.0)
01/12/25 16:30:05 Just submitted 1 job this cycle...
01/12/25 16:30:05 DAG status: 0 (DAG_STATUS_OK)
01/12/25 16:30:05 Of 5 nodes total:
01/12/25 16:30:05  Done     Pre   Queued    Post   Ready   Un-Ready   Failed   Futile
01/12/25 16:30:05   ===     ===      ===     ===     ===        ===      ===      ===
01/12/25 16:30:05     1       0        1       0       0          3        0        0
01/12/25 16:30:05 0 job proc(s) currently held
01/12/25 16:30:05 DAGMan Runtime Statistics: [EventCycleTimeAvg = 0.02249364058176677; EventCycleTimeCount = 6.0; EventCycleTimeMax = 0.07011890411376953; EventCycleTimeMin = 2.789497375488281E-05; EventCycleTimeStd = 0.02937884241488156; EventCycleTimeSum = 0.1349618434906006; LogProcessCycleTimeAvg = 0.02053713798522949; LogProcessCycleTimeCount = 2.0; LogProcessCycleTimeMax = 0.02172517776489258; LogProcessCycleTimeMin = 0.01934909820556641; LogProcessCycleTimeStd = 0.00168014196903828; LogProcessCycleTimeSum = 0.04107427597045898; SleepCycleTimeAvg = 5.005318999290466; SleepCycleTimeCount = 6.0; SleepCycleTimeMax = 5.00593090057373; SleepCycleTimeMin = 5.00508713722229; SleepCycleTimeStd = 0.0003297276627490256; SleepCycleTimeSum = 30.0319139957428; SubmitCycleTimeAvg = 0.0086930479322161; SubmitCycleTimeCount = 7.0; SubmitCycleTimeMax = 0.03149700164794922; SubmitCycleTimeMin = 2.145767211914062E-06; SubmitCycleTimeStd = 0.01485437570639599; SubmitCycleTimeSum = 0.0608513355255127; ]
01/12/25 16:30:10 Currently monitoring 1 HTCondor log file(s)
01/12/25 16:30:10 Reassigning the id of job PreprocessJob from (174.0.0) to (174.0.0)
01/12/25 16:30:10 Event: ULOG_SUBMIT for HTCondor Node PreprocessJob (174.0.0) {01/12/25 16:30:05}
01/12/25 16:30:10 Number of idle job procs: 1
01/12/25 16:30:10 Event: ULOG_EXECUTE for HTCondor Node PreprocessJob (174.0.0) {01/12/25 16:30:06}
01/12/25 16:30:10 Number of idle job procs: 0
01/12/25 16:30:10 Event: ULOG_JOB_TERMINATED for HTCondor Node PreprocessJob (174.0.0) {01/12/25 16:30:10}
01/12/25 16:30:10 Number of idle job procs: 0
01/12/25 16:30:10 Node PreprocessJob job proc (174.0.0) completed successfully.
01/12/25 16:30:10 Node PreprocessJob job completed
01/12/25 16:30:10 DAG status: 0 (DAG_STATUS_OK)
01/12/25 16:30:10 Of 5 nodes total:
01/12/25 16:30:10  Done     Pre   Queued    Post   Ready   Un-Ready   Failed   Futile
01/12/25 16:30:10   ===     ===      ===     ===     ===        ===      ===      ===
01/12/25 16:30:10     2       0        0       0       2          1        0        0
01/12/25 16:30:10 0 job proc(s) currently held
01/12/25 16:30:10 DAGMan Runtime Statistics: [EventCycleTimeAvg = 0.02853812490190779; EventCycleTimeCount = 7.0; EventCycleTimeMax = 0.07011890411376953; EventCycleTimeMin = 2.789497375488281E-05; EventCycleTimeStd = 0.03122521715281392; EventCycleTimeSum = 0.1997668743133545; LogProcessCycleTimeAvg = 0.02393404642740886; LogProcessCycleTimeCount = 3.0; LogProcessCycleTimeMax = 0.03072786331176758; LogProcessCycleTimeMin = 0.01934909820556641; LogProcessCycleTimeStd = 0.006002366151086595; LogProcessCycleTimeSum = 0.07180213928222656; SleepCycleTimeAvg = 5.004591873713902; SleepCycleTimeCount = 7.0; SleepCycleTimeMax = 5.00593090057373; SleepCycleTimeMin = 5.000229120254517; SleepCycleTimeStd = 0.001947198373472044; SleepCycleTimeSum = 35.03214311599731; SubmitCycleTimeAvg = 0.007606804370880127; SubmitCycleTimeCount = 8.0; SubmitCycleTimeMax = 0.03149700164794922; SubmitCycleTimeMin = 2.145767211914062E-06; SubmitCycleTimeStd = 0.01409149018752128; SubmitCycleTimeSum = 0.06085443496704102; ]
01/12/25 16:30:15 Submitting HTCondor Node EDAJob job(s)...
01/12/25 16:30:15 Submitting node EDAJob from file eda.sub using direct job submission
01/12/25 16:30:15 	assigned HTCondor ID (175.0.0)
01/12/25 16:30:15 Submitting HTCondor Node SplitJob job(s)...
01/12/25 16:30:15 Submitting node SplitJob from file split.sub using direct job submission
01/12/25 16:30:15 	assigned HTCondor ID (176.0.0)
01/12/25 16:30:15 Just submitted 2 jobs this cycle...
01/12/25 16:30:15 DAG status: 0 (DAG_STATUS_OK)
01/12/25 16:30:15 Of 5 nodes total:
01/12/25 16:30:16  Done     Pre   Queued    Post   Ready   Un-Ready   Failed   Futile
01/12/25 16:30:16   ===     ===      ===     ===     ===        ===      ===      ===
01/12/25 16:30:16     2       0        2       0       0          1        0        0
01/12/25 16:30:16 0 job proc(s) currently held
01/12/25 16:30:16 DAGMan Runtime Statistics: [EventCycleTimeAvg = 0.03114610910415649; EventCycleTimeCount = 8.0; EventCycleTimeMax = 0.07011890411376953; EventCycleTimeMin = 2.789497375488281E-05; EventCycleTimeStd = 0.02983519897943253; EventCycleTimeSum = 0.249168872833252; LogProcessCycleTimeAvg = 0.02393404642740886; LogProcessCycleTimeCount = 3.0; LogProcessCycleTimeMax = 0.03072786331176758; LogProcessCycleTimeMin = 0.01934909820556641; LogProcessCycleTimeStd = 0.006002366151086595; LogProcessCycleTimeSum = 0.07180213928222656; SleepCycleTimeAvg = 5.004691898822784; SleepCycleTimeCount = 8.0; SleepCycleTimeMax = 5.00593090057373; SleepCycleTimeMin = 5.000229120254517; SleepCycleTimeStd = 0.001824819767407211; SleepCycleTimeSum = 40.03753519058228; SubmitCycleTimeAvg = 0.01245294676886665; SubmitCycleTimeCount = 9.0; SubmitCycleTimeMax = 0.05122208595275879; SubmitCycleTimeMin = 2.145767211914062E-06; SubmitCycleTimeStd = 0.01962433945425795; SubmitCycleTimeSum = 0.1120765209197998; ]
01/12/25 16:30:21 Currently monitoring 1 HTCondor log file(s)
01/12/25 16:30:21 Reassigning the id of job EDAJob from (175.0.0) to (175.0.0)
01/12/25 16:30:21 Event: ULOG_SUBMIT for HTCondor Node EDAJob (175.0.0) {01/12/25 16:30:15}
01/12/25 16:30:21 Number of idle job procs: 1
01/12/25 16:30:21 Reassigning the id of job SplitJob from (176.0.0) to (176.0.0)
01/12/25 16:30:21 Event: ULOG_SUBMIT for HTCondor Node SplitJob (176.0.0) {01/12/25 16:30:15}
01/12/25 16:30:21 Number of idle job procs: 2
01/12/25 16:30:21 Event: ULOG_EXECUTE for HTCondor Node EDAJob (175.0.0) {01/12/25 16:30:17}
01/12/25 16:30:21 Number of idle job procs: 1
01/12/25 16:30:36 Currently monitoring 1 HTCondor log file(s)
01/12/25 16:30:36 Event: ULOG_EXECUTE for HTCondor Node SplitJob (176.0.0) {01/12/25 16:30:35}
01/12/25 16:30:36 Number of idle job procs: 0
01/12/25 16:30:41 Currently monitoring 1 HTCondor log file(s)
01/12/25 16:30:41 Event: ULOG_JOB_TERMINATED for HTCondor Node SplitJob (176.0.0) {01/12/25 16:30:36}
01/12/25 16:30:41 Number of idle job procs: 0
01/12/25 16:30:41 Node SplitJob job proc (176.0.0) completed successfully.
01/12/25 16:30:41 Node SplitJob job completed
01/12/25 16:30:41 DAG status: 0 (DAG_STATUS_OK)
01/12/25 16:30:41 Of 5 nodes total:
01/12/25 16:30:41  Done     Pre   Queued    Post   Ready   Un-Ready   Failed   Futile
01/12/25 16:30:41   ===     ===      ===     ===     ===        ===      ===      ===
01/12/25 16:30:41     3       0        1       0       1          0        0        0
01/12/25 16:30:41 0 job proc(s) currently held
01/12/25 16:30:41 DAGMan Runtime Statistics: [EventCycleTimeAvg = 0.03069507158719576; EventCycleTimeCount = 13.0; EventCycleTimeMax = 0.08603096008300781; EventCycleTimeMin = 2.789497375488281E-05; EventCycleTimeStd = 0.03077448056558341; EventCycleTimeSum = 0.3990359306335449; LogProcessCycleTimeAvg = 0.02501169840494792; LogProcessCycleTimeCount = 6.0; LogProcessCycleTimeMax = 0.04151797294616699; LogProcessCycleTimeMin = 0.01455211639404297; LogProcessCycleTimeStd = 0.009646946344742093; LogProcessCycleTimeSum = 0.1500701904296875; SleepCycleTimeAvg = 5.005076848543608; SleepCycleTimeCount = 13.0; SleepCycleTimeMax = 5.008098840713501; SleepCycleTimeMin = 5.000229120254517; SleepCycleTimeStd = 0.001674032134167021; SleepCycleTimeSum = 65.06599903106689; SubmitCycleTimeAvg = 0.008006453514099121; SubmitCycleTimeCount = 14.0; SubmitCycleTimeMax = 0.05122208595275879; SubmitCycleTimeMin = 1.9073486328125E-06; SubmitCycleTimeStd = 0.01659275655258952; SubmitCycleTimeSum = 0.1120903491973877; ]
01/12/25 16:30:46 Submitting HTCondor Node TrainLR job(s)...
01/12/25 16:30:46 Submitting node TrainLR from file train_lr.sub using direct job submission
01/12/25 16:30:46 	assigned HTCondor ID (177.0.0)
01/12/25 16:30:46 Just submitted 1 job this cycle...
01/12/25 16:30:46 DAG status: 0 (DAG_STATUS_OK)
01/12/25 16:30:46 Of 5 nodes total:
01/12/25 16:30:46  Done     Pre   Queued    Post   Ready   Un-Ready   Failed   Futile
01/12/25 16:30:46   ===     ===      ===     ===     ===        ===      ===      ===
01/12/25 16:30:46     3       0        2       0       0          0        0        0
01/12/25 16:30:46 0 job proc(s) currently held
01/12/25 16:30:46 DAGMan Runtime Statistics: [EventCycleTimeAvg = 0.03136999266488211; EventCycleTimeCount = 14.0; EventCycleTimeMax = 0.08603096008300781; EventCycleTimeMin = 2.789497375488281E-05; EventCycleTimeStd = 0.02967481217476534; EventCycleTimeSum = 0.4391798973083496; LogProcessCycleTimeAvg = 0.02501169840494792; LogProcessCycleTimeCount = 6.0; LogProcessCycleTimeMax = 0.04151797294616699; LogProcessCycleTimeMin = 0.01455211639404297; LogProcessCycleTimeStd = 0.009646946344742093; LogProcessCycleTimeSum = 0.1500701904296875; SleepCycleTimeAvg = 5.005078434944153; SleepCycleTimeCount = 14.0; SleepCycleTimeMax = 5.008098840713501; SleepCycleTimeMin = 5.000229120254517; SleepCycleTimeStd = 0.001608369003751093; SleepCycleTimeSum = 70.07109808921814; SubmitCycleTimeAvg = 0.00960694948832194; SubmitCycleTimeCount = 15.0; SubmitCycleTimeMax = 0.05122208595275879; SubmitCycleTimeMin = 1.9073486328125E-06; SubmitCycleTimeStd = 0.0171486937372402; SubmitCycleTimeSum = 0.1441042423248291; ]
01/12/25 16:30:51 Currently monitoring 1 HTCondor log file(s)
01/12/25 16:30:51 Reassigning the id of job TrainLR from (177.0.0) to (177.0.0)
01/12/25 16:30:51 Event: ULOG_SUBMIT for HTCondor Node TrainLR (177.0.0) {01/12/25 16:30:46}
01/12/25 16:30:51 Number of idle job procs: 1
01/12/25 16:30:51 Event: ULOG_EXECUTE for HTCondor Node TrainLR (177.0.0) {01/12/25 16:30:47}
01/12/25 16:30:51 Number of idle job procs: 0
01/12/25 16:30:56 Currently monitoring 1 HTCondor log file(s)
01/12/25 16:30:56 Event: ULOG_JOB_TERMINATED for HTCondor Node TrainLR (177.0.0) {01/12/25 16:30:52}
01/12/25 16:30:56 Number of idle job procs: 0
01/12/25 16:30:56 Node TrainLR job proc (177.0.0) completed successfully.
01/12/25 16:30:56 Node TrainLR job completed
01/12/25 16:30:56 DAG status: 0 (DAG_STATUS_OK)
01/12/25 16:30:56 Of 5 nodes total:
01/12/25 16:30:56  Done     Pre   Queued    Post   Ready   Un-Ready   Failed   Futile
01/12/25 16:30:56   ===     ===      ===     ===     ===        ===      ===      ===
01/12/25 16:30:56     4       0        1       0       0          0        0        0
01/12/25 16:30:56 0 job proc(s) currently held
01/12/25 16:30:56 DAGMan Runtime Statistics: [EventCycleTimeAvg = 0.03254961967468262; EventCycleTimeCount = 16.0; EventCycleTimeMax = 0.08603096008300781; EventCycleTimeMin = 2.789497375488281E-05; EventCycleTimeStd = 0.02868647296201779; EventCycleTimeSum = 0.5207939147949219; LogProcessCycleTimeAvg = 0.02375975251197815; LogProcessCycleTimeCount = 8.0; LogProcessCycleTimeMax = 0.04151797294616699; LogProcessCycleTimeMin = 0.01455211639404297; LogProcessCycleTimeStd = 0.008515820179481152; LogProcessCycleTimeSum = 0.1900780200958252; SleepCycleTimeAvg = 5.005080446600914; SleepCycleTimeCount = 16.0; SleepCycleTimeMax = 5.008098840713501; SleepCycleTimeMin = 5.000229120254517; SleepCycleTimeStd = 0.001497321060857804; SleepCycleTimeSum = 80.08128714561462; SubmitCycleTimeAvg = 0.008476958555333754; SubmitCycleTimeCount = 17.0; SubmitCycleTimeMax = 0.05122208595275879; SubmitCycleTimeMin = 1.9073486328125E-06; SubmitCycleTimeStd = 0.01635521685481942; SubmitCycleTimeSum = 0.1441082954406738; ]
01/12/25 16:31:51 Currently monitoring 1 HTCondor log file(s)
01/12/25 16:31:51 Event: ULOG_JOB_TERMINATED for HTCondor Node EDAJob (175.0.0) {01/12/25 16:31:50}
01/12/25 16:31:51 Number of idle job procs: 0
01/12/25 16:31:51 Node EDAJob job proc (175.0.0) completed successfully.
01/12/25 16:31:51 Node EDAJob job completed
01/12/25 16:31:51 DAG status: 0 (DAG_STATUS_OK)
01/12/25 16:31:51 Of 5 nodes total:
01/12/25 16:31:51  Done     Pre   Queued    Post   Ready   Un-Ready   Failed   Futile
01/12/25 16:31:51   ===     ===      ===     ===     ===        ===      ===      ===
01/12/25 16:31:51     5       0        0       0       0          0        0        0
01/12/25 16:31:51 0 job proc(s) currently held
01/12/25 16:31:51 DAGMan Runtime Statistics: [EventCycleTimeAvg = 0.02078706246835214; EventCycleTimeCount = 27.0; EventCycleTimeMax = 0.08603096008300781; EventCycleTimeMin = 2.408027648925781E-05; EventCycleTimeStd = 0.02720468005444331; EventCycleTimeSum = 0.5612506866455078; LogProcessCycleTimeAvg = 0.02268788549635145; LogProcessCycleTimeCount = 9.0; LogProcessCycleTimeMax = 0.04151797294616699; LogProcessCycleTimeMin = 0.01411294937133789; LogProcessCycleTimeStd = 0.008590365781257362; LogProcessCycleTimeSum = 0.2041909694671631; SleepCycleTimeAvg = 5.005063789862174; SleepCycleTimeCount = 27.0; SleepCycleTimeMax = 5.008157014846802; SleepCycleTimeMin = 5.000229120254517; SleepCycleTimeStd = 0.001493390441427937; SleepCycleTimeSum = 135.1367223262787; SubmitCycleTimeAvg = 0.005147899900163923; SubmitCycleTimeCount = 28.0; SubmitCycleTimeMax = 0.05122208595275879; SubmitCycleTimeMin = 1.9073486328125E-06; SubmitCycleTimeStd = 0.01327691618280514; SubmitCycleTimeSum = 0.1441411972045898; ]
01/12/25 16:31:51 All jobs Completed!
01/12/25 16:31:51 Note: 0 total node deferrals because of -MaxJobs limit (0)
01/12/25 16:31:51 Note: 0 total node deferrals because of -MaxIdle limit (1000)
01/12/25 16:31:51 Note: 0 total node deferrals because of node category throttles
01/12/25 16:31:51 Note: 0 total PRE script deferrals because of -MaxPre limit (20) or DEFER
01/12/25 16:31:51 Note: 0 total POST script deferrals because of -MaxPost limit (20) or DEFER
01/12/25 16:31:51 Note: 0 total HOLD script deferrals because of -MaxHold limit (20) or DEFER
01/12/25 16:31:51 DAG status: 0 (DAG_STATUS_OK)
01/12/25 16:31:51 Of 5 nodes total:
01/12/25 16:31:51  Done     Pre   Queued    Post   Ready   Un-Ready   Failed   Futile
01/12/25 16:31:51   ===     ===      ===     ===     ===        ===      ===      ===
01/12/25 16:31:51     5       0        0       0       0          0        0        0
01/12/25 16:31:51 0 job proc(s) currently held
01/12/25 16:31:51 DAGMan Runtime Statistics: [EventCycleTimeAvg = 0.02078706246835214; EventCycleTimeCount = 27.0; EventCycleTimeMax = 0.08603096008300781; EventCycleTimeMin = 2.408027648925781E-05; EventCycleTimeStd = 0.02720468005444331; EventCycleTimeSum = 0.5612506866455078; LogProcessCycleTimeAvg = 0.02268788549635145; LogProcessCycleTimeCount = 9.0; LogProcessCycleTimeMax = 0.04151797294616699; LogProcessCycleTimeMin = 0.01411294937133789; LogProcessCycleTimeStd = 0.008590365781257362; LogProcessCycleTimeSum = 0.2041909694671631; SleepCycleTimeAvg = 5.005063789862174; SleepCycleTimeCount = 27.0; SleepCycleTimeMax = 5.008157014846802; SleepCycleTimeMin = 5.000229120254517; SleepCycleTimeStd = 0.001493390441427937; SleepCycleTimeSum = 135.1367223262787; SubmitCycleTimeAvg = 0.005147899900163923; SubmitCycleTimeCount = 28.0; SubmitCycleTimeMax = 0.05122208595275879; SubmitCycleTimeMin = 1.9073486328125E-06; SubmitCycleTimeStd = 0.01327691618280514; SubmitCycleTimeSum = 0.1441411972045898; ]
01/12/25 16:31:51 Wrote metrics file dagman.dag.metrics.
01/12/25 16:31:51 DAGMan Runtime Statistics: [EventCycleTimeAvg = 0.02078706246835214; EventCycleTimeCount = 27.0; EventCycleTimeMax = 0.08603096008300781; EventCycleTimeMin = 2.408027648925781E-05; EventCycleTimeStd = 0.02720468005444331; EventCycleTimeSum = 0.5612506866455078; LogProcessCycleTimeAvg = 0.02268788549635145; LogProcessCycleTimeCount = 9.0; LogProcessCycleTimeMax = 0.04151797294616699; LogProcessCycleTimeMin = 0.01411294937133789; LogProcessCycleTimeStd = 0.008590365781257362; LogProcessCycleTimeSum = 0.2041909694671631; SleepCycleTimeAvg = 5.005063789862174; SleepCycleTimeCount = 27.0; SleepCycleTimeMax = 5.008157014846802; SleepCycleTimeMin = 5.000229120254517; SleepCycleTimeStd = 0.001493390441427937; SleepCycleTimeSum = 135.1367223262787; SubmitCycleTimeAvg = 0.005147899900163923; SubmitCycleTimeCount = 28.0; SubmitCycleTimeMax = 0.05122208595275879; SubmitCycleTimeMin = 1.9073486328125E-06; SubmitCycleTimeStd = 0.01327691618280514; SubmitCycleTimeSum = 0.1441411972045898; ]
01/12/25 16:31:51 **** condor_scheduniv_exec.172.0 (condor_DAGMAN) pid 2279 EXITING WITH STATUS 0
01/12/25 16:38:21 ******************************************************
01/12/25 16:38:21 ** condor_scheduniv_exec.178.0 (CONDOR_DAGMAN) STARTING UP
01/12/25 16:38:21 ** /usr/bin/condor_dagman
01/12/25 16:38:21 ** SubsystemInfo: name=DAGMAN type=DAGMAN(9) class=CLIENT(2)
01/12/25 16:38:21 ** Configuration: subsystem:DAGMAN local:<NONE> class:CLIENT
01/12/25 16:38:21 ** $CondorVersion: 23.10.19 2025-01-03 BuildID: 777890 PackageID: 23.10.19-1+ubu24 GitSHA: 91176a00 $
01/12/25 16:38:21 ** $CondorPlatform: X86_64-Ubuntu_24.04 $
01/12/25 16:38:21 ** PID = 2347 RealUID = 1000
01/12/25 16:38:21 ** Log last touched 1/12 16:31:51
01/12/25 16:38:21 ******************************************************
01/12/25 16:38:21 Using config source: /etc/condor/condor_config
01/12/25 16:38:21 Using local config sources: 
01/12/25 16:38:21    /etc/condor/config.d/00-security
01/12/25 16:38:21    /etc/condor/config.d/01-submit.config
01/12/25 16:38:21    /etc/condor/config.d/10-stash-plugin.conf
01/12/25 16:38:21    /etc/condor/condor_config.local
01/12/25 16:38:21 config Macros = 75, Sorted = 75, StringBytes = 2326, TablesBytes = 2764
01/12/25 16:38:21 CLASSAD_CACHING is ENABLED
01/12/25 16:38:21 Daemon Log is logging: D_ALWAYS D_ERROR D_STATUS
01/12/25 16:38:21 DaemonCore: No command port requested.
01/12/25 16:38:21 DAGMAN_USE_STRICT setting: 1
01/12/25 16:38:21 DAGMAN_VERBOSITY setting: 3
01/12/25 16:38:21 DAGMAN_DEBUG_CACHE_SIZE setting: 5242880
01/12/25 16:38:21 DAGMAN_DEBUG_CACHE_ENABLE setting: False
01/12/25 16:38:21 DAGMAN_SUBMIT_DELAY setting: 0
01/12/25 16:38:21 DAGMAN_MAX_SUBMIT_ATTEMPTS setting: 6
01/12/25 16:38:21 DAGMAN_STARTUP_CYCLE_DETECT setting: False
01/12/25 16:38:21 DAGMAN_MAX_SUBMITS_PER_INTERVAL setting: 100
01/12/25 16:38:21 DAGMAN_AGGRESSIVE_SUBMIT setting: False
01/12/25 16:38:21 DAGMAN_USER_LOG_SCAN_INTERVAL setting: 5
01/12/25 16:38:21 DAGMAN_QUEUE_UPDATE_INTERVAL setting: 300
01/12/25 16:38:21 DAGMAN_DEFAULT_PRIORITY setting: 0
01/12/25 16:38:21 DAGMAN_SUPPRESS_NOTIFICATION setting: False
01/12/25 16:38:21 allow_events (DAGMAN_ALLOW_EVENTS) setting: 114
01/12/25 16:38:21 DAGMAN_RETRY_SUBMIT_FIRST setting: True
01/12/25 16:38:21 DAGMAN_RETRY_NODE_FIRST setting: False
01/12/25 16:38:21 DAGMAN_MAX_JOBS_IDLE setting: 1000
01/12/25 16:38:21 DAGMAN_MAX_JOBS_SUBMITTED setting: 0
01/12/25 16:38:21 DAGMAN_MAX_PRE_SCRIPTS setting: 20
01/12/25 16:38:21 DAGMAN_MAX_POST_SCRIPTS setting: 20
01/12/25 16:38:21 DAGMAN_MAX_HOLD_SCRIPTS setting: 20
01/12/25 16:38:21 DAGMAN_MUNGE_NODE_NAMES setting: True
01/12/25 16:38:21 DAGMAN_PROHIBIT_MULTI_JOBS setting: False
01/12/25 16:38:21 DAGMAN_SUBMIT_DEPTH_FIRST setting: False
01/12/25 16:38:21 DAGMAN_ALWAYS_RUN_POST setting: False
01/12/25 16:38:21 DAGMAN_CONDOR_SUBMIT_EXE setting: /usr/bin/condor_submit
01/12/25 16:38:21 DAGMAN_CONDOR_RM_EXE setting: /usr/bin/condor_rm
01/12/25 16:38:21 DAGMAN_USE_DIRECT_SUBMIT setting: True
01/12/25 16:38:21 DAGMAN_PRODUCE_JOB_CREDENTIALS setting: True
01/12/25 16:38:21 DAGMAN_DEFAULT_APPEND_VARS setting: False
01/12/25 16:38:21 DAGMAN_INHERIT_ATTRS_PREFIX setting: 
01/12/25 16:38:21 DAGMAN_INHERIT_ATTRS setting: 
01/12/25 16:38:21 DAGMAN_ABORT_DUPLICATES setting: True
01/12/25 16:38:21 DAGMAN_ABORT_ON_SCARY_SUBMIT setting: True
01/12/25 16:38:21 DAGMAN_PENDING_REPORT_INTERVAL setting: 600
01/12/25 16:38:21 DAGMAN_CHECK_QUEUE_INTERVAL setting: 28800
01/12/25 16:38:21 DAGMAN_AUTO_RESCUE setting: True
01/12/25 16:38:21 DAGMAN_MAX_RESCUE_NUM setting: 100
01/12/25 16:38:21 DAGMAN_WRITE_PARTIAL_RESCUE setting: True
01/12/25 16:38:21 DAGMAN_DEFAULT_NODE_LOG setting: @(DAG_DIR)/@(DAG_FILE).nodes.log
01/12/25 16:38:21 DAGMAN_GENERATE_SUBDAG_SUBMITS setting: True
01/12/25 16:38:21 DAGMAN_MAX_JOB_HOLDS setting: 100
01/12/25 16:38:21 DAGMAN_HOLD_CLAIM_TIME setting: 20
01/12/25 16:38:21 DAGMAN_SUPPRESS_JOB_LOGS setting: False
01/12/25 16:38:21 DAGMAN_REMOVE_NODE_JOBS setting: True
01/12/25 16:38:21 DAGMAN_REMOVE_JOBS_AFTER_LIMIT_CHANGE setting: False
01/12/25 16:38:21 DAGMAN will adjust edges after parsing
01/12/25 16:38:21 argv[0] == "condor_scheduniv_exec.178.0"
01/12/25 16:38:21 argv[1] == "-Lockfile"
01/12/25 16:38:21 argv[2] == "dagman.dag.lock"
01/12/25 16:38:21 argv[3] == "-Dag"
01/12/25 16:38:21 argv[4] == "dagman.dag"
01/12/25 16:38:21 argv[5] == "-MaxIdle"
01/12/25 16:38:21 argv[6] == "1000"
01/12/25 16:38:21 argv[7] == "-CsdVersion"
01/12/25 16:38:21 argv[8] == "$CondorVersion: 23.10.19 2025-01-03 BuildID: 777890 PackageID: 23.10.19-1+ubu24 GitSHA: 91176a00 $"
01/12/25 16:38:21 argv[9] == "-dagman"
01/12/25 16:38:21 argv[10] == "/usr/bin/condor_dagman"
01/12/25 16:38:21 argv[11] == "-AutoRescue"
01/12/25 16:38:21 argv[12] == "1"
01/12/25 16:38:21 argv[13] == "-DoRescueFrom"
01/12/25 16:38:21 argv[14] == "0"
01/12/25 16:38:21 argv[15] == "-force"
01/12/25 16:38:21 Can't open directory "/etc/condor/passwords.d" as PRIV_ROOT, errno: 13 (Permission denied)
01/12/25 16:38:21 Can't open directory "/etc/condor/passwords.d" as PRIV_ROOT, errno: 13 (Permission denied)
01/12/25 16:38:21 Workflow batch-id: <178.0>
01/12/25 16:38:21 Workflow batch-name: <dagman.dag+178>
01/12/25 16:38:21 Workflow accounting_group: <>
01/12/25 16:38:21 Workflow accounting_group_user: <>
01/12/25 16:38:21 Warning: failed to get attribute DAGNodeName
01/12/25 16:38:21 DAGMAN_LOG_ON_NFS_IS_ERROR setting: False
01/12/25 16:38:21 Default node log file is: </home/ubuntu/wqd7008_group_project/./dagman.dag.nodes.log>
01/12/25 16:38:21 DAG Lockfile will be written to dagman.dag.lock
01/12/25 16:38:21 DAG Input file is dagman.dag
01/12/25 16:38:21 Parsing 1 dagfiles
01/12/25 16:38:21 Parsing dagman.dag ...
01/12/25 16:38:21 Adjusting edges
01/12/25 16:38:21 Dag contains 8 total nodes
01/12/25 16:38:21 Bootstrapping...
01/12/25 16:38:21 Number of pre-completed nodes: 0
01/12/25 16:38:21 MultiLogFiles: truncating log file /home/ubuntu/wqd7008_group_project/./dagman.dag.nodes.log
01/12/25 16:38:21 DAG status: 0 (DAG_STATUS_OK)
01/12/25 16:38:21 Of 8 nodes total:
01/12/25 16:38:21  Done     Pre   Queued    Post   Ready   Un-Ready   Failed   Futile
01/12/25 16:38:21   ===     ===      ===     ===     ===        ===      ===      ===
01/12/25 16:38:21     0       0        0       0       1          7        0        0
01/12/25 16:38:21 0 job proc(s) currently held
01/12/25 16:38:21 DAGMan Runtime Statistics: [EventCycleTimeCount = 0.0; EventCycleTimeSum = 0.0; LogProcessCycleTimeCount = 0.0; LogProcessCycleTimeSum = 0.0; SleepCycleTimeCount = 0.0; SleepCycleTimeSum = 0.0; SubmitCycleTimeCount = 0.0; SubmitCycleTimeSum = 0.0; ]
01/12/25 16:38:21 Registering condor_event_timer...
01/12/25 16:38:22 Submitting HTCondor Node ImportJob job(s)...
01/12/25 16:38:22 Submitting node ImportJob from file import.sub using direct job submission
01/12/25 16:38:22 	assigned HTCondor ID (179.0.0)
01/12/25 16:38:22 Just submitted 1 job this cycle...
01/12/25 16:38:22 DAG status: 0 (DAG_STATUS_OK)
01/12/25 16:38:22 Of 8 nodes total:
01/12/25 16:38:22  Done     Pre   Queued    Post   Ready   Un-Ready   Failed   Futile
01/12/25 16:38:22   ===     ===      ===     ===     ===        ===      ===      ===
01/12/25 16:38:22     0       0        1       0       0          7        0        0
01/12/25 16:38:22 0 job proc(s) currently held
01/12/25 16:38:22 DAGMan Runtime Statistics: [EventCycleTimeCount = 0.0; EventCycleTimeSum = 0.0; LogProcessCycleTimeCount = 0.0; LogProcessCycleTimeSum = 0.0; SleepCycleTimeCount = 0.0; SleepCycleTimeSum = 0.0; SubmitCycleTimeAvg = 0.03862214088439941; SubmitCycleTimeCount = 1.0; SubmitCycleTimeMax = 0.03862214088439941; SubmitCycleTimeMin = 0.03862214088439941; SubmitCycleTimeStd = 0.03862214088439941; SubmitCycleTimeSum = 0.03862214088439941; ]
01/12/25 16:38:27 Currently monitoring 1 HTCondor log file(s)
01/12/25 16:38:27 Reassigning the id of job ImportJob from (179.0.0) to (179.0.0)
01/12/25 16:38:27 Event: ULOG_SUBMIT for HTCondor Node ImportJob (179.0.0) {01/12/25 16:38:22}
01/12/25 16:38:27 Number of idle job procs: 1
01/12/25 16:43:58 Currently monitoring 1 HTCondor log file(s)
01/12/25 16:43:58 Event: ULOG_EXECUTE for HTCondor Node ImportJob (179.0.0) {01/12/25 16:43:57}
01/12/25 16:43:58 Number of idle job procs: 0
01/12/25 16:43:58 Event: ULOG_JOB_TERMINATED for HTCondor Node ImportJob (179.0.0) {01/12/25 16:43:57}
01/12/25 16:43:58 Number of idle job procs: 0
01/12/25 16:43:58 Node ImportJob job proc (179.0.0) completed successfully.
01/12/25 16:43:58 Node ImportJob job completed
01/12/25 16:43:58 DAG status: 0 (DAG_STATUS_OK)
01/12/25 16:43:58 Of 8 nodes total:
01/12/25 16:43:58  Done     Pre   Queued    Post   Ready   Un-Ready   Failed   Futile
01/12/25 16:43:58   ===     ===      ===     ===     ===        ===      ===      ===
01/12/25 16:43:58     1       0        0       0       1          6        0        0
01/12/25 16:43:58 0 job proc(s) currently held
01/12/25 16:43:58 DAGMan Runtime Statistics: [EventCycleTimeAvg = 0.001702251719005072; EventCycleTimeCount = 67.0; EventCycleTimeMax = 0.07902693748474121; EventCycleTimeMin = 2.002716064453125E-05; EventCycleTimeStd = 0.009950607407415156; EventCycleTimeSum = 0.1140508651733398; LogProcessCycleTimeAvg = 0.02555358409881592; LogProcessCycleTimeCount = 2.0; LogProcessCycleTimeMax = 0.0302121639251709; LogProcessCycleTimeMin = 0.02089500427246094; LogProcessCycleTimeStd = 0.006588226771828912; LogProcessCycleTimeSum = 0.05110716819763184; SleepCycleTimeAvg = 5.005149328886573; SleepCycleTimeCount = 67.0; SleepCycleTimeMax = 5.009687900543213; SleepCycleTimeMin = 5.000464916229248; SleepCycleTimeStd = 0.001494952051165269; SleepCycleTimeSum = 335.3450050354004; SubmitCycleTimeAvg = 0.0005718083942637724; SubmitCycleTimeCount = 68.0; SubmitCycleTimeMax = 0.03862214088439941; SubmitCycleTimeMin = 1.9073486328125E-06; SubmitCycleTimeStd = 0.00468315196745814; SubmitCycleTimeSum = 0.03888297080993652; ]
01/12/25 16:44:03 Submitting HTCondor Node PreprocessJob job(s)...
01/12/25 16:44:03 Submitting node PreprocessJob from file preprocess.sub using direct job submission
01/12/25 16:44:03 	assigned HTCondor ID (180.0.0)
01/12/25 16:44:03 Just submitted 1 job this cycle...
01/12/25 16:44:03 DAG status: 0 (DAG_STATUS_OK)
01/12/25 16:44:03 Of 8 nodes total:
01/12/25 16:44:03  Done     Pre   Queued    Post   Ready   Un-Ready   Failed   Futile
01/12/25 16:44:03   ===     ===      ===     ===     ===        ===      ===      ===
01/12/25 16:44:03     1       0        1       0       0          6        0        0
01/12/25 16:44:03 0 job proc(s) currently held
01/12/25 16:44:03 DAGMan Runtime Statistics: [EventCycleTimeAvg = 0.002497441628400017; EventCycleTimeCount = 68.0; EventCycleTimeMax = 0.07902693748474121; EventCycleTimeMin = 2.002716064453125E-05; EventCycleTimeStd = 0.01185474561365363; EventCycleTimeSum = 0.1698260307312012; LogProcessCycleTimeAvg = 0.02555358409881592; LogProcessCycleTimeCount = 2.0; LogProcessCycleTimeMax = 0.0302121639251709; LogProcessCycleTimeMin = 0.02089500427246094; LogProcessCycleTimeStd = 0.006588226771828912; LogProcessCycleTimeSum = 0.05110716819763184; SleepCycleTimeAvg = 5.00514997103635; SleepCycleTimeCount = 68.0; SleepCycleTimeMax = 5.009687900543213; SleepCycleTimeMin = 5.000464916229248; SleepCycleTimeStd = 0.001483763200307811; SleepCycleTimeSum = 340.3501980304718; SubmitCycleTimeAvg = 0.0009508271148239357; SubmitCycleTimeCount = 69.0; SubmitCycleTimeMax = 0.03862214088439941; SubmitCycleTimeMin = 1.9073486328125E-06; SubmitCycleTimeStd = 0.005614409352231789; SubmitCycleTimeSum = 0.06560707092285156; ]
01/12/25 16:44:08 Currently monitoring 1 HTCondor log file(s)
01/12/25 16:44:08 Reassigning the id of job PreprocessJob from (180.0.0) to (180.0.0)
01/12/25 16:44:08 Event: ULOG_SUBMIT for HTCondor Node PreprocessJob (180.0.0) {01/12/25 16:44:03}
01/12/25 16:44:08 Number of idle job procs: 1
01/12/25 16:44:08 Event: ULOG_EXECUTE for HTCondor Node PreprocessJob (180.0.0) {01/12/25 16:44:04}
01/12/25 16:44:08 Number of idle job procs: 0
01/12/25 16:44:08 Event: ULOG_JOB_TERMINATED for HTCondor Node PreprocessJob (180.0.0) {01/12/25 16:44:08}
01/12/25 16:44:08 Number of idle job procs: 0
01/12/25 16:44:08 Node PreprocessJob job proc (180.0.0) completed successfully.
01/12/25 16:44:08 Node PreprocessJob job completed
01/12/25 16:44:08 DAG status: 0 (DAG_STATUS_OK)
01/12/25 16:44:08 Of 8 nodes total:
01/12/25 16:44:08  Done     Pre   Queued    Post   Ready   Un-Ready   Failed   Futile
01/12/25 16:44:08   ===     ===      ===     ===     ===        ===      ===      ===
01/12/25 16:44:08     2       0        0       0       2          4        0        0
01/12/25 16:44:08 0 job proc(s) currently held
01/12/25 16:44:08 DAGMan Runtime Statistics: [EventCycleTimeAvg = 0.003267609554788341; EventCycleTimeCount = 69.0; EventCycleTimeMax = 0.07902693748474121; EventCycleTimeMin = 2.002716064453125E-05; EventCycleTimeStd = 0.01339388846774465; EventCycleTimeSum = 0.2254650592803955; LogProcessCycleTimeAvg = 0.02838404973347982; LogProcessCycleTimeCount = 3.0; LogProcessCycleTimeMax = 0.03404498100280762; LogProcessCycleTimeMin = 0.02089500427246094; LogProcessCycleTimeStd = 0.006762911586407269; LogProcessCycleTimeSum = 0.08515214920043945; SleepCycleTimeAvg = 5.005149012026579; SleepCycleTimeCount = 69.0; SleepCycleTimeMax = 5.009687900543213; SleepCycleTimeMin = 5.000464916229248; SleepCycleTimeStd = 0.001472834312605344; SleepCycleTimeSum = 345.355281829834; SubmitCycleTimeAvg = 0.0009372881480625698; SubmitCycleTimeCount = 70.0; SubmitCycleTimeMax = 0.03862214088439941; SubmitCycleTimeMin = 1.9073486328125E-06; SubmitCycleTimeStd = 0.005574727702390691; SubmitCycleTimeSum = 0.06561017036437988; ]
01/12/25 16:44:13 Submitting HTCondor Node EDAJob job(s)...
01/12/25 16:44:13 Submitting node EDAJob from file eda.sub using direct job submission
01/12/25 16:44:13 	assigned HTCondor ID (181.0.0)
01/12/25 16:44:13 Submitting HTCondor Node SplitJob job(s)...
01/12/25 16:44:13 Submitting node SplitJob from file split.sub using direct job submission
01/12/25 16:44:13 	assigned HTCondor ID (182.0.0)
01/12/25 16:44:13 Just submitted 2 jobs this cycle...
01/12/25 16:44:13 DAG status: 0 (DAG_STATUS_OK)
01/12/25 16:44:13 Of 8 nodes total:
01/12/25 16:44:13  Done     Pre   Queued    Post   Ready   Un-Ready   Failed   Futile
01/12/25 16:44:13   ===     ===      ===     ===     ===        ===      ===      ===
01/12/25 16:44:13     2       0        2       0       0          4        0        0
01/12/25 16:44:13 0 job proc(s) currently held
01/12/25 16:44:13 DAGMan Runtime Statistics: [EventCycleTimeAvg = 0.004057059969220842; EventCycleTimeCount = 70.0; EventCycleTimeMax = 0.07902693748474121; EventCycleTimeMin = 2.002716064453125E-05; EventCycleTimeStd = 0.01484663394976719; EventCycleTimeSum = 0.283994197845459; LogProcessCycleTimeAvg = 0.02838404973347982; LogProcessCycleTimeCount = 3.0; LogProcessCycleTimeMax = 0.03404498100280762; LogProcessCycleTimeMin = 0.02089500427246094; LogProcessCycleTimeStd = 0.006762911586407269; LogProcessCycleTimeSum = 0.08515214920043945; SleepCycleTimeAvg = 5.005148226874216; SleepCycleTimeCount = 70.0; SleepCycleTimeMax = 5.009687900543213; SleepCycleTimeMin = 5.000464916229248; SleepCycleTimeStd = 0.001462137403450539; SleepCycleTimeSum = 350.3603758811951; SubmitCycleTimeAvg = 0.001689947826761595; SubmitCycleTimeCount = 71.0; SubmitCycleTimeMax = 0.05437612533569336; SubmitCycleTimeMin = 1.9073486328125E-06; SubmitCycleTimeStd = 0.008417534165477587; SubmitCycleTimeSum = 0.1199862957000732; ]
01/12/25 16:44:18 Currently monitoring 1 HTCondor log file(s)
01/12/25 16:44:18 Reassigning the id of job EDAJob from (181.0.0) to (181.0.0)
01/12/25 16:44:18 Event: ULOG_SUBMIT for HTCondor Node EDAJob (181.0.0) {01/12/25 16:44:13}
01/12/25 16:44:18 Number of idle job procs: 1
01/12/25 16:44:18 Reassigning the id of job SplitJob from (182.0.0) to (182.0.0)
01/12/25 16:44:18 Event: ULOG_SUBMIT for HTCondor Node SplitJob (182.0.0) {01/12/25 16:44:13}
01/12/25 16:44:18 Number of idle job procs: 2
01/12/25 16:44:18 Event: ULOG_EXECUTE for HTCondor Node EDAJob (181.0.0) {01/12/25 16:44:14}
01/12/25 16:44:18 Number of idle job procs: 1
01/12/25 16:44:18 Event: ULOG_EXECUTE for HTCondor Node SplitJob (182.0.0) {01/12/25 16:44:17}
01/12/25 16:44:18 Number of idle job procs: 0
01/12/25 16:44:23 Currently monitoring 1 HTCondor log file(s)
01/12/25 16:44:23 Event: ULOG_JOB_TERMINATED for HTCondor Node SplitJob (182.0.0) {01/12/25 16:44:18}
01/12/25 16:44:23 Number of idle job procs: 0
01/12/25 16:44:23 Node SplitJob job proc (182.0.0) completed successfully.
01/12/25 16:44:23 Node SplitJob job completed
01/12/25 16:44:23 DAG status: 0 (DAG_STATUS_OK)
01/12/25 16:44:23 Of 8 nodes total:
01/12/25 16:44:23  Done     Pre   Queued    Post   Ready   Un-Ready   Failed   Futile
01/12/25 16:44:23   ===     ===      ===     ===     ===        ===      ===      ===
01/12/25 16:44:23     3       0        1       0       3          1        0        0
01/12/25 16:44:23 0 job proc(s) currently held
01/12/25 16:44:23 DAGMan Runtime Statistics: [EventCycleTimeAvg = 0.005574779378043281; EventCycleTimeCount = 72.0; EventCycleTimeMax = 0.07902693748474121; EventCycleTimeMin = 2.002716064453125E-05; EventCycleTimeStd = 0.01749184422159544; EventCycleTimeSum = 0.4013841152191162; LogProcessCycleTimeAvg = 0.02762842178344727; LogProcessCycleTimeCount = 5.0; LogProcessCycleTimeMax = 0.03982686996459961; LogProcessCycleTimeMin = 0.01316308975219727; LogProcessCycleTimeStd = 0.01062114442810073; LogProcessCycleTimeSum = 0.1381421089172363; SleepCycleTimeAvg = 5.005172693067127; SleepCycleTimeCount = 72.0; SleepCycleTimeMax = 5.009687900543213; SleepCycleTimeMin = 5.000464916229248; SleepCycleTimeStd = 0.001456775054972116; SleepCycleTimeSum = 360.3724339008331; SubmitCycleTimeAvg = 0.001643729536500696; SubmitCycleTimeCount = 73.0; SubmitCycleTimeMax = 0.05437612533569336; SubmitCycleTimeMin = 1.9073486328125E-06; SubmitCycleTimeStd = 0.008304431114480761; SubmitCycleTimeSum = 0.1199922561645508; ]
01/12/25 16:44:28 Submitting HTCondor Node TrainLR job(s)...
01/12/25 16:44:28 Submitting node TrainLR from file train_lr.sub using direct job submission
01/12/25 16:44:28 	assigned HTCondor ID (183.0.0)
01/12/25 16:44:28 Submitting HTCondor Node TrainRF job(s)...
01/12/25 16:44:28 Submitting node TrainRF from file train_rf.sub using direct job submission
01/12/25 16:44:28 	assigned HTCondor ID (184.0.0)
01/12/25 16:44:28 Submitting HTCondor Node TrainGB job(s)...
01/12/25 16:44:28 Submitting node TrainGB from file train_gb.sub using direct job submission
01/12/25 16:44:28 	assigned HTCondor ID (185.0.0)
01/12/25 16:44:28 Just submitted 3 jobs this cycle...
01/12/25 16:44:28 DAG status: 0 (DAG_STATUS_OK)
01/12/25 16:44:28 Of 8 nodes total:
01/12/25 16:44:28  Done     Pre   Queued    Post   Ready   Un-Ready   Failed   Futile
01/12/25 16:44:28   ===     ===      ===     ===     ===        ===      ===      ===
01/12/25 16:44:28     3       0        4       0       0          1        0        0
01/12/25 16:44:28 0 job proc(s) currently held
01/12/25 16:44:28 DAGMan Runtime Statistics: [EventCycleTimeAvg = 0.005942357729559075; EventCycleTimeCount = 73.0; EventCycleTimeMax = 0.07902693748474121; EventCycleTimeMin = 2.002716064453125E-05; EventCycleTimeStd = 0.01765158396262846; EventCycleTimeSum = 0.4337921142578125; LogProcessCycleTimeAvg = 0.02762842178344727; LogProcessCycleTimeCount = 5.0; LogProcessCycleTimeMax = 0.03982686996459961; LogProcessCycleTimeMin = 0.01316308975219727; LogProcessCycleTimeStd = 0.01062114442810073; LogProcessCycleTimeSum = 0.1381421089172363; SleepCycleTimeAvg = 5.005178164129388; SleepCycleTimeCount = 73.0; SleepCycleTimeMax = 5.009687900543213; SleepCycleTimeMin = 5.000464916229248; SleepCycleTimeStd = 0.001447378224195521; SleepCycleTimeSum = 365.3780059814453; SubmitCycleTimeAvg = 0.002769044927648596; SubmitCycleTimeCount = 74.0; SubmitCycleTimeMax = 0.08491706848144531; SubmitCycleTimeMin = 1.9073486328125E-06; SubmitCycleTimeStd = 0.01271721823355166; SubmitCycleTimeSum = 0.2049093246459961; ]
01/12/25 16:44:33 Currently monitoring 1 HTCondor log file(s)
01/12/25 16:44:33 Reassigning the id of job TrainLR from (183.0.0) to (183.0.0)
01/12/25 16:44:33 Event: ULOG_SUBMIT for HTCondor Node TrainLR (183.0.0) {01/12/25 16:44:28}
01/12/25 16:44:33 Number of idle job procs: 1
01/12/25 16:44:33 Reassigning the id of job TrainRF from (184.0.0) to (184.0.0)
01/12/25 16:44:33 Event: ULOG_SUBMIT for HTCondor Node TrainRF (184.0.0) {01/12/25 16:44:28}
01/12/25 16:44:33 Number of idle job procs: 2
01/12/25 16:44:33 Reassigning the id of job TrainGB from (185.0.0) to (185.0.0)
01/12/25 16:44:33 Event: ULOG_SUBMIT for HTCondor Node TrainGB (185.0.0) {01/12/25 16:44:28}
01/12/25 16:44:33 Number of idle job procs: 3
01/12/25 16:44:33 Event: ULOG_EXECUTE for HTCondor Node TrainLR (183.0.0) {01/12/25 16:44:29}
01/12/25 16:44:33 Number of idle job procs: 2
01/12/25 16:44:38 Currently monitoring 1 HTCondor log file(s)
01/12/25 16:44:38 Event: ULOG_JOB_TERMINATED for HTCondor Node TrainLR (183.0.0) {01/12/25 16:44:35}
01/12/25 16:44:38 Number of idle job procs: 2
01/12/25 16:44:38 Node TrainLR job proc (183.0.0) completed successfully.
01/12/25 16:44:38 Node TrainLR job completed
01/12/25 16:44:38 Event: ULOG_EXECUTE for HTCondor Node TrainRF (184.0.0) {01/12/25 16:44:36}
01/12/25 16:44:38 Number of idle job procs: 1
01/12/25 16:44:38 DAG status: 0 (DAG_STATUS_OK)
01/12/25 16:44:38 Of 8 nodes total:
01/12/25 16:44:38  Done     Pre   Queued    Post   Ready   Un-Ready   Failed   Futile
01/12/25 16:44:38   ===     ===      ===     ===     ===        ===      ===      ===
01/12/25 16:44:38     4       0        3       0       0          1        0        0
01/12/25 16:44:38 0 job proc(s) currently held
01/12/25 16:44:38 DAGMan Runtime Statistics: [EventCycleTimeAvg = 0.007846053441365559; EventCycleTimeCount = 75.0; EventCycleTimeMax = 0.1148979663848877; EventCycleTimeMin = 2.002716064453125E-05; EventCycleTimeStd = 0.0218028838020337; EventCycleTimeSum = 0.588454008102417; LogProcessCycleTimeAvg = 0.02914360591343471; LogProcessCycleTimeCount = 7.0; LogProcessCycleTimeMax = 0.03982686996459961; LogProcessCycleTimeMin = 0.01316308975219727; LogProcessCycleTimeStd = 0.009865433362528236; LogProcessCycleTimeSum = 0.204005241394043; SleepCycleTimeAvg = 5.005177014668782; SleepCycleTimeCount = 75.0; SleepCycleTimeMax = 5.009687900543213; SleepCycleTimeMin = 5.000464916229248; SleepCycleTimeStd = 0.001427710745894203; SleepCycleTimeSum = 375.3882761001587; SubmitCycleTimeAvg = 0.0026962537514536; SubmitCycleTimeCount = 76.0; SubmitCycleTimeMax = 0.08491706848144531; SubmitCycleTimeMin = 1.9073486328125E-06; SubmitCycleTimeStd = 0.01255442404275902; SubmitCycleTimeSum = 0.2049152851104736; ]
01/12/25 16:44:43 Currently monitoring 1 HTCondor log file(s)
01/12/25 16:44:43 Event: ULOG_JOB_TERMINATED for HTCondor Node TrainRF (184.0.0) {01/12/25 16:44:42}
01/12/25 16:44:43 Number of idle job procs: 1
01/12/25 16:44:43 Node TrainRF job proc (184.0.0) completed successfully.
01/12/25 16:44:43 Node TrainRF job completed
01/12/25 16:44:43 DAG status: 0 (DAG_STATUS_OK)
01/12/25 16:44:43 Of 8 nodes total:
01/12/25 16:44:43  Done     Pre   Queued    Post   Ready   Un-Ready   Failed   Futile
01/12/25 16:44:43   ===     ===      ===     ===     ===        ===      ===      ===
01/12/25 16:44:43     5       0        2       0       0          1        0        0
01/12/25 16:44:43 0 job proc(s) currently held
01/12/25 16:44:43 DAGMan Runtime Statistics: [EventCycleTimeAvg = 0.008459894280684622; EventCycleTimeCount = 76.0; EventCycleTimeMax = 0.1148979663848877; EventCycleTimeMin = 2.002716064453125E-05; EventCycleTimeStd = 0.02230839250075468; EventCycleTimeSum = 0.6429519653320312; LogProcessCycleTimeAvg = 0.0278359055519104; LogProcessCycleTimeCount = 8.0; LogProcessCycleTimeMax = 0.03982686996459961; LogProcessCycleTimeMin = 0.01316308975219727; LogProcessCycleTimeStd = 0.009854115498269428; LogProcessCycleTimeSum = 0.2226872444152832; SleepCycleTimeAvg = 5.005175973239698; SleepCycleTimeCount = 76.0; SleepCycleTimeMax = 5.009687900543213; SleepCycleTimeMin = 5.000464916229248; SleepCycleTimeStd = 0.001418189795171077; SleepCycleTimeSum = 380.393373966217; SubmitCycleTimeAvg = 0.002661277721454571; SubmitCycleTimeCount = 77.0; SubmitCycleTimeMax = 0.08491706848144531; SubmitCycleTimeMin = 1.9073486328125E-06; SubmitCycleTimeStd = 0.0124753315074066; SubmitCycleTimeSum = 0.204918384552002; ]
01/12/25 16:44:48 Currently monitoring 1 HTCondor log file(s)
01/12/25 16:44:48 Event: ULOG_EXECUTE for HTCondor Node TrainGB (185.0.0) {01/12/25 16:44:44}
01/12/25 16:44:48 Number of idle job procs: 0
01/12/25 16:45:08 Currently monitoring 1 HTCondor log file(s)
01/12/25 16:45:08 Event: ULOG_JOB_TERMINATED for HTCondor Node TrainGB (185.0.0) {01/12/25 16:45:07}
01/12/25 16:45:08 Number of idle job procs: 0
01/12/25 16:45:08 Node TrainGB job proc (185.0.0) completed successfully.
01/12/25 16:45:08 Node TrainGB job completed
01/12/25 16:45:08 DAG status: 0 (DAG_STATUS_OK)
01/12/25 16:45:08 Of 8 nodes total:
01/12/25 16:45:08  Done     Pre   Queued    Post   Ready   Un-Ready   Failed   Futile
01/12/25 16:45:08   ===     ===      ===     ===     ===        ===      ===      ===
01/12/25 16:45:08     6       0        1       0       1          0        0        0
01/12/25 16:45:08 0 job proc(s) currently held
01/12/25 16:45:08 DAGMan Runtime Statistics: [EventCycleTimeAvg = 0.00859434516341598; EventCycleTimeCount = 81.0; EventCycleTimeMax = 0.1148979663848877; EventCycleTimeMin = 2.002716064453125E-05; EventCycleTimeStd = 0.02196767258069749; EventCycleTimeSum = 0.6961419582366943; LogProcessCycleTimeAvg = 0.02546751499176025; LogProcessCycleTimeCount = 10.0; LogProcessCycleTimeMax = 0.03982686996459961; LogProcessCycleTimeMin = 0.01210498809814453; LogProcessCycleTimeStd = 0.010189014736654; LogProcessCycleTimeSum = 0.2546751499176025; SleepCycleTimeAvg = 5.005170816256676; SleepCycleTimeCount = 81.0; SleepCycleTimeMax = 5.009687900543213; SleepCycleTimeMin = 5.000464916229248; SleepCycleTimeStd = 0.001373306523093114; SleepCycleTimeSum = 405.4188361167908; SubmitCycleTimeAvg = 0.002499187864908358; SubmitCycleTimeCount = 82.0; SubmitCycleTimeMax = 0.08491706848144531; SubmitCycleTimeMin = 1.9073486328125E-06; SubmitCycleTimeStd = 0.01210109362065244; SubmitCycleTimeSum = 0.2049334049224854; ]
01/12/25 16:45:13 Submitting HTCondor Node Summary job(s)...
01/12/25 16:45:13 Submitting node Summary from file summary.sub using direct job submission
01/12/25 16:45:13 	assigned HTCondor ID (186.0.0)
01/12/25 16:45:13 Just submitted 1 job this cycle...
01/12/25 16:45:13 DAG status: 0 (DAG_STATUS_OK)
01/12/25 16:45:13 Of 8 nodes total:
01/12/25 16:45:13  Done     Pre   Queued    Post   Ready   Un-Ready   Failed   Futile
01/12/25 16:45:13   ===     ===      ===     ===     ===        ===      ===      ===
01/12/25 16:45:13     6       0        2       0       0          0        0        0
01/12/25 16:45:13 0 job proc(s) currently held
01/12/25 16:45:13 DAGMan Runtime Statistics: [EventCycleTimeAvg = 0.009006145523815619; EventCycleTimeCount = 82.0; EventCycleTimeMax = 0.1148979663848877; EventCycleTimeMin = 2.002716064453125E-05; EventCycleTimeStd = 0.02214783058590329; EventCycleTimeSum = 0.7385039329528809; LogProcessCycleTimeAvg = 0.02546751499176025; LogProcessCycleTimeCount = 10.0; LogProcessCycleTimeMax = 0.03982686996459961; LogProcessCycleTimeMin = 0.01210498809814453; LogProcessCycleTimeStd = 0.010189014736654; LogProcessCycleTimeSum = 0.2546751499176025; SleepCycleTimeAvg = 5.005169865561695; SleepCycleTimeCount = 82.0; SleepCycleTimeMax = 5.009687900543213; SleepCycleTimeMin = 5.000464916229248; SleepCycleTimeStd = 0.001364830146486317; SleepCycleTimeSum = 410.423928976059; SubmitCycleTimeAvg = 0.002834041434598257; SubmitCycleTimeCount = 83.0; SubmitCycleTimeMax = 0.08491706848144531; SubmitCycleTimeMin = 1.9073486328125E-06; SubmitCycleTimeStd = 0.01240794866345757; SubmitCycleTimeSum = 0.2352254390716553; ]
01/12/25 16:45:18 Currently monitoring 1 HTCondor log file(s)
01/12/25 16:45:18 Reassigning the id of job Summary from (186.0.0) to (186.0.0)
01/12/25 16:45:18 Event: ULOG_SUBMIT for HTCondor Node Summary (186.0.0) {01/12/25 16:45:13}
01/12/25 16:45:18 Number of idle job procs: 1
01/12/25 16:45:18 Event: ULOG_EXECUTE for HTCondor Node Summary (186.0.0) {01/12/25 16:45:14}
01/12/25 16:45:18 Number of idle job procs: 0
01/12/25 16:45:18 Event: ULOG_JOB_TERMINATED for HTCondor Node Summary (186.0.0) {01/12/25 16:45:15}
01/12/25 16:45:18 Number of idle job procs: 0
01/12/25 16:45:18 Node Summary job proc (186.0.0) completed successfully.
01/12/25 16:45:18 Node Summary job completed
01/12/25 16:45:18 DAG status: 0 (DAG_STATUS_OK)
01/12/25 16:45:18 Of 8 nodes total:
01/12/25 16:45:18  Done     Pre   Queued    Post   Ready   Un-Ready   Failed   Futile
01/12/25 16:45:18   ===     ===      ===     ===     ===        ===      ===      ===
01/12/25 16:45:18     7       0        1       0       0          0        0        0
01/12/25 16:45:18 0 job proc(s) currently held
01/12/25 16:45:18 DAGMan Runtime Statistics: [EventCycleTimeAvg = 0.009604218494461244; EventCycleTimeCount = 83.0; EventCycleTimeMax = 0.1148979663848877; EventCycleTimeMin = 2.002716064453125E-05; EventCycleTimeStd = 0.02267670052035139; EventCycleTimeSum = 0.7971501350402832; LogProcessCycleTimeAvg = 0.02646845037286932; LogProcessCycleTimeCount = 11.0; LogProcessCycleTimeMax = 0.03982686996459961; LogProcessCycleTimeMin = 0.01210498809814453; LogProcessCycleTimeStd = 0.01022032324254436; LogProcessCycleTimeSum = 0.2911529541015625; SleepCycleTimeAvg = 5.005168949265077; SleepCycleTimeCount = 83.0; SleepCycleTimeMax = 5.009687900543213; SleepCycleTimeMin = 5.000464916229248; SleepCycleTimeStd = 0.001356508169693908; SleepCycleTimeSum = 415.4290227890015; SubmitCycleTimeAvg = 0.002800336905888149; SubmitCycleTimeCount = 84.0; SubmitCycleTimeMax = 0.08491706848144531; SubmitCycleTimeMin = 1.9073486328125E-06; SubmitCycleTimeStd = 0.01233684350765747; SubmitCycleTimeSum = 0.2352283000946045; ]
01/12/25 16:45:53 Currently monitoring 1 HTCondor log file(s)
01/12/25 16:45:53 Event: ULOG_JOB_TERMINATED for HTCondor Node EDAJob (181.0.0) {01/12/25 16:45:49}
01/12/25 16:45:53 Number of idle job procs: 0
01/12/25 16:45:53 Node EDAJob job proc (181.0.0) completed successfully.
01/12/25 16:45:53 Node EDAJob job completed
01/12/25 16:45:53 DAG status: 0 (DAG_STATUS_OK)
01/12/25 16:45:53 Of 8 nodes total:
01/12/25 16:45:53  Done     Pre   Queued    Post   Ready   Un-Ready   Failed   Futile
01/12/25 16:45:54   ===     ===      ===     ===     ===        ===      ===      ===
01/12/25 16:45:54     8       0        0       0       0          0        0        0
01/12/25 16:45:54 0 job proc(s) currently held
01/12/25 16:45:54 DAGMan Runtime Statistics: [EventCycleTimeAvg = 0.009637191560533312; EventCycleTimeCount = 90.0; EventCycleTimeMax = 0.1148979663848877; EventCycleTimeMin = 2.002716064453125E-05; EventCycleTimeStd = 0.02282382311211222; EventCycleTimeSum = 0.867347240447998; LogProcessCycleTimeAvg = 0.02657000223795573; LogProcessCycleTimeCount = 12.0; LogProcessCycleTimeMax = 0.03982686996459961; LogProcessCycleTimeMin = 0.01210498809814453; LogProcessCycleTimeStd = 0.009751043575633136; LogProcessCycleTimeSum = 0.3188400268554688; SleepCycleTimeAvg = 5.005177463425531; SleepCycleTimeCount = 90.0; SleepCycleTimeMax = 5.009687900543213; SleepCycleTimeMin = 5.000464916229248; SleepCycleTimeStd = 0.001303193637177101; SleepCycleTimeSum = 450.4659717082977; SubmitCycleTimeAvg = 0.002585162173260699; SubmitCycleTimeCount = 91.0; SubmitCycleTimeMax = 0.08491706848144531; SubmitCycleTimeMin = 1.9073486328125E-06; SubmitCycleTimeStd = 0.0118710523371938; SubmitCycleTimeSum = 0.2352497577667236; ]
01/12/25 16:45:54 All jobs Completed!
01/12/25 16:45:54 Note: 0 total node deferrals because of -MaxJobs limit (0)
01/12/25 16:45:54 Note: 0 total node deferrals because of -MaxIdle limit (1000)
01/12/25 16:45:54 Note: 0 total node deferrals because of node category throttles
01/12/25 16:45:54 Note: 0 total PRE script deferrals because of -MaxPre limit (20) or DEFER
01/12/25 16:45:54 Note: 0 total POST script deferrals because of -MaxPost limit (20) or DEFER
01/12/25 16:45:54 Note: 0 total HOLD script deferrals because of -MaxHold limit (20) or DEFER
01/12/25 16:45:54 DAG status: 0 (DAG_STATUS_OK)
01/12/25 16:45:54 Of 8 nodes total:
01/12/25 16:45:54  Done     Pre   Queued    Post   Ready   Un-Ready   Failed   Futile
01/12/25 16:45:54   ===     ===      ===     ===     ===        ===      ===      ===
01/12/25 16:45:54     8       0        0       0       0          0        0        0
01/12/25 16:45:54 0 job proc(s) currently held
01/12/25 16:45:54 DAGMan Runtime Statistics: [EventCycleTimeAvg = 0.009637191560533312; EventCycleTimeCount = 90.0; EventCycleTimeMax = 0.1148979663848877; EventCycleTimeMin = 2.002716064453125E-05; EventCycleTimeStd = 0.02282382311211222; EventCycleTimeSum = 0.867347240447998; LogProcessCycleTimeAvg = 0.02657000223795573; LogProcessCycleTimeCount = 12.0; LogProcessCycleTimeMax = 0.03982686996459961; LogProcessCycleTimeMin = 0.01210498809814453; LogProcessCycleTimeStd = 0.009751043575633136; LogProcessCycleTimeSum = 0.3188400268554688; SleepCycleTimeAvg = 5.005177463425531; SleepCycleTimeCount = 90.0; SleepCycleTimeMax = 5.009687900543213; SleepCycleTimeMin = 5.000464916229248; SleepCycleTimeStd = 0.001303193637177101; SleepCycleTimeSum = 450.4659717082977; SubmitCycleTimeAvg = 0.002585162173260699; SubmitCycleTimeCount = 91.0; SubmitCycleTimeMax = 0.08491706848144531; SubmitCycleTimeMin = 1.9073486328125E-06; SubmitCycleTimeStd = 0.0118710523371938; SubmitCycleTimeSum = 0.2352497577667236; ]
01/12/25 16:45:54 Wrote metrics file dagman.dag.metrics.
01/12/25 16:45:54 DAGMan Runtime Statistics: [EventCycleTimeAvg = 0.009637191560533312; EventCycleTimeCount = 90.0; EventCycleTimeMax = 0.1148979663848877; EventCycleTimeMin = 2.002716064453125E-05; EventCycleTimeStd = 0.02282382311211222; EventCycleTimeSum = 0.867347240447998; LogProcessCycleTimeAvg = 0.02657000223795573; LogProcessCycleTimeCount = 12.0; LogProcessCycleTimeMax = 0.03982686996459961; LogProcessCycleTimeMin = 0.01210498809814453; LogProcessCycleTimeStd = 0.009751043575633136; LogProcessCycleTimeSum = 0.3188400268554688; SleepCycleTimeAvg = 5.005177463425531; SleepCycleTimeCount = 90.0; SleepCycleTimeMax = 5.009687900543213; SleepCycleTimeMin = 5.000464916229248; SleepCycleTimeStd = 0.001303193637177101; SleepCycleTimeSum = 450.4659717082977; SubmitCycleTimeAvg = 0.002585162173260699; SubmitCycleTimeCount = 91.0; SubmitCycleTimeMax = 0.08491706848144531; SubmitCycleTimeMin = 1.9073486328125E-06; SubmitCycleTimeStd = 0.0118710523371938; SubmitCycleTimeSum = 0.2352497577667236; ]
01/12/25 16:45:54 **** condor_scheduniv_exec.178.0 (condor_DAGMAN) pid 2347 EXITING WITH STATUS 0
01/13/25 00:47:27 ******************************************************
01/13/25 00:47:27 ** condor_scheduniv_exec.187.0 (CONDOR_DAGMAN) STARTING UP
01/13/25 00:47:27 ** /usr/bin/condor_dagman
01/13/25 00:47:27 ** SubsystemInfo: name=DAGMAN type=DAGMAN(9) class=CLIENT(2)
01/13/25 00:47:27 ** Configuration: subsystem:DAGMAN local:<NONE> class:CLIENT
01/13/25 00:47:27 ** $CondorVersion: 23.10.19 2025-01-03 BuildID: 777890 PackageID: 23.10.19-1+ubu24 GitSHA: 91176a00 $
01/13/25 00:47:27 ** $CondorPlatform: X86_64-Ubuntu_24.04 $
01/13/25 00:47:27 ** PID = 1155 RealUID = 1000
01/13/25 00:47:27 ** Log last touched 1/12 16:45:54
01/13/25 00:47:27 ******************************************************
01/13/25 00:47:27 Using config source: /etc/condor/condor_config
01/13/25 00:47:27 Using local config sources: 
01/13/25 00:47:27    /etc/condor/config.d/00-security
01/13/25 00:47:27    /etc/condor/config.d/01-submit.config
01/13/25 00:47:27    /etc/condor/config.d/10-stash-plugin.conf
01/13/25 00:47:27    /etc/condor/condor_config.local
01/13/25 00:47:27 config Macros = 75, Sorted = 75, StringBytes = 2326, TablesBytes = 2764
01/13/25 00:47:27 CLASSAD_CACHING is ENABLED
01/13/25 00:47:27 Daemon Log is logging: D_ALWAYS D_ERROR D_STATUS
01/13/25 00:47:27 DaemonCore: No command port requested.
01/13/25 00:47:27 DAGMAN_USE_STRICT setting: 1
01/13/25 00:47:27 DAGMAN_VERBOSITY setting: 3
01/13/25 00:47:27 DAGMAN_DEBUG_CACHE_SIZE setting: 5242880
01/13/25 00:47:27 DAGMAN_DEBUG_CACHE_ENABLE setting: False
01/13/25 00:47:27 DAGMAN_SUBMIT_DELAY setting: 0
01/13/25 00:47:27 DAGMAN_MAX_SUBMIT_ATTEMPTS setting: 6
01/13/25 00:47:27 DAGMAN_STARTUP_CYCLE_DETECT setting: False
01/13/25 00:47:27 DAGMAN_MAX_SUBMITS_PER_INTERVAL setting: 100
01/13/25 00:47:27 DAGMAN_AGGRESSIVE_SUBMIT setting: False
01/13/25 00:47:27 DAGMAN_USER_LOG_SCAN_INTERVAL setting: 5
01/13/25 00:47:27 DAGMAN_QUEUE_UPDATE_INTERVAL setting: 300
01/13/25 00:47:27 DAGMAN_DEFAULT_PRIORITY setting: 0
01/13/25 00:47:27 DAGMAN_SUPPRESS_NOTIFICATION setting: False
01/13/25 00:47:27 allow_events (DAGMAN_ALLOW_EVENTS) setting: 114
01/13/25 00:47:27 DAGMAN_RETRY_SUBMIT_FIRST setting: True
01/13/25 00:47:27 DAGMAN_RETRY_NODE_FIRST setting: False
01/13/25 00:47:27 DAGMAN_MAX_JOBS_IDLE setting: 1000
01/13/25 00:47:27 DAGMAN_MAX_JOBS_SUBMITTED setting: 0
01/13/25 00:47:27 DAGMAN_MAX_PRE_SCRIPTS setting: 20
01/13/25 00:47:27 DAGMAN_MAX_POST_SCRIPTS setting: 20
01/13/25 00:47:27 DAGMAN_MAX_HOLD_SCRIPTS setting: 20
01/13/25 00:47:27 DAGMAN_MUNGE_NODE_NAMES setting: True
01/13/25 00:47:27 DAGMAN_PROHIBIT_MULTI_JOBS setting: False
01/13/25 00:47:27 DAGMAN_SUBMIT_DEPTH_FIRST setting: False
01/13/25 00:47:27 DAGMAN_ALWAYS_RUN_POST setting: False
01/13/25 00:47:27 DAGMAN_CONDOR_SUBMIT_EXE setting: /usr/bin/condor_submit
01/13/25 00:47:27 DAGMAN_CONDOR_RM_EXE setting: /usr/bin/condor_rm
01/13/25 00:47:27 DAGMAN_USE_DIRECT_SUBMIT setting: True
01/13/25 00:47:27 DAGMAN_PRODUCE_JOB_CREDENTIALS setting: True
01/13/25 00:47:27 DAGMAN_DEFAULT_APPEND_VARS setting: False
01/13/25 00:47:27 DAGMAN_INHERIT_ATTRS_PREFIX setting: 
01/13/25 00:47:27 DAGMAN_INHERIT_ATTRS setting: 
01/13/25 00:47:27 DAGMAN_ABORT_DUPLICATES setting: True
01/13/25 00:47:27 DAGMAN_ABORT_ON_SCARY_SUBMIT setting: True
01/13/25 00:47:27 DAGMAN_PENDING_REPORT_INTERVAL setting: 600
01/13/25 00:47:27 DAGMAN_CHECK_QUEUE_INTERVAL setting: 28800
01/13/25 00:47:27 DAGMAN_AUTO_RESCUE setting: True
01/13/25 00:47:27 DAGMAN_MAX_RESCUE_NUM setting: 100
01/13/25 00:47:27 DAGMAN_WRITE_PARTIAL_RESCUE setting: True
01/13/25 00:47:27 DAGMAN_DEFAULT_NODE_LOG setting: @(DAG_DIR)/@(DAG_FILE).nodes.log
01/13/25 00:47:27 DAGMAN_GENERATE_SUBDAG_SUBMITS setting: True
01/13/25 00:47:27 DAGMAN_MAX_JOB_HOLDS setting: 100
01/13/25 00:47:27 DAGMAN_HOLD_CLAIM_TIME setting: 20
01/13/25 00:47:27 DAGMAN_SUPPRESS_JOB_LOGS setting: False
01/13/25 00:47:27 DAGMAN_REMOVE_NODE_JOBS setting: True
01/13/25 00:47:27 DAGMAN_REMOVE_JOBS_AFTER_LIMIT_CHANGE setting: False
01/13/25 00:47:27 DAGMAN will adjust edges after parsing
01/13/25 00:47:27 argv[0] == "condor_scheduniv_exec.187.0"
01/13/25 00:47:27 argv[1] == "-Lockfile"
01/13/25 00:47:27 argv[2] == "dagman.dag.lock"
01/13/25 00:47:27 argv[3] == "-Dag"
01/13/25 00:47:27 argv[4] == "dagman.dag"
01/13/25 00:47:27 argv[5] == "-MaxIdle"
01/13/25 00:47:27 argv[6] == "1000"
01/13/25 00:47:27 argv[7] == "-CsdVersion"
01/13/25 00:47:27 argv[8] == "$CondorVersion: 23.10.19 2025-01-03 BuildID: 777890 PackageID: 23.10.19-1+ubu24 GitSHA: 91176a00 $"
01/13/25 00:47:27 argv[9] == "-dagman"
01/13/25 00:47:27 argv[10] == "/usr/bin/condor_dagman"
01/13/25 00:47:27 argv[11] == "-AutoRescue"
01/13/25 00:47:27 argv[12] == "1"
01/13/25 00:47:27 argv[13] == "-DoRescueFrom"
01/13/25 00:47:27 argv[14] == "0"
01/13/25 00:47:27 argv[15] == "-force"
01/13/25 00:47:27 Can't open directory "/etc/condor/passwords.d" as PRIV_ROOT, errno: 13 (Permission denied)
01/13/25 00:47:27 Can't open directory "/etc/condor/passwords.d" as PRIV_ROOT, errno: 13 (Permission denied)
01/13/25 00:47:27 Workflow batch-id: <187.0>
01/13/25 00:47:27 Workflow batch-name: <dagman.dag+187>
01/13/25 00:47:27 Workflow accounting_group: <>
01/13/25 00:47:27 Workflow accounting_group_user: <>
01/13/25 00:47:27 Warning: failed to get attribute DAGNodeName
01/13/25 00:47:27 DAGMAN_LOG_ON_NFS_IS_ERROR setting: False
01/13/25 00:47:28 Default node log file is: </home/ubuntu/wqd7008_group_project/./dagman.dag.nodes.log>
01/13/25 00:47:28 DAG Lockfile will be written to dagman.dag.lock
01/13/25 00:47:28 DAG Input file is dagman.dag
01/13/25 00:47:28 Parsing 1 dagfiles
01/13/25 00:47:28 Parsing dagman.dag ...
01/13/25 00:47:28 Adjusting edges
01/13/25 00:47:28 Dag contains 8 total nodes
01/13/25 00:47:28 Bootstrapping...
01/13/25 00:47:28 Number of pre-completed nodes: 0
01/13/25 00:47:28 MultiLogFiles: truncating log file /home/ubuntu/wqd7008_group_project/./dagman.dag.nodes.log
01/13/25 00:47:28 DAG status: 0 (DAG_STATUS_OK)
01/13/25 00:47:28 Of 8 nodes total:
01/13/25 00:47:28  Done     Pre   Queued    Post   Ready   Un-Ready   Failed   Futile
01/13/25 00:47:28   ===     ===      ===     ===     ===        ===      ===      ===
01/13/25 00:47:28     0       0        0       0       1          7        0        0
01/13/25 00:47:28 0 job proc(s) currently held
01/13/25 00:47:28 DAGMan Runtime Statistics: [EventCycleTimeCount = 0.0; EventCycleTimeSum = 0.0; LogProcessCycleTimeCount = 0.0; LogProcessCycleTimeSum = 0.0; SleepCycleTimeCount = 0.0; SleepCycleTimeSum = 0.0; SubmitCycleTimeCount = 0.0; SubmitCycleTimeSum = 0.0; ]
01/13/25 00:47:28 Registering condor_event_timer...
01/13/25 00:47:29 Submitting HTCondor Node ImportJob job(s)...
01/13/25 00:47:29 Submitting node ImportJob from file import.sub using direct job submission
01/13/25 00:47:29 	assigned HTCondor ID (188.0.0)
01/13/25 00:47:29 Just submitted 1 job this cycle...
01/13/25 00:47:29 DAG status: 0 (DAG_STATUS_OK)
01/13/25 00:47:29 Of 8 nodes total:
01/13/25 00:47:29  Done     Pre   Queued    Post   Ready   Un-Ready   Failed   Futile
01/13/25 00:47:29   ===     ===      ===     ===     ===        ===      ===      ===
01/13/25 00:47:29     0       0        1       0       0          7        0        0
01/13/25 00:47:29 0 job proc(s) currently held
01/13/25 00:47:29 DAGMan Runtime Statistics: [EventCycleTimeCount = 0.0; EventCycleTimeSum = 0.0; LogProcessCycleTimeCount = 0.0; LogProcessCycleTimeSum = 0.0; SleepCycleTimeCount = 0.0; SleepCycleTimeSum = 0.0; SubmitCycleTimeAvg = 0.0513310432434082; SubmitCycleTimeCount = 1.0; SubmitCycleTimeMax = 0.0513310432434082; SubmitCycleTimeMin = 0.0513310432434082; SubmitCycleTimeStd = 0.0513310432434082; SubmitCycleTimeSum = 0.0513310432434082; ]
01/13/25 00:47:34 Currently monitoring 1 HTCondor log file(s)
01/13/25 00:47:34 Reassigning the id of job ImportJob from (188.0.0) to (188.0.0)
01/13/25 00:47:34 Event: ULOG_SUBMIT for HTCondor Node ImportJob (188.0.0) {01/13/25 00:47:29}
01/13/25 00:47:34 Number of idle job procs: 1
01/13/25 00:47:49 Currently monitoring 1 HTCondor log file(s)
01/13/25 00:47:49 Event: ULOG_EXECUTE for HTCondor Node ImportJob (188.0.0) {01/13/25 00:47:48}
01/13/25 00:47:49 Number of idle job procs: 0
01/13/25 00:47:54 Currently monitoring 1 HTCondor log file(s)
01/13/25 00:47:54 Event: ULOG_JOB_TERMINATED for HTCondor Node ImportJob (188.0.0) {01/13/25 00:47:50}
01/13/25 00:47:54 Number of idle job procs: 0
01/13/25 00:47:54 Node ImportJob job proc (188.0.0) completed successfully.
01/13/25 00:47:54 Node ImportJob job completed
01/13/25 00:47:54 DAG status: 0 (DAG_STATUS_OK)
01/13/25 00:47:54 Of 8 nodes total:
01/13/25 00:47:54  Done     Pre   Queued    Post   Ready   Un-Ready   Failed   Futile
01/13/25 00:47:54   ===     ===      ===     ===     ===        ===      ===      ===
01/13/25 00:47:54     1       0        0       0       1          6        0        0
01/13/25 00:47:54 0 job proc(s) currently held
01/13/25 00:47:54 DAGMan Runtime Statistics: [EventCycleTimeAvg = 0.03045926094055176; EventCycleTimeCount = 5.0; EventCycleTimeMax = 0.09933900833129883; EventCycleTimeMin = 2.813339233398438E-05; EventCycleTimeStd = 0.04053792095414537; EventCycleTimeSum = 0.1522963047027588; LogProcessCycleTimeAvg = 0.02542654673258464; LogProcessCycleTimeCount = 3.0; LogProcessCycleTimeMax = 0.02913093566894531; LogProcessCycleTimeMin = 0.02212882041931152; LogProcessCycleTimeStd = 0.003518726383089595; LogProcessCycleTimeSum = 0.07627964019775391; SleepCycleTimeAvg = 5.004374170303345; SleepCycleTimeCount = 5.0; SleepCycleTimeMax = 5.005339860916138; SleepCycleTimeMin = 5.001187086105347; SleepCycleTimeStd = 0.00178447956435813; SleepCycleTimeSum = 25.02187085151672; SubmitCycleTimeAvg = 0.008557677268981934; SubmitCycleTimeCount = 6.0; SubmitCycleTimeMax = 0.0513310432434082; SubmitCycleTimeMin = 2.86102294921875E-06; SubmitCycleTimeStd = 0.02095458424405915; SubmitCycleTimeSum = 0.0513460636138916; ]
01/13/25 00:47:59 Submitting HTCondor Node PreprocessJob job(s)...
01/13/25 00:47:59 Submitting node PreprocessJob from file preprocess.sub using direct job submission
01/13/25 00:47:59 	assigned HTCondor ID (189.0.0)
01/13/25 00:47:59 Just submitted 1 job this cycle...
01/13/25 00:47:59 DAG status: 0 (DAG_STATUS_OK)
01/13/25 00:47:59 Of 8 nodes total:
01/13/25 00:47:59  Done     Pre   Queued    Post   Ready   Un-Ready   Failed   Futile
01/13/25 00:47:59   ===     ===      ===     ===     ===        ===      ===      ===
01/13/25 00:47:59     1       0        1       0       0          6        0        0
01/13/25 00:47:59 0 job proc(s) currently held
01/13/25 00:47:59 DAGMan Runtime Statistics: [EventCycleTimeAvg = 0.03649469216664632; EventCycleTimeCount = 6.0; EventCycleTimeMax = 0.09933900833129883; EventCycleTimeMin = 2.813339233398438E-05; EventCycleTimeStd = 0.03915631505564759; EventCycleTimeSum = 0.2189681529998779; LogProcessCycleTimeAvg = 0.02542654673258464; LogProcessCycleTimeCount = 3.0; LogProcessCycleTimeMax = 0.02913093566894531; LogProcessCycleTimeMin = 0.02212882041931152; LogProcessCycleTimeStd = 0.003518726383089595; LogProcessCycleTimeSum = 0.07627964019775391; SleepCycleTimeAvg = 5.004543503125508; SleepCycleTimeCount = 6.0; SleepCycleTimeMax = 5.005390167236328; SleepCycleTimeMin = 5.001187086105347; SleepCycleTimeStd = 0.00164910141732699; SleepCycleTimeSum = 30.02726101875305; SubmitCycleTimeAvg = 0.01305403028215681; SubmitCycleTimeCount = 7.0; SubmitCycleTimeMax = 0.0513310432434082; SubmitCycleTimeMin = 2.86102294921875E-06; SubmitCycleTimeStd = 0.02252626245743882; SubmitCycleTimeSum = 0.09137821197509766; ]
01/13/25 00:48:04 Currently monitoring 1 HTCondor log file(s)
01/13/25 00:48:04 Reassigning the id of job PreprocessJob from (189.0.0) to (189.0.0)
01/13/25 00:48:04 Event: ULOG_SUBMIT for HTCondor Node PreprocessJob (189.0.0) {01/13/25 00:47:59}
01/13/25 00:48:04 Number of idle job procs: 1
01/13/25 00:48:04 Event: ULOG_EXECUTE for HTCondor Node PreprocessJob (189.0.0) {01/13/25 00:48:00}
01/13/25 00:48:04 Number of idle job procs: 0
01/13/25 00:48:09 Currently monitoring 1 HTCondor log file(s)
01/13/25 00:48:09 Event: ULOG_JOB_TERMINATED for HTCondor Node PreprocessJob (189.0.0) {01/13/25 00:48:06}
01/13/25 00:48:09 Number of idle job procs: 0
01/13/25 00:48:09 Node PreprocessJob job proc (189.0.0) completed successfully.
01/13/25 00:48:09 Node PreprocessJob job completed
01/13/25 00:48:09 DAG status: 0 (DAG_STATUS_OK)
01/13/25 00:48:09 Of 8 nodes total:
01/13/25 00:48:09  Done     Pre   Queued    Post   Ready   Un-Ready   Failed   Futile
01/13/25 00:48:09   ===     ===      ===     ===     ===        ===      ===      ===
01/13/25 00:48:09     2       0        0       0       2          4        0        0
01/13/25 00:48:09 0 job proc(s) currently held
01/13/25 00:48:09 DAGMan Runtime Statistics: [EventCycleTimeAvg = 0.04229027032852173; EventCycleTimeCount = 8.0; EventCycleTimeMax = 0.09933900833129883; EventCycleTimeMin = 2.813339233398438E-05; EventCycleTimeStd = 0.03746237369413285; EventCycleTimeSum = 0.3383221626281738; LogProcessCycleTimeAvg = 0.02787671089172363; LogProcessCycleTimeCount = 5.0; LogProcessCycleTimeMax = 0.0336449146270752; LogProcessCycleTimeMin = 0.02212882041931152; LogProcessCycleTimeStd = 0.004431382288126376; LogProcessCycleTimeSum = 0.1393835544586182; SleepCycleTimeAvg = 5.004677623510361; SleepCycleTimeCount = 8.0; SleepCycleTimeMax = 5.005390167236328; SleepCycleTimeMin = 5.001187086105347; SleepCycleTimeStd = 0.001415697602040337; SleepCycleTimeSum = 40.03742098808289; SubmitCycleTimeAvg = 0.01015382342868381; SubmitCycleTimeCount = 9.0; SubmitCycleTimeMax = 0.0513310432434082; SubmitCycleTimeMin = 2.86102294921875E-06; SubmitCycleTimeStd = 0.02033945609918643; SubmitCycleTimeSum = 0.0913844108581543; ]
01/13/25 00:48:14 Submitting HTCondor Node EDAJob job(s)...
01/13/25 00:48:14 Submitting node EDAJob from file eda.sub using direct job submission
01/13/25 00:48:14 	assigned HTCondor ID (190.0.0)
01/13/25 00:48:14 Submitting HTCondor Node SplitJob job(s)...
01/13/25 00:48:14 Submitting node SplitJob from file split.sub using direct job submission
01/13/25 00:48:14 	assigned HTCondor ID (191.0.0)
01/13/25 00:48:14 Just submitted 2 jobs this cycle...
01/13/25 00:48:14 DAG status: 0 (DAG_STATUS_OK)
01/13/25 00:48:14 Of 8 nodes total:
01/13/25 00:48:14  Done     Pre   Queued    Post   Ready   Un-Ready   Failed   Futile
01/13/25 00:48:14   ===     ===      ===     ===     ===        ===      ===      ===
01/13/25 00:48:14     2       0        2       0       0          4        0        0
01/13/25 00:48:14 0 job proc(s) currently held
01/13/25 00:48:14 DAGMan Runtime Statistics: [EventCycleTimeAvg = 0.04481111632453071; EventCycleTimeCount = 9.0; EventCycleTimeMax = 0.09933900833129883; EventCycleTimeMin = 2.813339233398438E-05; EventCycleTimeStd = 0.03584958498043388; EventCycleTimeSum = 0.4033000469207764; LogProcessCycleTimeAvg = 0.02787671089172363; LogProcessCycleTimeCount = 5.0; LogProcessCycleTimeMax = 0.0336449146270752; LogProcessCycleTimeMin = 0.02212882041931152; LogProcessCycleTimeStd = 0.004431382288126376; LogProcessCycleTimeSum = 0.1393835544586182; SleepCycleTimeAvg = 5.004725456237793; SleepCycleTimeCount = 9.0; SleepCycleTimeMax = 5.005390167236328; SleepCycleTimeMin = 5.001187086105347; SleepCycleTimeStd = 0.001332015940334127; SleepCycleTimeSum = 45.04252910614014; SubmitCycleTimeAvg = 0.01658074855804443; SubmitCycleTimeCount = 10.0; SubmitCycleTimeMax = 0.07442307472229004; SubmitCycleTimeMin = 2.86102294921875E-06; SubmitCycleTimeStd = 0.02794246229296212; SubmitCycleTimeSum = 0.1658074855804443; ]
01/13/25 00:48:19 Currently monitoring 1 HTCondor log file(s)
01/13/25 00:48:19 Reassigning the id of job EDAJob from (190.0.0) to (190.0.0)
01/13/25 00:48:19 Event: ULOG_SUBMIT for HTCondor Node EDAJob (190.0.0) {01/13/25 00:48:14}
01/13/25 00:48:19 Number of idle job procs: 1
01/13/25 00:48:19 Reassigning the id of job SplitJob from (191.0.0) to (191.0.0)
01/13/25 00:48:19 Event: ULOG_SUBMIT for HTCondor Node SplitJob (191.0.0) {01/13/25 00:48:14}
01/13/25 00:48:19 Number of idle job procs: 2
01/13/25 00:48:19 Event: ULOG_EXECUTE for HTCondor Node EDAJob (190.0.0) {01/13/25 00:48:15}
01/13/25 00:48:19 Number of idle job procs: 1
01/13/25 00:48:29 Currently monitoring 1 HTCondor log file(s)
01/13/25 00:48:29 Event: ULOG_EXECUTE for HTCondor Node SplitJob (191.0.0) {01/13/25 00:48:28}
01/13/25 00:48:29 Number of idle job procs: 0
01/13/25 00:48:34 Currently monitoring 1 HTCondor log file(s)
01/13/25 00:48:34 Event: ULOG_JOB_TERMINATED for HTCondor Node SplitJob (191.0.0) {01/13/25 00:48:30}
01/13/25 00:48:34 Number of idle job procs: 0
01/13/25 00:48:34 Node SplitJob job proc (191.0.0) completed successfully.
01/13/25 00:48:34 Node SplitJob job completed
01/13/25 00:48:34 DAG status: 0 (DAG_STATUS_OK)
01/13/25 00:48:34 Of 8 nodes total:
01/13/25 00:48:34  Done     Pre   Queued    Post   Ready   Un-Ready   Failed   Futile
01/13/25 00:48:34   ===     ===      ===     ===     ===        ===      ===      ===
01/13/25 00:48:34     3       0        1       0       3          1        0        0
01/13/25 00:48:34 0 job proc(s) currently held
01/13/25 00:48:34 DAGMan Runtime Statistics: [EventCycleTimeAvg = 0.04567791865422176; EventCycleTimeCount = 13.0; EventCycleTimeMax = 0.1252899169921875; EventCycleTimeMin = 2.813339233398438E-05; EventCycleTimeStd = 0.04027507645094876; EventCycleTimeSum = 0.5938129425048828; LogProcessCycleTimeAvg = 0.02850952744483948; LogProcessCycleTimeCount = 8.0; LogProcessCycleTimeMax = 0.0469207763671875; LogProcessCycleTimeMin = 0.01820492744445801; LogProcessCycleTimeStd = 0.008865170275879452; LogProcessCycleTimeSum = 0.2280762195587158; SleepCycleTimeAvg = 5.005084936435406; SleepCycleTimeCount = 13.0; SleepCycleTimeMax = 5.007925033569336; SleepCycleTimeMin = 5.001187086105347; SleepCycleTimeStd = 0.001399945725723466; SleepCycleTimeSum = 65.06610417366028; SubmitCycleTimeAvg = 0.01184432847159249; SubmitCycleTimeCount = 14.0; SubmitCycleTimeMax = 0.07442307472229004; SubmitCycleTimeMin = 2.86102294921875E-06; SubmitCycleTimeStd = 0.02451406099649439; SubmitCycleTimeSum = 0.1658205986022949; ]
01/13/25 00:48:39 Submitting HTCondor Node TrainLR job(s)...
01/13/25 00:48:39 Submitting node TrainLR from file train_lr.sub using direct job submission
01/13/25 00:48:39 	assigned HTCondor ID (192.0.0)
01/13/25 00:48:39 Submitting HTCondor Node TrainRF job(s)...
01/13/25 00:48:39 Submitting node TrainRF from file train_rf.sub using direct job submission
01/13/25 00:48:39 	assigned HTCondor ID (193.0.0)
01/13/25 00:48:39 Submitting HTCondor Node TrainGB job(s)...
01/13/25 00:48:39 Submitting node TrainGB from file train_gb.sub using direct job submission
01/13/25 00:48:40 	assigned HTCondor ID (194.0.0)
01/13/25 00:48:40 Just submitted 3 jobs this cycle...
01/13/25 00:48:40 DAG status: 0 (DAG_STATUS_OK)
01/13/25 00:48:40 Of 8 nodes total:
01/13/25 00:48:40  Done     Pre   Queued    Post   Ready   Un-Ready   Failed   Futile
01/13/25 00:48:40   ===     ===      ===     ===     ===        ===      ===      ===
01/13/25 00:48:40     3       0        4       0       0          1        0        0
01/13/25 00:48:40 0 job proc(s) currently held
01/13/25 00:48:40 DAGMan Runtime Statistics: [EventCycleTimeAvg = 0.04678935664040702; EventCycleTimeCount = 14.0; EventCycleTimeMax = 0.1252899169921875; EventCycleTimeMin = 2.813339233398438E-05; EventCycleTimeStd = 0.03891786714236088; EventCycleTimeSum = 0.6550509929656982; LogProcessCycleTimeAvg = 0.02850952744483948; LogProcessCycleTimeCount = 8.0; LogProcessCycleTimeMax = 0.0469207763671875; LogProcessCycleTimeMin = 0.01820492744445801; LogProcessCycleTimeStd = 0.008865170275879452; LogProcessCycleTimeSum = 0.2280762195587158; SleepCycleTimeAvg = 5.005085144724164; SleepCycleTimeCount = 14.0; SleepCycleTimeMax = 5.007925033569336; SleepCycleTimeMin = 5.001187086105347; SleepCycleTimeStd = 0.001345024572863663; SleepCycleTimeSum = 70.07119202613831; SubmitCycleTimeAvg = 0.01933337847391764; SubmitCycleTimeCount = 15.0; SubmitCycleTimeMax = 0.1241800785064697; SubmitCycleTimeMin = 2.86102294921875E-06; SubmitCycleTimeStd = 0.03740725876069714; SubmitCycleTimeSum = 0.2900006771087646; ]
01/13/25 00:48:45 Currently monitoring 1 HTCondor log file(s)
01/13/25 00:48:45 Reassigning the id of job TrainLR from (192.0.0) to (192.0.0)
01/13/25 00:48:45 Event: ULOG_SUBMIT for HTCondor Node TrainLR (192.0.0) {01/13/25 00:48:39}
01/13/25 00:48:45 Number of idle job procs: 1
01/13/25 00:48:45 Reassigning the id of job TrainRF from (193.0.0) to (193.0.0)
01/13/25 00:48:45 Event: ULOG_SUBMIT for HTCondor Node TrainRF (193.0.0) {01/13/25 00:48:39}
01/13/25 00:48:45 Number of idle job procs: 2
01/13/25 00:48:45 Reassigning the id of job TrainGB from (194.0.0) to (194.0.0)
01/13/25 00:48:45 Event: ULOG_SUBMIT for HTCondor Node TrainGB (194.0.0) {01/13/25 00:48:39}
01/13/25 00:48:45 Number of idle job procs: 3
01/13/25 00:48:45 Event: ULOG_EXECUTE for HTCondor Node TrainLR (192.0.0) {01/13/25 00:48:41}
01/13/25 00:48:45 Number of idle job procs: 2
01/13/25 00:48:50 Currently monitoring 1 HTCondor log file(s)
01/13/25 00:48:50 Event: ULOG_JOB_TERMINATED for HTCondor Node TrainLR (192.0.0) {01/13/25 00:48:46}
01/13/25 00:48:50 Number of idle job procs: 2
01/13/25 00:48:50 Node TrainLR job proc (192.0.0) completed successfully.
01/13/25 00:48:50 Node TrainLR job completed
01/13/25 00:48:50 Event: ULOG_EXECUTE for HTCondor Node TrainRF (193.0.0) {01/13/25 00:48:47}
01/13/25 00:48:50 Number of idle job procs: 1
01/13/25 00:48:50 DAG status: 0 (DAG_STATUS_OK)
01/13/25 00:48:50 Of 8 nodes total:
01/13/25 00:48:50  Done     Pre   Queued    Post   Ready   Un-Ready   Failed   Futile
01/13/25 00:48:50   ===     ===      ===     ===     ===        ===      ===      ===
01/13/25 00:48:50     4       0        3       0       0          1        0        0
01/13/25 00:48:50 0 job proc(s) currently held
01/13/25 00:48:50 DAGMan Runtime Statistics: [EventCycleTimeAvg = 0.05527430772781372; EventCycleTimeCount = 16.0; EventCycleTimeMax = 0.1625540256500244; EventCycleTimeMin = 2.813339233398438E-05; EventCycleTimeStd = 0.04643212624518134; EventCycleTimeSum = 0.8843889236450195; LogProcessCycleTimeAvg = 0.03269481658935547; LogProcessCycleTimeCount = 10.0; LogProcessCycleTimeMax = 0.06675195693969727; LogProcessCycleTimeMin = 0.01820492744445801; LogProcessCycleTimeStd = 0.01433911164563578; LogProcessCycleTimeSum = 0.3269481658935547; SleepCycleTimeAvg = 5.005109012126923; SleepCycleTimeCount = 16.0; SleepCycleTimeMax = 5.007925033569336; SleepCycleTimeMin = 5.001187086105347; SleepCycleTimeStd = 0.001255743793709978; SleepCycleTimeSum = 80.08174419403076; SubmitCycleTimeAvg = 0.0170593401964973; SubmitCycleTimeCount = 17.0; SubmitCycleTimeMax = 0.1241800785064697; SubmitCycleTimeMin = 2.86102294921875E-06; SubmitCycleTimeStd = 0.03557525166633671; SubmitCycleTimeSum = 0.2900087833404541; ]
01/13/25 00:48:55 Currently monitoring 1 HTCondor log file(s)
01/13/25 00:48:55 Event: ULOG_JOB_TERMINATED for HTCondor Node TrainRF (193.0.0) {01/13/25 00:48:54}
01/13/25 00:48:55 Number of idle job procs: 1
01/13/25 00:48:55 Node TrainRF job proc (193.0.0) completed successfully.
01/13/25 00:48:55 Node TrainRF job completed
01/13/25 00:48:55 DAG status: 0 (DAG_STATUS_OK)
01/13/25 00:48:55 Of 8 nodes total:
01/13/25 00:48:55  Done     Pre   Queued    Post   Ready   Un-Ready   Failed   Futile
01/13/25 00:48:55   ===     ===      ===     ===     ===        ===      ===      ===
01/13/25 00:48:55     5       0        2       0       0          1        0        0
01/13/25 00:48:55 0 job proc(s) currently held
01/13/25 00:48:55 DAGMan Runtime Statistics: [EventCycleTimeAvg = 0.05607682115891401; EventCycleTimeCount = 17.0; EventCycleTimeMax = 0.1625540256500244; EventCycleTimeMin = 2.813339233398438E-05; EventCycleTimeStd = 0.04507931259060044; EventCycleTimeSum = 0.9533059597015381; LogProcessCycleTimeAvg = 0.03242054852572354; LogProcessCycleTimeCount = 11.0; LogProcessCycleTimeMax = 0.06675195693969727; LogProcessCycleTimeMin = 0.01820492744445801; LogProcessCycleTimeStd = 0.01363365553274028; LogProcessCycleTimeSum = 0.356626033782959; SleepCycleTimeAvg = 5.005116827347699; SleepCycleTimeCount = 17.0; SleepCycleTimeMax = 5.007925033569336; SleepCycleTimeMin = 5.001187086105347; SleepCycleTimeStd = 0.001216295613299353; SleepCycleTimeSum = 85.08698606491089; SubmitCycleTimeAvg = 0.01611177126566569; SubmitCycleTimeCount = 18.0; SubmitCycleTimeMax = 0.1241800785064697; SubmitCycleTimeMin = 2.86102294921875E-06; SubmitCycleTimeStd = 0.0347464174055452; SubmitCycleTimeSum = 0.2900118827819824; ]
01/13/25 00:49:00 Currently monitoring 1 HTCondor log file(s)
01/13/25 00:49:00 Event: ULOG_EXECUTE for HTCondor Node TrainGB (194.0.0) {01/13/25 00:48:55}
01/13/25 00:49:00 Number of idle job procs: 0
01/13/25 00:49:20 Currently monitoring 1 HTCondor log file(s)
01/13/25 00:49:20 Event: ULOG_JOB_TERMINATED for HTCondor Node TrainGB (194.0.0) {01/13/25 00:49:19}
01/13/25 00:49:20 Number of idle job procs: 0
01/13/25 00:49:20 Node TrainGB job proc (194.0.0) completed successfully.
01/13/25 00:49:20 Node TrainGB job completed
01/13/25 00:49:20 DAG status: 0 (DAG_STATUS_OK)
01/13/25 00:49:20 Of 8 nodes total:
01/13/25 00:49:20  Done     Pre   Queued    Post   Ready   Un-Ready   Failed   Futile
01/13/25 00:49:20   ===     ===      ===     ===     ===        ===      ===      ===
01/13/25 00:49:20     6       0        1       0       1          0        0        0
01/13/25 00:49:20 0 job proc(s) currently held
01/13/25 00:49:20 DAGMan Runtime Statistics: [EventCycleTimeAvg = 0.04709516872059216; EventCycleTimeCount = 22.0; EventCycleTimeMax = 0.1625540256500244; EventCycleTimeMin = 2.694129943847656E-05; EventCycleTimeStd = 0.04448894176400787; EventCycleTimeSum = 1.036093711853027; LogProcessCycleTimeAvg = 0.03057798972496619; LogProcessCycleTimeCount = 13.0; LogProcessCycleTimeMax = 0.06675195693969727; LogProcessCycleTimeMin = 0.01746082305908203; LogProcessCycleTimeStd = 0.01328943020621143; LogProcessCycleTimeSum = 0.3975138664245605; SleepCycleTimeAvg = 5.005132241682573; SleepCycleTimeCount = 22.0; SleepCycleTimeMax = 5.007925033569336; SleepCycleTimeMin = 5.001187086105347; SleepCycleTimeStd = 0.001062796315987137; SleepCycleTimeSum = 110.1129093170166; SubmitCycleTimeAvg = 0.01260981352432914; SubmitCycleTimeCount = 23.0; SubmitCycleTimeMax = 0.1241800785064697; SubmitCycleTimeMin = 1.9073486328125E-06; SubmitCycleTimeStd = 0.03129025764030618; SubmitCycleTimeSum = 0.2900257110595703; ]
01/13/25 00:49:25 Submitting HTCondor Node Summary job(s)...
01/13/25 00:49:25 Submitting node Summary from file summary.sub using direct job submission
01/13/25 00:49:25 	assigned HTCondor ID (195.0.0)
01/13/25 00:49:25 Just submitted 1 job this cycle...
01/13/25 00:49:25 DAG status: 0 (DAG_STATUS_OK)
01/13/25 00:49:25 Of 8 nodes total:
01/13/25 00:49:25  Done     Pre   Queued    Post   Ready   Un-Ready   Failed   Futile
01/13/25 00:49:25   ===     ===      ===     ===     ===        ===      ===      ===
01/13/25 00:49:25     6       0        2       0       0          0        0        0
01/13/25 00:49:25 0 job proc(s) currently held
01/13/25 00:49:25 DAGMan Runtime Statistics: [EventCycleTimeAvg = 0.04739707449208135; EventCycleTimeCount = 23.0; EventCycleTimeMax = 0.1625540256500244; EventCycleTimeMin = 2.694129943847656E-05; EventCycleTimeStd = 0.04349017922312271; EventCycleTimeSum = 1.090132713317871; LogProcessCycleTimeAvg = 0.03057798972496619; LogProcessCycleTimeCount = 13.0; LogProcessCycleTimeMax = 0.06675195693969727; LogProcessCycleTimeMin = 0.01746082305908203; LogProcessCycleTimeStd = 0.01328943020621143; LogProcessCycleTimeSum = 0.3975138664245605; SleepCycleTimeAvg = 5.005130498305611; SleepCycleTimeCount = 23.0; SleepCycleTimeMax = 5.007925033569336; SleepCycleTimeMin = 5.001187086105347; SleepCycleTimeStd = 0.001038394612115109; SleepCycleTimeSum = 115.1180014610291; SubmitCycleTimeAvg = 0.0142572820186615; SubmitCycleTimeCount = 24.0; SubmitCycleTimeMax = 0.1241800785064697; SubmitCycleTimeMin = 1.9073486328125E-06; SubmitCycleTimeStd = 0.03164887322474505; SubmitCycleTimeSum = 0.342174768447876; ]
01/13/25 00:49:30 Currently monitoring 1 HTCondor log file(s)
01/13/25 00:49:30 Reassigning the id of job Summary from (195.0.0) to (195.0.0)
01/13/25 00:49:30 Event: ULOG_SUBMIT for HTCondor Node Summary (195.0.0) {01/13/25 00:49:25}
01/13/25 00:49:30 Number of idle job procs: 1
01/13/25 00:49:30 Event: ULOG_EXECUTE for HTCondor Node Summary (195.0.0) {01/13/25 00:49:26}
01/13/25 00:49:30 Number of idle job procs: 0
01/13/25 00:49:30 Event: ULOG_JOB_TERMINATED for HTCondor Node Summary (195.0.0) {01/13/25 00:49:26}
01/13/25 00:49:30 Number of idle job procs: 0
01/13/25 00:49:30 Node Summary job proc (195.0.0) completed successfully.
01/13/25 00:49:30 Node Summary job completed
01/13/25 00:49:30 DAG status: 0 (DAG_STATUS_OK)
01/13/25 00:49:30 Of 8 nodes total:
01/13/25 00:49:30  Done     Pre   Queued    Post   Ready   Un-Ready   Failed   Futile
01/13/25 00:49:30   ===     ===      ===     ===     ===        ===      ===      ===
01/13/25 00:49:30     7       0        1       0       0          0        0        0
01/13/25 00:49:30 0 job proc(s) currently held
01/13/25 00:49:30 DAGMan Runtime Statistics: [EventCycleTimeAvg = 0.04908998807271322; EventCycleTimeCount = 24.0; EventCycleTimeMax = 0.1625540256500244; EventCycleTimeMin = 2.694129943847656E-05; EventCycleTimeStd = 0.04333525178289892; EventCycleTimeSum = 1.178159713745117; LogProcessCycleTimeAvg = 0.03214727129255023; LogProcessCycleTimeCount = 14.0; LogProcessCycleTimeMax = 0.06675195693969727; LogProcessCycleTimeMin = 0.01746082305908203; LogProcessCycleTimeStd = 0.014053493369842; LogProcessCycleTimeSum = 0.4500617980957031; SleepCycleTimeAvg = 5.005281676848729; SleepCycleTimeCount = 24.0; SleepCycleTimeMax = 5.008758783340454; SleepCycleTimeMin = 5.001187086105347; SleepCycleTimeStd = 0.001256941209455402; SleepCycleTimeSum = 120.1267602443695; SubmitCycleTimeAvg = 0.01368711471557617; SubmitCycleTimeCount = 25.0; SubmitCycleTimeMax = 0.1241800785064697; SubmitCycleTimeMin = 1.9073486328125E-06; SubmitCycleTimeStd = 0.03111338907207809; SubmitCycleTimeSum = 0.3421778678894043; ]
01/13/25 00:49:55 Currently monitoring 1 HTCondor log file(s)
01/13/25 00:49:55 Event: ULOG_JOB_TERMINATED for HTCondor Node EDAJob (190.0.0) {01/13/25 00:49:52}
01/13/25 00:49:55 Number of idle job procs: 0
01/13/25 00:49:55 Node EDAJob job proc (190.0.0) completed successfully.
01/13/25 00:49:55 Node EDAJob job completed
01/13/25 00:49:55 DAG status: 0 (DAG_STATUS_OK)
01/13/25 00:49:55 Of 8 nodes total:
01/13/25 00:49:55  Done     Pre   Queued    Post   Ready   Un-Ready   Failed   Futile
01/13/25 00:49:55   ===     ===      ===     ===     ===        ===      ===      ===
01/13/25 00:49:55     8       0        0       0       0          0        0        0
01/13/25 00:49:55 0 job proc(s) currently held
01/13/25 00:49:55 DAGMan Runtime Statistics: [EventCycleTimeAvg = 0.04368330692422801; EventCycleTimeCount = 29.0; EventCycleTimeMax = 0.1625540256500244; EventCycleTimeMin = 2.694129943847656E-05; EventCycleTimeStd = 0.04372350731546213; EventCycleTimeSum = 1.266815900802612; LogProcessCycleTimeAvg = 0.03139651616414388; LogProcessCycleTimeCount = 15.0; LogProcessCycleTimeMax = 0.06675195693969727; LogProcessCycleTimeMin = 0.01746082305908203; LogProcessCycleTimeStd = 0.01385091995873116; LogProcessCycleTimeSum = 0.4709477424621582; SleepCycleTimeAvg = 5.005282451366556; SleepCycleTimeCount = 29.0; SleepCycleTimeMax = 5.008758783340454; SleepCycleTimeMin = 5.001187086105347; SleepCycleTimeStd = 0.001142593178308824; SleepCycleTimeSum = 145.1531910896301; SubmitCycleTimeAvg = 0.01140672365824382; SubmitCycleTimeCount = 30.0; SubmitCycleTimeMax = 0.1241800785064697; SubmitCycleTimeMin = 1.9073486328125E-06; SubmitCycleTimeStd = 0.02877562368739251; SubmitCycleTimeSum = 0.3422017097473145; ]
01/13/25 00:49:55 All jobs Completed!
01/13/25 00:49:55 Note: 0 total node deferrals because of -MaxJobs limit (0)
01/13/25 00:49:55 Note: 0 total node deferrals because of -MaxIdle limit (1000)
01/13/25 00:49:55 Note: 0 total node deferrals because of node category throttles
01/13/25 00:49:55 Note: 0 total PRE script deferrals because of -MaxPre limit (20) or DEFER
01/13/25 00:49:55 Note: 0 total POST script deferrals because of -MaxPost limit (20) or DEFER
01/13/25 00:49:55 Note: 0 total HOLD script deferrals because of -MaxHold limit (20) or DEFER
01/13/25 00:49:55 DAG status: 0 (DAG_STATUS_OK)
01/13/25 00:49:55 Of 8 nodes total:
01/13/25 00:49:55  Done     Pre   Queued    Post   Ready   Un-Ready   Failed   Futile
01/13/25 00:49:55   ===     ===      ===     ===     ===        ===      ===      ===
01/13/25 00:49:55     8       0        0       0       0          0        0        0
01/13/25 00:49:55 0 job proc(s) currently held
01/13/25 00:49:55 DAGMan Runtime Statistics: [EventCycleTimeAvg = 0.04368330692422801; EventCycleTimeCount = 29.0; EventCycleTimeMax = 0.1625540256500244; EventCycleTimeMin = 2.694129943847656E-05; EventCycleTimeStd = 0.04372350731546213; EventCycleTimeSum = 1.266815900802612; LogProcessCycleTimeAvg = 0.03139651616414388; LogProcessCycleTimeCount = 15.0; LogProcessCycleTimeMax = 0.06675195693969727; LogProcessCycleTimeMin = 0.01746082305908203; LogProcessCycleTimeStd = 0.01385091995873116; LogProcessCycleTimeSum = 0.4709477424621582; SleepCycleTimeAvg = 5.005282451366556; SleepCycleTimeCount = 29.0; SleepCycleTimeMax = 5.008758783340454; SleepCycleTimeMin = 5.001187086105347; SleepCycleTimeStd = 0.001142593178308824; SleepCycleTimeSum = 145.1531910896301; SubmitCycleTimeAvg = 0.01140672365824382; SubmitCycleTimeCount = 30.0; SubmitCycleTimeMax = 0.1241800785064697; SubmitCycleTimeMin = 1.9073486328125E-06; SubmitCycleTimeStd = 0.02877562368739251; SubmitCycleTimeSum = 0.3422017097473145; ]
01/13/25 00:49:55 Wrote metrics file dagman.dag.metrics.
01/13/25 00:49:55 DAGMan Runtime Statistics: [EventCycleTimeAvg = 0.04368330692422801; EventCycleTimeCount = 29.0; EventCycleTimeMax = 0.1625540256500244; EventCycleTimeMin = 2.694129943847656E-05; EventCycleTimeStd = 0.04372350731546213; EventCycleTimeSum = 1.266815900802612; LogProcessCycleTimeAvg = 0.03139651616414388; LogProcessCycleTimeCount = 15.0; LogProcessCycleTimeMax = 0.06675195693969727; LogProcessCycleTimeMin = 0.01746082305908203; LogProcessCycleTimeStd = 0.01385091995873116; LogProcessCycleTimeSum = 0.4709477424621582; SleepCycleTimeAvg = 5.005282451366556; SleepCycleTimeCount = 29.0; SleepCycleTimeMax = 5.008758783340454; SleepCycleTimeMin = 5.001187086105347; SleepCycleTimeStd = 0.001142593178308824; SleepCycleTimeSum = 145.1531910896301; SubmitCycleTimeAvg = 0.01140672365824382; SubmitCycleTimeCount = 30.0; SubmitCycleTimeMax = 0.1241800785064697; SubmitCycleTimeMin = 1.9073486328125E-06; SubmitCycleTimeStd = 0.02877562368739251; SubmitCycleTimeSum = 0.3422017097473145; ]
01/13/25 00:49:55 **** condor_scheduniv_exec.187.0 (condor_DAGMAN) pid 1155 EXITING WITH STATUS 0
